SysConst,AvgTime,Oxygen,,,,,,,,,,,,,,,,,,,,,,,,,,,,,,,,,,,,,,,,,,,,,,,,,,,,,,,,,,,,,,,,,,,,,,,,,,,,,,,,,,,,,,,,,,,,,,,,,,,,,,,,,,,,,,,,,,,,,,,,,,,,,,,,,,,,,,,,,,,,,,,,,,,,,,,,,,,,,,,,,,,,,,,,,,,,,
,4,21,,,,,,,,,,,,,,,,,,,,,,,,,,,,,,,,,,,,,,,,,,,,,,,,,,,,,,,,,,,,,,,,,,,,,,,,,,,,,,,,,,,,,,,,,,,,,,,,,,,,,,,,,,,,,,,,,,,,,,,,,,,,,,,,,,,,,,,,,,,,,,,,,,,,,,,,,,,,,,,,,,,,,,,,,,,,,
ChambConst,Chamber,Aperture,blc_a,blc_b,blc_c,blc_d,blc_e,blc_minS,blc_maxS,blc_Po,,,,,,,,,,,,,,,,,,,,,,,,,,,,,,,,,,,,,,,,,,,,,,,,,,,,,,,,,,,,,,,,,,,,,,,,,,,,,,,,,,,,,,,,,,,,,,,,,,,,,,,,,,,,,,,,,,,,,,,,,,,,,,,,,,,,,,,,,,,,,,,,,,,,,,,,,,,,,,,,,,,,,
,6800-01A,6 cm²,0.578,0.5229739,0.003740252,-0.06197961,-0.005608586,1,6,96.9,,,,,,,,,,,,,,,,,,,,,,,,,,,,,,,,,,,,,,,,,,,,,,,,,,,,,,,,,,,,,,,,,,,,,,,,,,,,,,,,,,,,,,,,,,,,,,,,,,,,,,,,,,,,,,,,,,,,,,,,,,,,,,,,,,,,,,,,,,,,,,,,,,,,,,,,,,,,,,,,,,,,,
LTConst,deltaTw,fT1,fT2,fTeb,,,,,,,,,,,,,,,,,,,,,,,,,,,,,,,,,,,,,,,,,,,,,,,,,,,,,,,,,,,,,,,,,,,,,,,,,,,,,,,,,,,,,,,,,,,,,,,,,,,,,,,,,,,,,,,,,,,,,,,,,,,,,,,,,,,,,,,,,,,,,,,,,,,,,,,,,,,,,,,,,,,,,,,,,,,
,0,1,0,0,,,,,,,,,,,,,,,,,,,,,,,,,,,,,,,,,,,,,,,,,,,,,,,,,,,,,,,,,,,,,,,,,,,,,,,,,,,,,,,,,,,,,,,,,,,,,,,,,,,,,,,,,,,,,,,,,,,,,,,,,,,,,,,,,,,,,,,,,,,,,,,,,,,,,,,,,,,,,,,,,,,,,,,,,,,
LQConst,Leaf,Ambient,abs_ambient,abs_redLED,abs_greenLED,abs_blueLED,abs_whiteLED,abs_redFlr,abs_blueFlr,k_ambient,k_redLED,k_greenLED,k_blueLED,k_whiteLED,k_redFlr,k_blueFlr,,,,,,,,,,,,,,,,,,,,,,,,,,,,,,,,,,,,,,,,,,,,,,,,,,,,,,,,,,,,,,,,,,,,,,,,,,,,,,,,,,,,,,,,,,,,,,,,,,,,,,,,,,,,,,,,,,,,,,,,,,,,,,,,,,,,,,,,,,,,,,,,,,,,,,,,,,,,,,,
,standard,Sun+Sky,0.49,0.84,0.7,0.87,0.75,0.84,0.87,0.39,0.18,0.23,0.26,0.21,0.19,0.25,,,,,,,,,,,,,,,,,,,,,,,,,,,,,,,,,,,,,,,,,,,,,,,,,,,,,,,,,,,,,,,,,,,,,,,,,,,,,,,,,,,,,,,,,,,,,,,,,,,,,,,,,,,,,,,,,,,,,,,,,,,,,,,,,,,,,,,,,,,,,,,,,,,,,,,,,,,,,,,
QConst,fQ_Amb_in,fQ_Amb_out,fQ_HeadLS,fQ_ConsoleLS,fQ_Flr,,,,,,,,,,,,,,,,,,,,,,,,,,,,,,,,,,,,,,,,,,,,,,,,,,,,,,,,,,,,,,,,,,,,,,,,,,,,,,,,,,,,,,,,,,,,,,,,,,,,,,,,,,,,,,,,,,,,,,,,,,,,,,,,,,,,,,,,,,,,,,,,,,,,,,,,,,,,,,,,,,,,,,,,,,
,0,0,0,0,1,,,,,,,,,,,,,,,,,,,,,,,,,,,,,,,,,,,,,,,,,,,,,,,,,,,,,,,,,,,,,,,,,,,,,,,,,,,,,,,,,,,,,,,,,,,,,,,,,,,,,,,,,,,,,,,,,,,,,,,,,,,,,,,,,,,,,,,,,,,,,,,,,,,,,,,,,,,,,,,,,,,,,,,,,,
LeakConst,fan_a,fan_b,fan_c,fan_d,Fs_meas,Fs_true,leak_wt,,,,,,,,,,,,,,,,,,,,,,,,,,,,,,,,,,,,,,,,,,,,,,,,,,,,,,,,,,,,,,,,,,,,,,,,,,,,,,,,,,,,,,,,,,,,,,,,,,,,,,,,,,,,,,,,,,,,,,,,,,,,,,,,,,,,,,,,,,,,,,,,,,,,,,,,,,,,,,,,,,,,,,,,
,-6276,6.6,0.00001709,3.11,0.559651 69.3065 362.522 621.23 880.786 1076.97 1311.83 1494.79,0.0728869 101.599 403.007 601.044 801.09 1001.61 1201.36 1400.48,0,,,,,,,,,,,,,,,,,,,,,,,,,,,,,,,,,,,,,,,,,,,,,,,,,,,,,,,,,,,,,,,,,,,,,,,,,,,,,,,,,,,,,,,,,,,,,,,,,,,,,,,,,,,,,,,,,,,,,,,,,,,,,,,,,,,,,,,,,,,,,,,,,,,,,,,,,,,,,,,,,,,,,,,,
Sys,Sys,Sys,Sys,Sys,UserDefCon,UserDefCon,UserDefCon,UserDefCon,GasEx,GasEx,GasEx,GasEx,GasEx,GasEx,GasEx,GasEx,GasEx,GasEx,GasEx,GasEx,GasEx,GasEx,GasEx,GasEx,GasEx,GasEx,GasEx,GasEx,GasEx,GasEx,GasEx,Leak,Leak,Leak,Leak,Leak,FLR,FLR,FLR,FLR,FLR,FLR,FLR,FLR,FLR,FLR,FLR,FLR,FLR,FLR,FLR,FLR,FLR,FLR,FLR,FLR,FLR,FLR,FLR,FLR,FLR,FLR,FLR,FLR,LeafQ,LeafQ,LeafQ,LeafQ,Const,Const,Const,Const,Meas,Meas,Meas,Meas,Meas,Meas,Meas,Meas,Meas,Meas,Meas,Meas,Meas,Meas,Meas,Meas,Meas,Meas,FlrLS,FlrLS,FlrLS,FlrLS,FlrLS,FlrLS,FlrLS,FlrLS,FlrLS,FlrLS,FlrLS,FlrLS,FlrLS,FlrLS,FlrLS,FlrLS,FlrLS,FlrLS,FlrStats,FlrStats,FlrStats,FlrStats,FlrStats,MchEvent,MchEvent,MchEvent,MchEvent,MchEvent,MchEvent,MchEvent,MchEvent,MchEvent,MchEvent,MchEvent,MchEvent,MchEvent,Stability,Stability,Stability,Stability,Stability,Stability,Stability,Stability,Stability,Stability,Stability,Stability,Stability,Stability,Stability,MchStatus,MchStatus,MchStatus,MchStatus,MchStatus,MchStatus,MchStatus,MchStatus,MchStatus,MchStatus,MchStatus,MchStatus,MchStatus,MchStatus,MchStatus,MchStatus,MchStatus,MchStatus,Status,Status,Status,Status,Status,Status,Status,Status,Status,Status,Status,Status,Status,Status,Status,Status
obs,time,elapsed,date,hhmmss,BLOCK,SUB-BLOCK,VINE,LEAF,TIME,E,A,Ca,Ci,Pci,Pca,gsw,gbw,gtw,gtc,Rabs,TleafEB,TleafCnd,SVPleaf,RHcham,VPcham,SVPcham,VPDleaf,LatHFlux,SenHFlux,NetTherm,EBSum,Leak,LeakPct,CorrFact,CorrFactPct,Fan,DarkAdaptedID,Qmax_d,Fo,Fm,Fv,Fv/Fm,Adark,LightAdaptedID,Qmax,Fs,Fm',PhiPS2,PS2/1,Qabs_fs,Afs,ETR,Fv'/Fm',PhiCO2,NPQ,DarkPulseID,Fo',Fv',qP,qN,qP_Fo,qN_Fo,qL,1-qL,Qin,Qabs,alpha,convert,S,K,Geometry,Custom,TIME,CO2_s,CO2_r,H2O_s,H2O_r,CO2_a,H2O_a,Flow,Pa,ΔPcham,Tair,Tleaf,Tleaf2,Offset,Offset2,Fan_speed,Qamb_in,Qamb_out,Q,f_red,f_blue,f_farred,F,Q_modavg,F_dc,Pc,Tled,TDigital,TPreamp,TPwrSpy,TDrive,Q_red,Q_blue,Q_farred,TSPF,state,F_avg,dF/dt,dF_dc/dt,F_dc_avg,period,time,hhmmss,co2_t,h2o_t,count,co2_adj,h2o_adj,co2_match,h2o_match,co2_at,h2o_at,co2_cv,h2o_cv,A:MN,A:SLP,A:SD,A:OK,ΔCO2:MN,ΔCO2:SLP,ΔCO2:SD,ΔCO2:OK,ΔH2O:MN,ΔH2O:SLP,ΔH2O:SD,ΔH2O:OK,Stable,Total,State,MatchValveR,MatchValveS,MatchCO2,MatchH2O,cf_co2_a,cf_co2_b,cf_co2_c,cf_co2_d,cf_h2o_a,cf_h2o_b,cf_h2o_c,cf_h2o_d,co2_fit_low,co2_fit_high,h2o_fit_low,h2o_fit_high,co2_elapsed,h2o_elapsed,DIAG,Flow_s,Flow_r,Txchg,Tirga,Tchopper,Ts,Tr,CO2_%,Desiccant_%,Humidifier_%,Txchg_sp,CO2_r_sp,H2O_r_sp,SS_s,SS_r
,s,s,,,,,,,s,mol m⁻² s⁻¹,µmol m⁻² s⁻¹,µmol mol⁻¹,µmol mol⁻¹,Pa,Pa,mol m⁻² s⁻¹,mol m⁻² s⁻¹,mol m⁻² s⁻¹,mol m⁻² s⁻¹,W m⁻²,°C,°C,kPa,%,kPa,kPa,kPa,W m⁻²,W m⁻²,W m⁻²,W m⁻²,µmol s⁻¹,%,,%,µmol s⁻¹,,,,,,,µmol m⁻² s⁻¹,,,,,,,µmol m⁻² s⁻¹,µmol m⁻² s⁻¹,µmol m⁻² s⁻¹,,µmol µmol⁻¹,,,,,,,,,,,µmol m⁻² s⁻¹,µmol m⁻² s⁻¹,,J/µmol,cm²,,,mol m⁻² s⁻¹,s,µmol mol⁻¹,µmol mol⁻¹,mmol mol⁻¹,mmol mol⁻¹,µmol mol⁻¹,mmol mol⁻¹,µmol s⁻¹,kPa,kPa,°C,°C,°C,°C,°C,rpm,µmol m⁻² s⁻¹,µmol m⁻² s⁻¹,µmol m⁻² s⁻¹,,,,,µmol m⁻² s⁻¹,,,°C,°C,°C,°C,°C,µmol m⁻² s⁻¹,µmol m⁻² s⁻¹,µmol m⁻² s⁻¹,s,,,min⁻¹,min⁻¹,,s,secs,,s,s,,µmol/mol,mmol/mol,µmol/mol,mmol/mol,µmol/mol,mmol/mol,%,%,µmol m⁻² s⁻¹,µmol m⁻² s⁻¹ min⁻¹,µmol m⁻² s⁻¹,,µmol mol⁻¹,µmol mol⁻¹ min⁻¹,µmol mol⁻¹,,mmol mol⁻¹,mmol mol⁻¹ min⁻¹,mmol mol⁻¹,,,,,%,%,µmol/mol,mmol/mol,mmol/mol,,,,mmol/mol,,,,µmol mol⁻¹,µmol mol⁻¹,mmol mol⁻¹,mmol mol⁻¹,min,min,,µmol s⁻¹,µmol s⁻¹,°C,°C,°C,°C,°C,%,%,%,°C,µmol mol⁻¹,mmol mol⁻¹,%,%
1,1625657897,0,20210707 04:38:16,4:38:16,B1R1,_NE,_5.3,_1,1625657889,0.00068224,-0.513874999,400.2804667,409.2410554,41.33163137,40.42664946,0.042742117,2.945036388,0.042400465,0.026530759,0.001994701,24.68768149,23.53720667,2.912719264,41.90528266,1.321725416,3.154078274,1.590993848,-30.08676235,210.735435,15.01448346,195.6651508,20,4,1,0,53725.89058,RECT-1-20210707-04_38_21,15338.6,779.4146154,3589.33,2809.915385,0.782852339,-0.513874999,-,-,0,0,#DIV/0!,0.5,0.0209979,-0.513874999,#DIV/0!,#DIV/0!,9.03E-12,#DIV/0!,-,0,0,#DIV/0!,1,0,1.277380102,#DIV/0!,#DIV/0!,0.0499975,0.0209979,0.419979,0.09499525,6,0.5,0: Broadleaf,2,1625657889,400.2804667,399.9916667,13.08693333,12.27936667,401.8382667,12.76696,500.2517667,100.7958333,0.199975433,24.86448333,23.53720667,999.9,0,0,10008.89467,0,0.22243,0.0499975,0,0,0,779.3123333,0.0499975,-13.491,-2.073333333,33.49363333,37.4643,35.88526667,37.4308,36.0725,0,0,0,1625657900,0,779.4146154,5.674529878,-9.156923124,-13.45846154,15,1625655481,3:58:01,1625655481,1625655474,1,-0.442,0.085,-1.558,0.32,400,21,0.22,0.1,-0.513021177,0.139730224,0.027681466,1,0.288872333,-0.149306803,0.03384381,1,0.807562667,-0.039965526,0.004061321,1,3,3,3-Mar,100,100,-1.557,0.32,-1.557809524,0,0,0,0.31996,0,0,0,-1,-1,-1,-1,40.3,40.4,2,463.979,563.395,24.5122,23.7687,29.999,23.7277,23.7043,22.545,37.8621,81.9806,-999.9,400,12.3356,100.877,100.802
2,1625658115,218.5,20210707 04:41:55,4:41:55,B1R1,_NE,_5.3,_2,1625658107,0.000664908,-0.269420554,399.9335,400.0888309,40.40418757,40.388501,0.035741905,2.942735984,0.035502475,0.022210425,0.001994701,24.14126362,22.48558667,2.733115203,28.68889712,0.875553665,3.051890288,1.857561538,-29.32243881,290.0380021,20.5140832,281.2316412,31,6,1,0,53757.76014,RECT-2-20210707-04_42_00,15370.4,748.5952,3950.6,3202.0048,0.810511011,-0.269420554,-,-,0,0,#DIV/0!,0.5,0.0209979,-0.269420554,#DIV/0!,#DIV/0!,2.24E-12,#DIV/0!,-,0,0,#DIV/0!,1,0,1.233789531,#DIV/0!,#DIV/0!,0.0499975,0.0209979,0.419979,0.09499525,6,0.5,0: Broadleaf,2,1625658107,399.9335,399.9293,8.669874667,7.879265667,401.4913,8.349914667,500.2295,100.7880667,0.1999751,24.31376333,22.48558667,999.9,0,0,9996.582,0,0.2261372,0.0499975,0,0,0,748.7083333,0.0499975,-15.19166667,-2.170666667,33.2206,37.18286667,35.5998,37.2206,35.79553333,0,0,0,217.3,0,748.5952,0.677692241,4.843846226,-14.8604,15,1625655481,3:58:01,1625655481,1625655474,1,-0.442,0.085,-1.558,0.32,400,21,0.22,0.1,-0.259282201,-0.226279133,0.040369994,1,-0.000335692,0.145930355,0.043779572,1,0.790723933,0.061764627,0.010743098,1,3,3,3-Mar,100,100,-1.558,0.32,-1.557809524,0,0,0,0.31996,0,0,0,-1,-1,-1,-1,43.9,44,2,449.322,558.803,23.9389,23.2703,29.9995,23.2723,23.2686,22.4896,52.3727,68.26,-999.9,400,8.22586,100.982,100.919
3,1625658319,422.5,20210707 04:45:19,4:45:19,B1R1,_NE,_5.12,_1,1625658311,0.000614552,-0.094562993,399.8074333,393.6384297,39.74763052,40.37054551,0.038951616,2.94336211,0.038667497,0.02419254,0.001994701,23.60938191,22.12328667,2.673524072,37.19751719,1.098680428,2.953639143,1.574843644,-27.10174173,261.1211084,18.38021384,252.4015752,15,3,1,0,53874.57957,RECT-3-20210707-04_45_24,15266.9,870.6380769,4954.69,4084.051923,0.82428001,-0.094562993,-,-,0,0,#DIV/0!,0.5,0.0209979,-0.094562993,#DIV/0!,#DIV/0!,1.35E-11,#DIV/0!,-,0,0,#DIV/0!,1,0,1.213179973,#DIV/0!,#DIV/0!,0.0499975,0.0209979,0.419979,0.09499525,6,0.5,0: Broadleaf,2,1625658311,399.8074333,399.9887,10.88072,10.15168667,401.3652333,10.56074667,500.2777,100.775,0.1999748,23.76884333,22.12328667,999.9,0,0,10001.43867,0,0.22243,0.0499975,0,0,0,870.9456667,0.0499975,-15.368,-2.096,33.00406667,36.9622,35.37893333,37.033,35.56213333,0,0,0,202.7,0,870.6380769,-35.65025637,-1.206495802,-15.30192308,15,1625655481,3:58:01,1625655481,1625655474,1,-0.442,0.085,-1.558,0.32,400,21,0.22,0.1,-0.095809878,0.074381754,0.023704977,1,-0.181130933,-0.02611782,0.025876189,1,0.732054067,-0.305617869,0.026149486,1,3,3,3-Mar,100,100,-1.558,0.3199,-1.557809524,0,0,0,0.31996,0,0,0,-1,-1,-1,-1,47.3,47.4,2,469.541,563.236,23.4074,22.9054,29.9993,22.909,22.9008,22.5226,40.3259,61.778,-999.9,400,10.268,101.036,100.981
4,1625658529,632.5,20210707 04:48:49,4:48:49,B1R1,_NE,_5.12,_2,1625658521,0.000528668,-0.173674939,399.8880323,397.7874306,40.16851143,40.38062985,0.028447837,2.943487672,0.028295974,0.01769856,0.001994701,23.11761571,22.19101613,2.684576998,29.01199038,0.830760532,2.863507539,1.853816466,-23.31423859,168.8162447,11.85549257,157.3594934,14,3,1,0,53971.85607,RECT-4-20210707-04_48_54,15286,789.204,4074.66,3285.456,0.806314146,-0.173674939,-,-,0,0,#DIV/0!,0.5,0.0209979,-0.173674939,#DIV/0!,#DIV/0!,3.61E-11,#DIV/0!,-,0,0,#DIV/0!,1,0,1.240211404,#DIV/0!,#DIV/0!,0.0499975,0.0209979,0.419979,0.09499525,6,0.5,0: Broadleaf,2,1625658521,399.8880323,399.9332903,8.226993871,7.598109355,401.4458065,7.907034516,500.2363871,100.779871,0.199969871,23.25483226,22.19101613,999.9,0,0,10001.66935,0,0.22243,0.0499975,0,0,0,789.2119355,0.0499975,-16.58387097,-2.336129032,32.69309677,36.687,35.11687097,36.62287097,35.254,0,0,0,209.1000001,0,789.204,-1.284615489,-2.641538506,-16.6764,15,1625655481,3:58:01,1625655481,1625655474,1,-0.442,0.085,-1.558,0.32,400,21,0.22,0.1,-0.175047089,0.115002154,0.021441319,1,-0.045246366,0.138546637,0.022955493,1,0.6301447,-0.595626527,0.045947172,1,3,3,3-Mar,100,100,-1.558,0.32,-1.557809524,0,0,0,0.31996,0,0,0,-1,-1,-1,-1,50.8,50.9,2,470.521,557.938,22.8993,22.5087,29.9992,22.515,22.5057,22.4876,48.0351,50.8184,-999.9,400,7.95205,101.106,101.056
5,1625658735,838,20210707 04:52:14,4:52:14,B2R1,_NE,_5.7,_1,1625658727,0.000656149,-0.103902353,399.7684516,392.7004053,39.64815906,40.36176928,0.035536291,2.942673295,0.035299592,0.02208338,0.001994701,22.57506496,21.20957097,2.528258599,24.54073137,0.681391652,2.776574349,1.846866947,-28.93615757,243.6639857,16.98752929,231.7173521,43,9,1,0,54040.42909,RECT-5-20210707-04_52_19,15269.3,832.7492308,4779.26,3946.510769,0.825757705,-0.103902353,-,-,0,0,#DIV/0!,0.5,0.0209979,-0.103902353,#DIV/0!,#DIV/0!,2.27E-12,#DIV/0!,-,0,0,#DIV/0!,1,0,1.211008985,#DIV/0!,#DIV/0!,0.0499975,0.0209979,0.419979,0.09499525,6,0.5,0: Broadleaf,2,1625658727,399.7684516,399.9584516,6.748933226,5.967223548,401.3261935,6.428973226,500.2269355,100.762871,0.19999671,22.74547419,21.20957097,999.9,0,0,9998.725161,0,0.22243,0.0499975,0,0,0,832.6877419,0.0499975,-18.04451613,-2.494516129,32.23774194,36.19512903,34.663,36.12887097,34.76793548,0,0,0,204.7,0,832.7492308,3.329914487,-6.077606879,-17.97038462,15,1625655481,3:58:01,1625655481,1625655474,1,-0.442,0.085,-1.558,0.32,400,21,0.22,0.1,-0.102273215,0.02324716,0.017020731,1,-0.187795,0.276137006,0.03008315,1,0.777550833,-0.679422621,0.051165936,1,3,3,3-Mar,100,100,-1.558,0.32,-1.557809524,0,0,0,0.31996,0,0,0,-1,-1,-1,-1,54.2,54.4,2,433.02,555.667,22.3365,22.1153,29.9996,22.1354,22.1318,22.4593,54.7671,41.9662,-999.9,400,6.28664,101.17,101.123
6,1625658924,1027,20210707 04:55:23,4:55:23,B2R1,_NE,_5.7,_2,1625658916,0.000518753,0.040880459,399.6533667,385.7010461,38.94279476,40.35150849,0.028175518,2.943505722,0.02802654,0.017529907,0.001994701,22.38908554,21.64335333,2.596337255,27.69029843,0.758566496,2.73946667,1.837770759,-22.877001,139.7172705,9.748380778,126.590645,61,12,1,0,54105.60019,RECT-6-20210707-04_55_28,15313,793.3256,4548.81,3755.4844,0.825597112,0.040880459,-,-,0,0,#DIV/0!,0.5,0.0209979,0.040880459,#DIV/0!,#DIV/0!,4.51E-12,#DIV/0!,-,0,0,#DIV/0!,1,0,1.211244547,#DIV/0!,#DIV/0!,0.0499975,0.0209979,0.419979,0.09499525,6,0.5,0: Broadleaf,2,1625658916,399.6533667,399.9510667,7.513068667,6.895537,401.2112,7.193108333,500.2387333,100.7662667,0.200000233,22.52379333,21.64335333,999.9,0,0,10003.12233,0,0.2654327,0.0499975,0,0,0,793.2956667,0.0499975,-18.68866667,-2.603,32.07886667,36.05786667,34.479,36.02066667,34.58293333,0,0,0,187.5,0,793.3256,-10.25538472,-4.282307805,-18.9272,15,1625655481,3:58:01,1625655481,1625655474,1,-0.442,0.085,-1.558,0.32,400,21,0.22,0.1,0.03924311,0.099078695,0.031896821,1,-0.297703,0.190314234,0.035857853,1,0.617531033,-0.611105059,0.046550424,1,3,3,3-Mar,100,100,-1.558,0.32,-1.557809524,0,0,0,0.31996,0,0,0,-1,-1,-1,-1,57.4,57.5,2,409.705,558.484,22.0506,21.8799,29.9998,21.8865,21.8814,22.4748,47.4017,34.9273,-999.9,400,7.15492,101.201,101.159
7,1625659150,1253.4,20210707 04:59:10,4:59:10,B2R2,_NE,_5.4,_1,1625659142,0.000681056,-0.01317868,399.5945667,388.2939274,39.20377368,40.34473333,0.036333196,2.941710523,0.036085723,0.02257567,0.001994701,21.79048263,20.28183,2.387881777,19.2466265,0.509699366,2.648253011,1.878182411,-30.03458015,267.3373586,18.48284596,255.7876191,23,5,1,0,54154.53484,RECT-7-20210707-04_59_15,15295.3,854.065,4460.89,3606.825,0.808543811,-0.01317868,-,-,0,0,#DIV/0!,0.5,0.0209979,-0.01317868,#DIV/0!,#DIV/0!,-1.58E-11,#DIV/0!,-,0,0,#DIV/0!,1,0,1.236791361,#DIV/0!,#DIV/0!,0.0499975,0.0209979,0.419979,0.09499525,6,0.5,0: Broadleaf,2,1625659142,399.5945667,399.9052,5.048319333,4.235512333,401.1524,4.728359,500.2058667,100.7641667,0.200002267,21.96750667,20.28183,999.9,0,0,9993.123,0,0.355146233,0.0499975,0,0,0,854.0233333,0.0499975,-18.916,-2.531,31.7914,35.812,34.23116667,35.77273333,34.30166667,0,0,0,225.1000001,0,854.065,-9.807521407,2.402393217,-18.93961538,15,1625655481,3:58:01,1625655481,1625655474,1,-0.442,0.085,-1.558,0.32,400,21,0.22,0.1,-0.004234813,-0.834149184,0.07080714,0,-0.310570233,1.391949517,0.107911494,0,0.812806767,-0.886163426,0.066366529,1,1,3,3-Jan,100,100,-1.558,0.32,-1.557809524,0,0,0,0.31996,0,0,0,-1,-1,-1,-1,61.1,61.3,2,458.772,552.19,21.558,21.6862,30.0001,21.6679,21.6519,22.438,59.0573,25.9659,-999.9,400,4.82025,101.222,101.195
8,1625659334,1436.9,20210707 05:02:13,5:02:13,B2R2,_NE,_5.4,_2,1625659326,0.000549375,-0.010661196,399.6680968,388.3711261,39.21257879,40.35319745,0.029286148,2.941008023,0.029125094,0.01821758,0.001994701,21.66201627,20.26097097,2.384805725,19.35812794,0.507587743,2.622091065,1.877217982,-24.22745302,244.7919829,16.91231381,237.4788384,17,3,1,0,54163.70129,RECT-8-20210707-05_02_18,15418.8,773.2848,4044.54,3271.2552,0.808807726,-0.010661196,-,-,0,0,#DIV/0!,0.5,0.0209979,-0.010661196,#DIV/0!,#DIV/0!,-1.13E-11,#DIV/0!,-,0,0,#DIV/0!,1,0,1.236387794,#DIV/0!,#DIV/0!,0.0499975,0.0209979,0.419979,0.09499525,6,0.5,0: Broadleaf,2,1625659326,399.6680968,399.9186774,5.027275161,4.371619677,401.2259677,4.707314839,500.2140645,100.7667742,0.199997419,21.80485806,20.26097097,999.9,0,0,9988.871935,0,0.22243,0.0499975,0,0,0,773.6287097,0.0499975,-20.28548387,-2.567741935,31.58441935,35.683,34.01393548,35.54003226,34.09254839,0,0,0,182.7,0,773.2848,-1.458461476,-3.053076848,-20.0236,15,1625655481,3:58:01,1625655481,1625655474,1,-0.442,0.085,-1.558,0.32,400,21,0.22,0.1,-0.00726768,-0.171690711,0.027858282,1,-0.251911367,0.473116432,0.044452761,1,0.6577225,-0.744701286,0.055665377,1,3,3,3-Mar,100,100,-1.558,0.32,-1.557809524,0,0,0,0.31996,0,0,0,-1,-1,-1,-1,64.2,64.3,2,466.692,552.89,21.3428,21.5389,29.9996,21.5118,21.4944,22.4369,55.789,16.3577,-999.9,400,4.86367,101.251,101.226
9,1625659457,1559.9,20210707 05:04:16,5:04:16,B2R2,_NE,_5.12,_1,1625659449,0.000356956,0.022182826,399.6747,385.7400318,38.94876704,40.35577202,0.01869895,2.945307572,0.018633247,0.011651663,0.001994701,21.41691475,20.48087333,2.417409716,19.8493116,0.511155254,2.575178747,1.906254462,-15.74175795,163.3509723,11.2648268,158.8760359,73,15,1,0,54345.39682,RECT-9-20210707-05_04_21,15456.5,706.6112,3265.9,2559.2888,0.783639671,0.022182826,-,-,0,0,#DIV/0!,0.5,0.0209979,0.022182826,#DIV/0!,#DIV/0!,-1.35E-11,#DIV/0!,-,0,0,#DIV/0!,1,0,1.276096703,#DIV/0!,#DIV/0!,0.0499975,0.0209979,0.419979,0.09499525,6,0.5,0: Broadleaf,2,1625659449,399.6747,399.8724333,5.062369333,4.636375,401.2325,4.742409333,500.2164,100.7715667,0.1999785,21.50961333,20.48087333,999.9,0,0,10012.84833,0,0.22243,0.0499975,0,0,0,706.495,0.0499975,-21.097,-2.866,31.47066667,35.479,33.86226667,35.39966667,33.958,0,0,0,121.9000001,0,706.6112,1.958461596,-5.899999907,-21.1304,15,1625655481,3:58:01,1625655481,1625655474,1,-0.442,0.085,-1.558,0.32,400,21,0.22,0.1,0.015033846,0.373381466,0.031063545,1,-0.1987884,0.151522278,0.025090882,1,0.438592533,-1.534370509,0.120734548,0,2,3,3-Feb,100,100,-1.558,0.32,-1.557809524,0,0,0,0.31996,0,0,0,-1,-1,-1,-1,66.3,66.4,2,394.622,554.837,21.1304,21.4154,29.9996,21.4016,21.3861,22.441,50.9153,11.1455,-999.9,400,5.2626,101.273,101.255
10,1625659673,1776.4,20210707 05:07:53,5:07:53,B2R2,_NE,_5.12,_2,1625659665,0.000910829,-0.044311342,399.5654,389.2881277,39.30704153,40.34475407,0.049422979,2.942990723,0.048966475,0.030644711,0.001994701,21.02254353,19.98501667,2.344436674,19.42609815,0.492642848,2.535984553,1.851793825,-40.16756372,202.1825862,13.90063403,175.9176512,27,5,1,0,54322.95807,RECT-11-20210707-05_07_58,15332.4,810.764,4356.19,3545.426,0.813882315,-0.044311342,-,-,0,0,#DIV/0!,0.5,0.0209979,-0.044311342,#DIV/0!,#DIV/0!,-2.26E-12,#DIV/0!,-,0,0,#DIV/0!,1,0,1.228678867,#DIV/0!,#DIV/0!,0.0499975,0.0209979,0.419979,0.09499525,6,0.5,0: Broadleaf,2,1625659665,399.5654,399.9488,4.879024333,3.791785667,401.1232,4.559064333,500.1947667,100.7715667,0.200024133,21.25931,19.98501667,999.9,0,0,9999.667333,0,0.22243,0.0499975,0,0,0,811.1166667,0.0499975,-21.49333333,-2.785333333,31.27486667,35.2748,33.68706667,35.2332,33.75826667,0,0,0,144.1000001,0,810.764,-26.50153847,5.618461459,-21.514,15,1625655481,3:58:01,1625655481,1625655474,1,-0.442,0.085,-1.558,0.32,400,21,0.22,0.1,-0.042430949,-0.360585585,0.029682565,1,-0.3833385,0.752309313,0.057400419,1,1.087239367,-0.877603996,0.063724658,1,3,3,3-Mar,100,100,-1.558,0.32,-1.557809524,0,0,0,0.31996,0,0,0,-1,-1,-1,-1,69.9,70,2,454.08,554.307,20.8121,21.0824,29.9993,21.0978,21.0884,22.4286,58.3994,2.77874,-999.9,400,4.16837,101.332,101.327
11,1625659869,1972.4,20210707 05:11:09,5:11:09,B3R2,_NW,_5.13,_1,1625659861,0.000401814,0.221451742,399.4395161,371.1612222,37.4794779,40.33499089,0.021363108,2.942248969,0.021277308,0.013305998,0.001994701,20.81782805,20.02410323,2.35011795,18.91245773,0.469793354,2.484041795,1.880324596,-17.72000704,142.4773116,9.783267094,134.5425664,76,15,1,0,54363.40148,RECT-12-20210707-05_11_14,15407.1,791.6507692,4409.73,3618.079231,0.820476363,0.221451742,-,-,0,0,#DIV/0!,0.5,0.0209979,0.221451742,#DIV/0!,#DIV/0!,1.36E-11,#DIV/0!,-,0,0,#DIV/0!,1,0,1.218804155,#DIV/0!,#DIV/0!,0.0499975,0.0209979,0.419979,0.09499525,6,0.5,0: Broadleaf,2,1625659861,399.4395161,399.8976774,4.652388065,4.172644194,400.9974516,4.332428065,500.1979355,100.7789355,0.200034452,20.92231935,20.02410323,999.9,0,0,9994.719032,0,2.094694839,0.0499975,0,0,0,791.5441935,0.0499975,-22.83419355,-3.039677419,30.98567742,35.11280645,33.43306452,35.01,33.45935484,0,0,0,194.5,0,791.6507692,-12.12034175,-10.47179492,-23.00461538,15,1625655481,3:58:01,1625655481,1625655474,1,-0.442,0.085,-1.558,0.32,400,21,0.22,0.1,0.222834105,0.144141234,0.022592643,1,-0.4557424,0.270894434,0.028144031,1,0.473709067,-0.996400231,0.075706836,1,3,3,3-Mar,100,100,-1.558,0.32,-1.557809524,0,0,0,0.31996,0,0,0,-1,-1,-1,-1,73.1,73.3,2,389.637,556.901,20.5092,20.764,29.9997,20.7893,20.7832,22.4331,53.8467,0,-999.9,400,4.64396,101.385,101.381
12,1625660052,2154.9,20210707 05:14:11,5:14:11,B3R2,_NW,_5.13,_2,1625660044,0.000772698,0.074290798,399.4817333,384.733006,38.85025607,40.33957937,0.041200235,2.94368687,0.040882544,0.025579929,0.001994701,20.56483441,19.5241,2.278344014,16.05732631,0.395045843,2.460221802,1.883298171,-34.07598342,197.0440938,13.47820399,176.4483091,52,10,1,0,54435.07886,RECT-13-20210707-05_14_16,15376.5,813.462,3692.29,2878.828,0.779686319,0.074290798,-,-,0,0,#DIV/0!,0.5,0.0209979,0.074290798,#DIV/0!,#DIV/0!,9.03E-12,#DIV/0!,-,0,0,#DIV/0!,1,0,1.282567072,#DIV/0!,#DIV/0!,0.0499975,0.0209979,0.419979,0.09499525,6,0.5,0: Broadleaf,2,1625660044,399.4817333,399.9411,3.912128,2.988913333,401.0396667,3.592168,500.2142,100.7798,0.199984567,20.76571333,19.5241,999.9,0,0,10002.80933,0,0.233551333,0.0499975,0,0,0,813.3146667,0.0499975,-22.85333333,-2.952666667,30.83106667,35.02893333,33.27893333,34.91426667,33.33313333,0,0,0,181.3000002,0,813.462,-2.839999949,7.359230746,-23.022,15,1625655481,3:58:01,1625655481,1625655474,1,-0.442,0.085,-1.558,0.32,400,21,0.22,0.1,0.068674946,0.534876204,0.05126346,0,-0.462271167,0.168179907,0.031048797,1,0.938726667,-1.895439858,0.145477702,0,1,3,3-Jan,100,100,-1.558,0.32,-1.557809524,0,0,0,0.31996,0,0,0,-1,-1,-1,-1,76.2,76.3,2,421.12,554.486,20.3214,20.5983,30,20.6059,20.6008,22.4048,62.8988,0,-999.9,400,3.57323,101.406,101.418
13,1625660275,2378.4,20210707 05:17:55,5:17:55,B1R3,_NW,_5.6,_1,1625660267,0.000491143,-0.111970184,399.8190667,394.7474576,39.85369663,40.3657262,0.02634481,2.944123019,0.026214543,0.016395739,0.001994701,20.47434869,19.74433667,2.309718021,18.22906315,0.443975833,2.435538402,1.865742188,-21.65941432,136.1350813,9.313200492,123.7908622,29,6,1,0,54477.94355,RECT-14-20210707-05_18_00,15319.9,769.9136,4362.7,3592.7864,0.823523598,-0.111970184,-,-,0,0,#DIV/0!,0.5,0.0209979,-0.111970184,#DIV/0!,#DIV/0!,-1.35E-11,#DIV/0!,-,0,0,#DIV/0!,1,0,1.214294287,#DIV/0!,#DIV/0!,0.0499975,0.0209979,0.419979,0.09499525,6,0.5,0: Broadleaf,2,1625660267,399.8190667,399.9203,4.397542667,3.811020667,401.3767333,4.077582333,500.2199667,100.76,0.199983067,20.60202333,19.74433667,999.9,0,0,10007.25633,0,0.229844133,0.0499975,0,0,0,770.1513333,0.0499975,-23.458,-3.124333333,30.68293333,34.875,33.12913333,34.80786667,33.1788,0,0,0,222.5,0,769.9136,-11.83769222,2.902307695,-23.0872,15,1625655481,3:58:01,1625655481,1625655474,1,-0.442,0.085,-1.558,0.32,400,21,0.22,0.1,-0.124348626,0.794725598,0.071686253,0,-0.101276642,-0.235694874,0.041904452,1,0.586522033,-1.367282323,0.100601164,0,1,3,3-Jan,100,100,-1.558,0.32,-1.557809524,0,0,0,0.31996,0,0,0,-1,-1,-1,-1,79.9,80,2,451.337,552.527,20.1589,20.6772,29.9999,20.6216,20.5933,22.414,56.8741,0,-999.9,400,4.26691,101.376,101.379
14,1625660417,2520.4,20210707 05:20:17,5:20:17,B1R3,_NW,_5.6,_2,1625660409,0.000325842,0.341304172,399.3727,356.288072,35.97024293,40.31999432,0.017294923,2.941592795,0.01723863,0.010779186,0.001994701,20.47398608,19.11867,2.221563702,13.89222673,0.337449192,2.429050425,1.88411451,-14.36963706,228.3792413,15.58380037,229.5953993,54,11,1,0,54410.79168,RECT-15-20210707-05_20_22,15309.8,919.2161538,4625.83,3706.613846,0.801286222,0.341304172,-,-,0,0,#DIV/0!,0.5,0.0209979,0.341304172,#DIV/0!,#DIV/0!,1.59E-14,#DIV/0!,-,0,0,#DIV/0!,1,0,1.247993504,#DIV/0!,#DIV/0!,0.0499975,0.0209979,0.419979,0.09499525,6,0.5,0: Broadleaf,2,1625660409,399.3727,399.9382,3.342460667,2.952911333,400.9305333,3.022500333,500.198,100.7583333,0.199980333,20.55875667,19.11867,999.9,0,0,9993.032333,0,0.22243,0.0499975,0,0,0,919.0963333,0.0499975,-23.832,-3.020666667,30.56206667,34.75,33.0082,34.625,33.0662,0,0,0,141.0999999,0,919.2161538,-4.677606961,7.492991454,-23.41884615,15,1625655481,3:58:01,1625655481,1625655474,1,-0.442,0.085,-1.558,0.32,400,21,0.22,0.1,0.339857696,0.144807705,0.024506114,1,-0.565550767,0.540796058,0.044317134,1,0.389549233,-1.78392606,0.134366266,0,2,3,3-Feb,100,100,-1.558,0.32,-1.557809524,0,0,0,0.31996,0,0,0,-1,-1,-1,-1,82.3,82.4,2,419.116,554.686,20.0517,20.6012,29.9996,20.5598,20.5379,22.4048,62.723,0,-999.9,400,3.51472,101.414,101.416
15,1625660587,2689.9,20210707 05:23:06,5:23:06,B1R3,_NW,_5.11,_1,1625660579,0.000462158,0.146799561,399.5355,378.271119,38.18772691,40.33443686,0.024667436,2.942113645,0.024553112,0.015355922,0.001994701,20.28008827,19.12257,2.22210393,14.38635877,0.346052549,2.405421378,1.876051381,-20.38115015,202.6706112,13.81612504,196.1075808,76,15,1,0,54455.53676,RECT-16-20210707-05_23_11,15399.2,796.7632,3401.49,2604.7268,0.765760534,0.146799561,-,-,0,0,#DIV/0!,0.5,0.0209979,0.146799561,#DIV/0!,#DIV/0!,1.58E-11,#DIV/0!,-,0,0,#DIV/0!,1,0,1.305891274,#DIV/0!,#DIV/0!,0.0499975,0.0209979,0.419979,0.09499525,6,0.5,0: Broadleaf,2,1625660579,399.5355,399.9330667,3.427847,2.875396333,401.0933667,3.107887,500.2148667,100.7533333,0.199990867,20.40032,19.12257,999.9,0,0,9996.489333,0,0.22243,0.0499975,0,0,0,796.9666667,0.0499975,-24.091,-3.144666667,30.4122,34.5998,32.8664,34.433,32.9122,0,0,0,168.1000001,0,796.7632,-1.690769306,-9.203076713,-23.7992,15,1625655481,3:58:01,1625655481,1625655474,1,-0.442,0.085,-1.558,0.32,400,21,0.22,0.1,0.149785122,-0.084133531,0.030776425,1,-0.4031952,0.648717811,0.054646974,1,0.562638,-1.244545976,0.095411191,0,2,3,3-Feb,100,100,-1.557,0.32,-1.557809524,0,0,0,0.31996,0,0,0,-1,-1,-1,-1,85.1,85.2,2,390.461,553.334,19.9169,20.388,29.9995,20.386,20.374,22.4029,63.6137,0,-999.9,400,3.37232,101.446,101.467
16,1625660699,2802.4,20210707 05:24:59,5:24:59,B1R3,_NW,_5.11,_2,1625660691,-0.000100401,0.500172431,399.4992333,530.7797731,53.58366683,40.33053801,-0.00552182,2.941511445,-0.005527585,-0.003454222,0.001994701,20.16334336,19.15384333,2.226440082,17.61096135,0.416785363,2.366624707,1.80965472,4.427664971,155.9434192,10.62024636,170.9933252,55,11,1,0,54486.49712,RECT-17-20210707-05_25_04,15345.1,808.142,3907.63,3099.488,0.79318871,0.500172431,-,-,0,0,#DIV/0!,0.5,0.0209979,0.500172431,#DIV/0!,#DIV/0!,1.58E-11,#DIV/0!,-,0,0,#DIV/0!,1,0,1.260734031,#DIV/0!,#DIV/0!,0.0499975,0.0209979,0.419979,0.09499525,6,0.5,0: Broadleaf,2,1625660691,399.4992333,400.0511,4.12852,4.248458,401.057,3.808559667,500.1887333,100.7527333,0.1999961,20.1372,19.15384333,999.9,0,0,9993.125333,0,0.5365189,0.0499975,0,0,0,808.1996667,0.0499975,-24.59666667,-3.132666667,30.3414,34.39773333,32.72896667,34.2934,32.80586667,0,0,0,111.1000001,0,808.142,-6.501538503,3.113846193,-24.5332,15,1625655481,3:58:01,1625655481,1625655474,1,-0.442,0.085,-1.558,0.32,400,21,0.22,0.1,0.53089479,-3.187912671,0.240215871,0,-0.551953167,3.120150541,0.232032722,0,-0.119937168,1.822508355,0.145926513,0,0,3,0/3,100,100,-1.558,0.32,-1.557809524,0,0,0,0.31996,0,0,0,-1,-1,-1,-1,87,87.1,2,417.401,556.403,19.7562,20.2257,29.9998,20.247,20.2428,22.4068,56.9844,0,-999.9,400,3.94525,101.474,101.49
17,1625660920,3023,20210707 05:28:39,5:28:39,B3R3,_NW,_5.5,_1,1625660912,0.00084316,0.182241935,399.3135,381.0233841,38.45546669,40.30142936,0.045046383,2.940474884,0.044666493,0.027950423,0.001994701,19.83634553,18.86672667,2.186907527,12.96340933,0.305255126,2.35474417,1.881652402,-37.18336874,188.5111848,12.81851933,164.1483301,21,4,1,0,54470.22541,RECT-18-20210707-05_28_44,15323.5,869.1,4756.3,3887.2,0.817273931,0.182241935,-,-,0,0,#DIV/0!,0.5,0.0209979,0.182241935,#DIV/0!,#DIV/0!,1.13E-11,#DIV/0!,-,0,0,#DIV/0!,1,0,1.223579955,#DIV/0!,#DIV/0!,0.0499975,0.0209979,0.419979,0.09499525,6,0.5,0: Broadleaf,2,1625660912,399.3135,399.9359667,3.024520333,2.016186667,400.8713,2.704560333,500.1976,100.7268,0.199989,20.05587,18.86672667,999.9,0,0,9989.805667,0,0.281929567,0.0499975,0,0,0,868.8746667,0.0499975,-24.87766667,-3.193666667,30.1166,34.2248,32.54133333,34.09146667,32.583,0,0,0,219.3,0,869.1,13.7435898,-7.03692315,-25.14884615,15,1625655481,3:58:01,1625655481,1625655474,1,-0.442,0.085,-1.558,0.32,400,21,0.22,0.1,0.170276415,0.736292265,0.07106602,0,-0.633723,0.810055548,0.068637614,1,1.059471516,-3.905597952,0.300869698,0,1,3,3-Jan,100,100,-1.558,0.32,-1.557809524,0,0,0,0.31996,0,0,0,-1,-1,-1,-1,90.6,90.8,2,462.407,553.848,19.5389,20.0495,30,20.0617,20.054,22.3767,67.6827,0,-999.9,400,2.83678,101.495,101.507
18,1625661073,3176.5,20210707 05:31:13,5:31:13,B3R3,_NW,_5.5,_2,1625661065,0.000131346,0.447436192,399.4166774,290.4355144,29.31249488,40.31152779,0.007242609,2.944231759,0.007232726,0.004521341,0.001994701,19.98162042,18.66887097,2.160024616,14.90054418,0.349999682,2.348905367,1.810024934,-5.792371305,213.7921473,14.50134661,222.5031173,50,10,1,0,54589.42095,RECT-19-20210707-05_31_18,15311.9,845.3907692,4563.43,3718.039231,0.814746634,0.447436192,-,-,0,0,#DIV/0!,0.5,0.0209979,0.447436192,#DIV/0!,#DIV/0!,-1.13E-11,#DIV/0!,-,0,0,#DIV/0!,1,0,1.22737543,#DIV/0!,#DIV/0!,0.0499975,0.0209979,0.419979,0.09499525,6,0.5,0: Broadleaf,2,1625661065,399.4166774,400.0163226,3.467884194,3.310876129,400.9744839,3.147924516,500.1939032,100.7260323,0.199968258,20.01576774,18.66887097,999.9,0,0,10011.25,0,0.911423968,0.0499975,0,0,0,845.2719355,0.0499975,-25.83354839,-3.356774194,30.07012903,34.187,32.49187097,34.07419355,32.53993548,0,0,0,152.0999999,0,845.3907692,-6.551794833,-2.555897574,-26.05,15,1625655481,3:58:01,1625655481,1625655474,1,-0.442,0.085,-1.558,0.32,400,21,0.22,0.1,0.455176779,-2.532615673,0.194003145,0,-0.59958671,2.771509984,0.214144724,0,0.157008552,0.470939826,0.104196682,1,1,3,3-Jan,100,100,-1.558,0.32,-1.557809524,0,0,0,0.31996,0,0,0,-1,-1,-1,-1,93.2,93.3,2,423.964,553.54,19.4874,20.0125,30.0003,20.0184,20.0108,22.3891,62.7794,0,-999.9,400,3.233,101.498,101.519
19,1625661293,3396.5,20210707 05:34:53,5:34:53,B1R4,_NE,_5.10,_1,1625661285,0.000497655,0.258623395,399.4831935,373.8098127,37.72443393,40.31536045,0.02823775,2.941078242,0.028087993,0.017568384,0.001994701,18.93954821,18.20907419,2.098667752,14.99754386,0.332153167,2.214717088,1.766514585,-21.94656943,136.3764372,9.193529273,123.6253918,21,4,1,0,54672.06601,RECT-20-20210707-05_34_58,15318.8,883.2673077,4968.57,4085.302692,0.82222907,0.258623395,-,-,0,0,#DIV/0!,0.5,0.0209979,0.258623395,#DIV/0!,#DIV/0!,1.35E-11,#DIV/0!,-,0,0,#DIV/0!,1,0,1.216206087,#DIV/0!,#DIV/0!,0.0499975,0.0209979,0.419979,0.09499525,6,0.5,0: Broadleaf,2,1625661285,399.4831935,400.031871,3.291291613,2.696327742,401.0410323,2.971331613,500.2152903,100.7188065,0.199983387,19.06917097,18.20907419,999.9,0,0,9994.028387,0,0.579572871,0.0499975,0,0,0,883.2264516,0.0499975,-28.01967742,-3.461612903,28.97554839,33.062,31.419,32.91303226,31.41706452,0,0,0,219.3000002,0,883.2673077,-5.947692408,-3.573333147,-28.12538462,15,1625655481,3:58:01,1625655481,1625655474,1,-0.442,0.085,-1.558,0.32,400,21,0.22,0.1,0.258792353,-0.572249966,0.0461697,0,-0.548533839,-0.132303581,0.024288936,1,0.594964129,1.8890145,0.143483758,0,1,3,3-Jan,100,100,-1.558,0.32,-1.557809524,0,0,0,0.31996,0,0,0,-1,-1,-1,-1,96.9,97,2,461.773,554.605,18.5359,19.8347,29.9999,19.8822,19.8667,22.3699,71.5897,0,-999.9,400,2.28593,101.516,101.531
20,1625661500,3603,20210707 05:38:19,5:38:19,B1R4,_NE,_5.10,_2,1625661492,0.000351458,0.326450435,399.496871,362.2908787,36.56308521,40.31798478,0.019858999,2.942577489,0.019784841,0.012372165,0.001994701,18.99493063,18.17474194,2.094148294,14.56127193,0.322838199,2.217101642,1.771310095,-15.49930332,144.6297459,9.744087739,138.876525,21,4,1,0,54713.64103,RECT-21-20210707-05_38_24,15293.4,878.7364,5131.63,4252.8936,0.828760764,0.326450435,-,-,0,0,#DIV/0!,0.5,0.0209979,0.326450435,#DIV/0!,#DIV/0!,-3.44E-14,#DIV/0!,-,0,0,#DIV/0!,1,0,1.206620829,#DIV/0!,#DIV/0!,0.0499975,0.0209979,0.419979,0.09499525,6,0.5,0: Broadleaf,2,1625661492,399.496871,400.056871,3.19889129,2.778661935,401.0547097,2.878931935,500.2037742,100.7219677,0.199936065,19.08642581,18.17474194,999.9,0,0,10002.24065,0,0.541724032,0.0499975,0,0,0,879.0674194,0.0499975,-28.54677419,-3.614193548,28.94106452,33.153,31.36687097,33.024,31.43909677,0,0,0,205.5,0,878.7364,-7.994615287,6.059999824,-28.1832,15,1625655481,3:58:01,1625655481,1625655474,1,-0.442,0.085,-1.558,0.32,400,21,0.22,0.1,0.353847568,-1.338350108,0.106651506,0,-0.567854387,0.558579387,0.058603745,1,0.40133929,2.402285903,0.179295486,0,1,3,3-Jan,100,100,-1.557,0.32,-1.557809524,0,0,0,0.31996,0,0,0,-1,-1,-1,-1,100.3,100.4,2,462.054,555.965,18.5857,19.7957,30,19.823,19.8135,22.376,70.5532,0,-999.9,400,2.32544,101.537,101.551
21,1625661584,3687,20210707 05:39:43,5:39:43,B1R4,_NE,_5.14,_1,1625661576,0.001816089,0.14106333,398.9723226,386.0853502,38.96493213,40.2655254,0.107867129,2.942629291,0.105717657,0.066263089,0.001994701,18.60047504,17.49348387,2.006216362,13.19167676,0.292233625,2.215287946,1.713982737,-80.08952204,250.6273298,16.82497595,187.3647784,65,13,1,0,54717.67111,RECT-22-20210707-05_39_48,15441.2,757.8,4028.73,3270.93,0.811901021,0.14106333,-,-,0,0,#DIV/0!,0.5,0.0209979,0.14106333,#DIV/0!,#DIV/0!,9.00E-12,#DIV/0!,-,0,0,#DIV/0!,1,0,1.231677229,#DIV/0!,#DIV/0!,0.0499975,0.0209979,0.419979,0.09499525,6,0.5,0: Broadleaf,2,1625661576,398.9723226,400.0106774,2.895606774,0.723456065,400.5302258,2.575646774,500.1946452,100.723129,0.199975452,19.07330323,17.49348387,999.9,0,0,10002.42,0,2.075458387,0.0499975,0,0,0,758.0629032,0.0499975,-28.2383871,-3.624193548,29.028,33.187,31.383,33.11687097,31.5,0,0,0,82.70000005,0,757.8,-4.69401716,0.031111152,-27.98269231,15,1625655481,3:58:01,1625655481,1625655474,1,-0.442,0.085,-1.558,0.32,400,21,0.22,0.1,0.139483193,0.32809502,0.036782357,1,-1.044201484,0.545459371,0.054438094,1,2.190067097,-2.156521452,0.161236805,0,2,3,3-Feb,100,100,-1.557,0.32,-1.557809524,0,0,0,0.31996,0,0,0,-1,-1,-1,-1,101.7,101.8,2,404.795,555.9,18.6019,19.7626,29.9996,19.773,19.7593,22.3637,100,0,-999.9,400,0,101.55,101.562
22,1625661686,3789.5,20210707 05:41:26,5:41:26,B1R4,_NE,_5.14,_2,1625661678,0.002019421,0.102815496,398.9287333,386.864489,39.04054196,40.25800867,0.121188109,2.941496112,0.118481118,0.074288875,0.001994701,18.47364035,17.55408,2.013904194,14.2266423,0.313715765,2.205128645,1.70018843,-89.05646343,229.2370638,15.39388918,155.5764842,36,7,1,0,54697.48052,RECT-23-20210707-05_41_31,15319.9,844.0765385,4527.69,3683.613462,0.813574574,0.102815496,-,-,0,0,#DIV/0!,0.5,0.0209979,0.102815496,#DIV/0!,#DIV/0!,9.02E-12,#DIV/0!,-,0,0,#DIV/0!,1,0,1.229143624,#DIV/0!,#DIV/0!,0.0499975,0.0209979,0.419979,0.09499525,6,0.5,0: Broadleaf,2,1625661678,398.9287333,400.0184,3.108704,0.6939028,400.4863667,2.788744,500.2009667,100.7153,0.199989633,18.99962333,17.55408,999.9,0,0,9996.752333,0,1.718824667,0.0499975,0,0,0,844.0106667,0.0499975,-27.91266667,-3.561,29.04133333,33.25,31.44126667,33.12073333,31.53713333,0,0,0,101,0,844.0765385,-48.40854714,-2.120000067,-27.86269231,15,1625655481,3:58:01,1625655481,1625655474,1,-0.442,0.085,-1.558,0.32,400,21,0.22,0.1,0.09907082,0.335258923,0.035705613,1,-1.092094194,0.432898065,0.045568457,1,2.424460323,-2.099610484,0.156986214,0,2,3,3-Feb,100,100,-1.558,0.32,-1.557809524,0,0,0,0.31996,0,0,0,-1,-1,-1,-1,103.4,103.5,2,442.137,555.723,18.5906,19.6577,29.9998,19.6804,19.6695,22.3524,100,0,-999.9,400,0,101.569,101.595
23,1625661936,4039.5,20210707 05:45:36,5:45:36,B2R3,_NE,_5.9,_1,1625661928,0.000359205,0.295292631,399.5101,365.2790848,36.88442579,40.34093724,0.02028893,2.94279719,0.020211539,0.01263914,0.001994701,18.86315651,18.16904,2.093398525,14.56305827,0.320274407,2.199224922,1.773124118,-15.84093137,124.9591394,8.412329513,117.5325323,53,11,1,0,54745.71871,RECT-24-20210707-05_45_41,15291.7,935.63,5008.19,4072.56,0.813180011,0.295292631,-,-,0,0,#DIV/0!,0.5,0.0209979,0.295292631,#DIV/0!,#DIV/0!,-1.13E-11,#DIV/0!,-,0,0,#DIV/0!,1,0,1.229740016,#DIV/0!,#DIV/0!,0.0499975,0.0209979,0.419979,0.09499525,6,0.5,0: Broadleaf,2,1625661928,399.5101,400.0364333,3.171787,2.742292,401.0680333,2.851827,500.2137,100.7760333,0.199980133,18.95667,18.16904,999.9,0,0,9998.123667,0,1.685320667,0.0499975,0,0,0,936.2126667,0.0499975,-28.51666667,-3.460333333,28.92873333,33.187,31.3872,33.0956,31.4288,0,0,0,249,0,935.63,-56.99076924,3.582564084,-28.50576923,15,1625655481,3:58:01,1625655481,1625655474,1,-0.442,0.085,-1.558,0.32,400,21,0.22,0.1,0.310951877,-1.337197719,0.10179962,0,-0.529263387,0.552334065,0.046432587,1,0.420711452,2.473949129,0.185369662,0,1,3,3-Jan,100,100,-1.558,0.32,-1.557809524,0,0,0,0.31996,0,0,0,-1,-1,-1,-1,107.6,107.7,2,419.791,557.549,18.4796,19.5029,30,19.5245,19.5114,22.3452,69.7838,0,-999.9,400,2.30792,101.577,101.609
24,1625662047,4150.5,20210707 05:47:27,5:47:27,B2R3,_NE,_5.9,_2,1625662039,0.002096802,0.113397582,398.8698387,386.862701,39.06502743,40.27749677,0.127447469,2.944570888,0.124460385,0.078050287,0.001994701,18.39283214,17.47359032,2.003698088,14.66184358,0.322080525,2.196725968,1.681617563,-92.46898905,232.5443932,15.58830444,155.6657033,60,12,1,0,54802.18371,RECT-25-20210707-05_47_32,15408.2,833.7557692,4169.46,3335.704231,0.800032673,0.113397582,-,-,0,0,#DIV/0!,0.5,0.0209979,0.113397582,#DIV/0!,#DIV/0!,3.16E-11,#DIV/0!,-,0,0,#DIV/0!,1,0,1.24994895,#DIV/0!,#DIV/0!,0.0499975,0.0209979,0.419979,0.09499525,6,0.5,0: Broadleaf,2,1625662039,398.8698387,400.0090323,3.189577742,0.682551774,400.4275484,2.869617742,500.2216774,100.7790968,0.199951677,18.93845806,17.47359032,999.9,0,0,10007.90806,0,2.634851387,0.0499975,0,0,0,834.4835484,0.0499975,-29.16387097,-3.617096774,28.98374194,33.187,31.40093548,33.10467742,31.49593548,0,0,0,110,0,833.7557692,-71.11692318,5.659829079,-29.06730769,15,1625655481,3:58:01,1625655481,1625655474,1,-0.442,0.085,-1.558,0.32,400,21,0.22,0.1,0.108656877,1.062780618,0.081130709,0,-1.139241613,-0.170162903,0.031339302,1,2.507024839,-2.769715161,0.207142493,0,1,3,3-Jan,100,100,-1.558,0.32,-1.557809524,0,0,0,0.31996,0,0,0,-1,-1,-1,-1,109.4,109.6,2,410.741,556.993,18.4841,19.482,30,19.487,19.4719,22.3173,100,0,-999.9,400,0,101.585,101.626
25,1625662225,4328,20210707 05:50:24,5:50:24,B3R1,_NE,_5.5,_1,1625662217,0.002193891,-0.049709303,399.0243226,389.6293154,39.335792,40.28428338,0.142046646,2.944190696,0.138346258,0.086790847,0.001994701,18.09883106,16.76487419,1.915773829,15.39833289,0.332628993,2.160162371,1.583144836,-96.7505792,302.3778929,20.17032837,225.7996367,45,9,1,0,54840.78206,RECT-26-20210707-05_50_29,15375.1,822.3734615,3995.76,3173.386538,0.794188474,-0.049709303,-,-,0,0,#DIV/0!,0.5,0.0209979,-0.049709303,#DIV/0!,#DIV/0!,9.03E-12,#DIV/0!,-,0,0,#DIV/0!,1,0,1.259146956,#DIV/0!,#DIV/0!,0.0499975,0.0209979,0.419979,0.09499525,6,0.5,0: Broadleaf,2,1625662217,399.0243226,400.0148065,3.294760323,0.671729097,400.5821613,2.974800323,500.1836774,100.7569677,0.19999429,18.66989032,16.76487419,999.9,0,0,10007.94258,0,4.033735484,0.0499975,0,0,0,822.5909677,0.0499975,-29.2083871,-3.452258065,28.679,32.804,31.1006129,32.679,31.137,0,0,0,176.3999999,0,822.3734615,-31.49367499,5.68410246,-29.08384615,15,1625655481,3:58:01,1625655481,1625655474,1,-0.442,0.085,-1.558,0.32,400,21,0.22,0.1,-0.087065969,2.048540291,0.162131305,0,-0.976790355,-1.345858839,0.112930143,0,2.641964516,-2.273473065,0.170059678,0,0,3,0/3,100,100,-1.558,0.32,-1.557809524,0,0,0,0.31996,0,0,0,-1,-1,-1,-1,112.4,112.5,2,430.568,557.343,18.2256,19.4049,29.9998,19.4283,19.4135,22.3116,100,0,-999.9,400,0,101.592,101.63
26,1625662379,4482,20210707 05:52:58,5:52:58,B3R1,_NE,_5.5,_2,1625662371,0.001555725,0.308658069,398.8834516,382.3945422,38.60687813,40.27161245,0.090217048,2.941777057,0.08870772,0.055575829,0.001994701,18.35062515,17.46034839,2.002023363,11.56480756,0.251165388,2.171807759,1.750857975,-68.60746012,205.464058,13.7721691,150.6307617,88,18,1,0,54752.58278,RECT-27-20210707-05_53_03,15397.2,759.1436,3928.03,3168.8864,0.806736812,0.308658069,-,-,0,0,#DIV/0!,0.5,0.0209979,0.308658069,#DIV/0!,#DIV/0!,1.13E-11,#DIV/0!,-,0,0,#DIV/0!,1,0,1.239561633,#DIV/0!,#DIV/0!,0.0499975,0.0209979,0.419979,0.09499525,6,0.5,0: Broadleaf,2,1625662371,398.8834516,399.998,2.487750323,0.626367871,400.4413226,2.167790323,500.2264194,100.760871,0.199979355,18.75585806,17.46034839,999.9,0,0,9993.828065,0,7.056358387,0.0499975,0,0,0,759.5887097,0.0499975,-29.69032258,-3.675483871,28.59248387,32.8,31.01187097,32.65696774,31.1006129,0,0,0,152.5,0,759.1436,-15.47692302,-0.470769199,-29.4256,15,1625655481,3:58:01,1625655481,1625655474,1,-0.442,0.085,-1.558,0.32,400,21,0.22,0.1,0.308683184,0.038228179,0.035367597,1,-1.116997742,0.332333226,0.048236862,1,1.86896,-0.90890371,0.067857244,1,3,3,3-Mar,100,100,-1.558,0.32,-1.557809524,0,0,0,0.31996,0,0,0,-1,-1,-1,-1,115,115.1,2,374.63,558.155,18.2467,19.3259,29.9999,19.3478,19.3374,22.3083,100,0,-999.9,400,0,101.614,101.653
27,1625662487,4590.5,20210707 05:54:47,5:54:47,B3R1,_NE,_5.8,_1,1625662479,0.001997685,0.182407069,398.8169677,385.4408391,38.91348648,40.26391889,0.117714516,2.943326901,0.115160271,0.072200042,0.001994701,18.18211666,17.73510645,2.037025197,14.13801929,0.306022726,2.16453748,1.73100247,-88.09790353,153.4646537,10.29295125,75.66169613,32,6,1,0,54808.91075,RECT-28-20210707-05_54_52,15410,842.0680769,3808.01,2965.941923,0.778869258,0.182407069,-,-,0,0,#DIV/0!,0.5,0.0209979,0.182407069,#DIV/0!,#DIV/0!,1.13E-11,#DIV/0!,-,0,0,#DIV/0!,1,0,1.283912531,#DIV/0!,#DIV/0!,0.0499975,0.0209979,0.419979,0.09499525,6,0.5,0: Broadleaf,2,1625662479,398.8169677,399.9914516,3.031176774,0.642151645,400.3748387,2.711216452,500.1947097,100.7583871,0.20000271,18.70223548,17.73510645,999.9,0,0,10002.88742,0,9.573312581,0.0499975,0,0,0,842.0870968,0.0499975,-29.35516129,-3.565483871,28.59858065,32.758,31.02193548,32.65087097,31.11890323,0,0,0,107.3999999,0,842.0680769,-10.28205132,3.439999939,-29.28615385,15,1625655481,3:58:01,1625655481,1625655474,1,-0.442,0.085,-1.558,0.32,400,21,0.22,0.1,0.182046832,0.112384333,0.028905325,1,-1.174443871,0.588982258,0.052977051,1,2.389025806,-1.803339194,0.134828124,0,2,3,3-Feb,100,100,-1.558,0.32,-1.557809524,0,0,0,0.31996,0,0,0,-1,-1,-1,-1,116.8,116.9,2,448.165,558.645,18.2335,19.2771,29.9999,19.304,19.2954,22.3039,100,0,-999.9,400,0,101.625,101.666
28,1625662583,4686.4,20210707 05:56:23,5:56:23,B3R1,_NE,_5.8,_2,1625662575,0.001831417,0.304651541,398.7773667,383.5006878,38.71814458,40.26047469,0.108812857,2.940623276,0.106624481,0.066833252,0.001994701,18.2381319,17.44417,1.999978928,13.17854357,0.28548888,2.166315861,1.714490048,-80.76548005,201.5290136,13.50975674,134.275285,86,17,1,0,54725.68878,RECT-29-20210707-05_56_28,15476,765.0204,3250.22,2485.1996,0.764625041,0.304651541,-,-,0,0,#DIV/0!,0.5,0.0209979,0.304651541,#DIV/0!,#DIV/0!,-2.48E-11,#DIV/0!,-,0,0,#DIV/0!,1,0,1.307830566,#DIV/0!,#DIV/0!,0.0499975,0.0209979,0.419979,0.09499525,6,0.5,0: Broadleaf,2,1625662575,398.7773667,400.0188333,2.827748667,0.6371599,400.3350333,2.507789,500.2047,100.7597667,0.200012033,18.71536667,17.44417,999.9,0,0,9987.380333,0,10.03454633,0.0499975,0,0,0,764.9056667,0.0499975,-29.921,-3.756666667,28.68286667,32.77273333,31.0434,32.7478,31.14153333,0,0,0,94.9000001,0,765.0204,-10.56846142,-2.506923135,-29.9764,15,1625655481,3:58:01,1625655481,1625655474,1,-0.442,0.085,-1.558,0.32,400,21,0.22,0.1,0.298312894,0.45531727,0.04308984,1,-1.244829032,0.240658065,0.038657004,1,2.214931935,-1.899873387,0.141982602,0,2,3,3-Feb,100,100,-1.558,0.32,-1.557809524,0,0,0,0.31996,0,0,0,-1,-1,-1,-1,118.4,118.5,2,376.709,557.704,18.2448,19.239,29.9999,19.2565,19.2462,22.3014,100,0,-999.9,400,0,101.634,101.68