SysConst,AvgTime,Oxygen,,,,,,,,,,,,,,,,,,,,,,,,,,,,,,,,,,,,,,,,,,,,,,,,,,,,,,,,,,,,,,,,,,,,,,,,,,,,,,,,,,,,,,,,,,,,,,,,,,,,,,,,,,,,,,,,,,,,,,,,,,,,,,,,,,,,,,,,,,,,,,,,,,,,,,,,,,,,,,,,,,,,,,,,,,,,,,,,,,,,,,,
,4,21,,,,,,,,,,,,,,,,,,,,,,,,,,,,,,,,,,,,,,,,,,,,,,,,,,,,,,,,,,,,,,,,,,,,,,,,,,,,,,,,,,,,,,,,,,,,,,,,,,,,,,,,,,,,,,,,,,,,,,,,,,,,,,,,,,,,,,,,,,,,,,,,,,,,,,,,,,,,,,,,,,,,,,,,,,,,,,,,,,,,,,,
ChambConst,Chamber,Aperture,blc_a,blc_b,blc_c,blc_d,blc_e,blc_minS,blc_maxS,blc_Po,,,,,,,,,,,,,,,,,,,,,,,,,,,,,,,,,,,,,,,,,,,,,,,,,,,,,,,,,,,,,,,,,,,,,,,,,,,,,,,,,,,,,,,,,,,,,,,,,,,,,,,,,,,,,,,,,,,,,,,,,,,,,,,,,,,,,,,,,,,,,,,,,,,,,,,,,,,,,,,,,,,,,,,,,,,,,,,
,6800-01A,6 cm²,0.578,0.5229739,0.003740252,-0.06197961,-0.005608586,1,6,96.9,,,,,,,,,,,,,,,,,,,,,,,,,,,,,,,,,,,,,,,,,,,,,,,,,,,,,,,,,,,,,,,,,,,,,,,,,,,,,,,,,,,,,,,,,,,,,,,,,,,,,,,,,,,,,,,,,,,,,,,,,,,,,,,,,,,,,,,,,,,,,,,,,,,,,,,,,,,,,,,,,,,,,,,,,,,,,,,
Const,CustomBLC,,,,,,,,,,,,,,,,,,,,,,,,,,,,,,,,,,,,,,,,,,,,,,,,,,,,,,,,,,,,,,,,,,,,,,,,,,,,,,,,,,,,,,,,,,,,,,,,,,,,,,,,,,,,,,,,,,,,,,,,,,,,,,,,,,,,,,,,,,,,,,,,,,,,,,,,,,,,,,,,,,,,,,,,,,,,,,,,,,,,,,,,
,2,,,,,,,,,,,,,,,,,,,,,,,,,,,,,,,,,,,,,,,,,,,,,,,,,,,,,,,,,,,,,,,,,,,,,,,,,,,,,,,,,,,,,,,,,,,,,,,,,,,,,,,,,,,,,,,,,,,,,,,,,,,,,,,,,,,,,,,,,,,,,,,,,,,,,,,,,,,,,,,,,,,,,,,,,,,,,,,,,,,,,,,,
LTConst,deltaTw,fT1,fT2,fTeb,,,,,,,,,,,,,,,,,,,,,,,,,,,,,,,,,,,,,,,,,,,,,,,,,,,,,,,,,,,,,,,,,,,,,,,,,,,,,,,,,,,,,,,,,,,,,,,,,,,,,,,,,,,,,,,,,,,,,,,,,,,,,,,,,,,,,,,,,,,,,,,,,,,,,,,,,,,,,,,,,,,,,,,,,,,,,,,,,,,,,
,0,1,0,0,,,,,,,,,,,,,,,,,,,,,,,,,,,,,,,,,,,,,,,,,,,,,,,,,,,,,,,,,,,,,,,,,,,,,,,,,,,,,,,,,,,,,,,,,,,,,,,,,,,,,,,,,,,,,,,,,,,,,,,,,,,,,,,,,,,,,,,,,,,,,,,,,,,,,,,,,,,,,,,,,,,,,,,,,,,,,,,,,,,,,
LQConst,Leaf,Ambient,abs_ambient,abs_redLED,abs_greenLED,abs_blueLED,abs_whiteLED,abs_redFlr,abs_blueFlr,k_ambient,k_redLED,k_greenLED,k_blueLED,k_whiteLED,k_redFlr,k_blueFlr,,,,,,,,,,,,,,,,,,,,,,,,,,,,,,,,,,,,,,,,,,,,,,,,,,,,,,,,,,,,,,,,,,,,,,,,,,,,,,,,,,,,,,,,,,,,,,,,,,,,,,,,,,,,,,,,,,,,,,,,,,,,,,,,,,,,,,,,,,,,,,,,,,,,,,,,,,,,,,,,,,,,,,,,,
,standard,Sun+Sky,0.49,0.84,0.7,0.87,0.75,0.84,0.87,0.39,0.18,0.23,0.26,0.21,0.19,0.25,,,,,,,,,,,,,,,,,,,,,,,,,,,,,,,,,,,,,,,,,,,,,,,,,,,,,,,,,,,,,,,,,,,,,,,,,,,,,,,,,,,,,,,,,,,,,,,,,,,,,,,,,,,,,,,,,,,,,,,,,,,,,,,,,,,,,,,,,,,,,,,,,,,,,,,,,,,,,,,,,,,,,,,,,
QConst,fQ_Amb_in,fQ_Amb_out,fQ_HeadLS,fQ_ConsoleLS,fQ_Flr,,,,,,,,,,,,,,,,,,,,,,,,,,,,,,,,,,,,,,,,,,,,,,,,,,,,,,,,,,,,,,,,,,,,,,,,,,,,,,,,,,,,,,,,,,,,,,,,,,,,,,,,,,,,,,,,,,,,,,,,,,,,,,,,,,,,,,,,,,,,,,,,,,,,,,,,,,,,,,,,,,,,,,,,,,,,,,,,,,,,
,0,0,0,0,1,,,,,,,,,,,,,,,,,,,,,,,,,,,,,,,,,,,,,,,,,,,,,,,,,,,,,,,,,,,,,,,,,,,,,,,,,,,,,,,,,,,,,,,,,,,,,,,,,,,,,,,,,,,,,,,,,,,,,,,,,,,,,,,,,,,,,,,,,,,,,,,,,,,,,,,,,,,,,,,,,,,,,,,,,,,,,,,,,,,,
SysObs,SysObs,SysObs,SysObs,SysObs,SysObs,UserDefCon,UserDefCon,UserDefCon,UserDefCon,UserDefCon,GasEx,GasEx,GasEx,GasEx,GasEx,GasEx,GasEx,GasEx,GasEx,GasEx,GasEx,GasEx,GasEx,GasEx,GasEx,GasEx,GasEx,GasEx,GasEx,GasEx,GasEx,GasEx,GasEx,GasEx,Leak,Leak,Leak,Leak,Leak,FLR,FLR,FLR,FLR,FLR,FLR,FLR,FLR,FLR,FLR,FLR,FLR,FLR,FLR,FLR,FLR,FLR,FLR,FLR,FLR,FLR,FLR,FLR,FLR,FLR,FLR,FLR,FLR,LeafQ,LeafQ,LeafQ,LeafQ,Const,Const,Const,Meas,Meas,Meas,Meas,Meas,Meas,Meas,Meas,Meas,Meas,Meas,Meas,Meas,Meas,Meas,Meas,Meas,Meas,FlrLS,FlrLS,FlrLS,FlrLS,FlrLS,FlrLS,FlrLS,FlrLS,FlrLS,FlrLS,FlrLS,FlrLS,FlrLS,FlrLS,FlrLS,FlrLS,FlrLS,FlrLS,FlrStats,FlrStats,FlrStats,FlrStats,FlrStats,MchEvent,MchEvent,MchEvent,MchEvent,MchEvent,MchEvent,MchEvent,MchEvent,MchEvent,MchEvent,MchEvent,MchEvent,MchEvent,Stability,Stability,Stability,Stability,Stability,Stability,Stability,Stability,Stability,Stability,Stability,Stability,Stability,Stability,Stability,MchStatus,MchStatus,MchStatus,MchStatus,MchStatus,MchStatus,MchStatus,MchStatus,MchStatus,MchStatus,MchStatus,MchStatus,MchStatus,MchStatus,MchStatus,MchStatus,MchStatus,MchStatus,ConStatus,ConStatus,ConStatus,ConStatus,ConStatus,ConStatus,ConStatus,ConStatus,Status,Status,Status,Status,Status,Status,Status,Status,Status,Status,Status,Status,Status,Status,Status,Status
obs,time,elapsed,date,hhmmss,averaging,BLOCK,SUB-BLOCK,VINE,LEAF,USER,TIME,E,Emm,A,Ca,Ci,Pci,Pca,gsw,gbw,gtw,gtc,Rabs,TleafEB,TleafCnd,SVPleaf,RHcham,VPcham,SVPcham,VPDleaf,LatHFlux,SenHFlux,NetTherm,EBSum,Leak,LeakPct,CorrFact,CorrFactPct,Fan,DarkAdaptedID,Qmax_d,Fo,Fm,Fv/Fm,A_dark,LightAdaptedID,Qmax,Fs,Fm',PhiPS2,PS2/1,Qabs_fs,A_fs,ETR,PhiCO2,NPQ,alt. Fo',DarkPulseID,Fmin,Fo',Fv'/Fm',qP,qN,qP_Fo,qN_Fo,qL,1-qL,Qin,Qabs,alpha,convert,S,K,Geometry,TIME,CO2_s,CO2_r,H2O_s,H2O_r,CO2_a,H2O_a,Flow,Pa,ΔPcham,Tair,Tleaf,Tleaf2,Offset,Offset2,Fan_speed,Qamb_in,Qamb_out,Q,f_red,f_blue,f_farred,F,Q_modavg,F_dc,Pc,Tled,TDigital,TPreamp,TPwrSpy,TDrive,Q_red,Q_blue,Q_farred,TSPF,state,F_avg,dF/dt,dF_dc/dt,F_dc_avg,period,time,hhmmss,co2_t,h2o_t,count,co2_adj,h2o_adj,co2_match,h2o_match,co2_at,h2o_at,co2_cv,h2o_cv,A:MN,A:SLP,A:SD,A:OK,ΔCO2:MN,ΔCO2:SLP,ΔCO2:SD,ΔCO2:OK,ΔH2O:MN,ΔH2O:SLP,ΔH2O:SD,ΔH2O:OK,Stable,Total,State,MatchValveR,MatchValveS,MatchCO2,MatchH2O,cf_co2_a,cf_co2_b,cf_co2_c,cf_co2_d,cf_h2o_a,cf_h2o_b,cf_h2o_c,cf_h2o_d,co2_fit_low,co2_fit_high,h2o_fit_low,h2o_fit_high,co2_elapsed,h2o_elapsed,CO2_f,CO2_f_s,Pump_f,Pump_f_s,Pump_p,Pump_p_s,Tboard,V_system,DIAG,Flow_s,Flow_r,Txchg,Tirga,Tchopper,Ts,Tr,CO2_%,Desiccant_%,Humidifier_%,Txchg_sp,CO2_r_sp,H2O_r_sp,SS_s,SS_r
,s,s,,,s,,,,,,s,mol m⁻² s⁻¹,mmol m⁻² s⁻¹,µmol m⁻² s⁻¹,µmol mol⁻¹,µmol mol⁻¹,Pa,Pa,mol m⁻² s⁻¹,mol m⁻² s⁻¹,mol m⁻² s⁻¹,mol m⁻² s⁻¹,W m⁻²,°C,°C,kPa,%,kPa,kPa,kPa,W m⁻²,W m⁻²,W m⁻²,W m⁻²,µmol s⁻¹,%,,%,µmol s⁻¹,,,,,,µmol m⁻² s⁻¹,,,,,,,µmol m⁻² s⁻¹,µmol m⁻² s⁻¹,µmol m⁻² s⁻¹,µmol µmol⁻¹,,,,,,,,,,,,,µmol m⁻² s⁻¹,µmol m⁻² s⁻¹,,J/µmol,cm²,,,s,µmol mol⁻¹,µmol mol⁻¹,mmol mol⁻¹,mmol mol⁻¹,µmol mol⁻¹,mmol mol⁻¹,µmol s⁻¹,kPa,kPa,°C,°C,°C,°C,°C,rpm,µmol m⁻² s⁻¹,µmol m⁻² s⁻¹,µmol m⁻² s⁻¹,,,,,µmol m⁻² s⁻¹,,,°C,°C,°C,°C,°C,µmol m⁻² s⁻¹,µmol m⁻² s⁻¹,µmol m⁻² s⁻¹,s,,,min⁻¹,min⁻¹,,s,secs,,s,s,,µmol/mol,mmol/mol,µmol/mol,mmol/mol,µmol/mol,mmol/mol,%,%,µmol m⁻² s⁻¹,µmol m⁻² s⁻¹ min⁻¹,µmol m⁻² s⁻¹,,µmol mol⁻¹,µmol mol⁻¹ min⁻¹,µmol mol⁻¹,,mmol mol⁻¹,mmol mol⁻¹ min⁻¹,mmol mol⁻¹,,,,,%,%,µmol/mol,mmol/mol,mmol/mol,,,,mmol/mol,,,,µmol mol⁻¹,µmol mol⁻¹,mmol mol⁻¹,mmol mol⁻¹,min,min,V,V,V,V,V,V,°C,V,,µmol s⁻¹,µmol s⁻¹,°C,°C,°C,°C,°C,%,%,%,°C,µmol mol⁻¹,mmol mol⁻¹,%,%
1,1631132179,0,20210908 13:16:19,13:16:19,15,B1R1,_SW,_5.8,_1,nraab,1631132171,0.008179179,8.179179366,14.73030432,378.8514667,260.8665486,26.30075722,38.1960834,0.244512201,2.940774865,0.233753166,0.147022931,372.3683079,44.40863807,42.79725333,8.59592958,57.01616405,5.311459144,9.315707629,3.284470436,-360.70181,244.7397424,21.1038673,277.5101076,23,5,1,0,50307.87142,-,-,0,0,#DIV/0!,0,-,-,0,0,#DIV/0!,0.5,1601.677201,14.73030432,#DIV/0!,0.0091968,#DIV/0!,#DIV/0!,-,0,#DIV/0!,#DIV/0!,#DIV/0!,#DIV/0!,#DIV/0!,#DIV/0!,#DIV/0!,#DIV/0!,1899.990667,1601.677201,0.842992141,0.195984283,6,0.5,0: Broadleaf,1631132171,378.8514667,400.2370333,52.68221,43.38828333,378.6555333,52.42999,500.2158333,100.6207333,0.200001867,44.34093333,42.79725333,999.9,0,0,10002.043,0,1911.168333,1899.990667,0.8999987,0.100001167,0,700.5446,4.99979,13831.38333,16171.49333,56.35603333,57.354,56.74363333,56.4811,57.958,1705.489333,189.5013333,0,1631132172,0,699.1666538,-202.5846496,-3827.288889,13805.35385,15,1631132092,13:14:52,1631132088,1631132092,1,0.336,-0.193,0.201,0.252,403,43,0.32,0.31,14.7641087,-1.778765937,0.134845035,0,-21.39932333,1.777348165,0.13101295,0,9.286006667,0.980751591,0.071951263,1,1,3,3-Jan,100,100,0.196,0.2522,0.011800285,0.000778235,-8.34E-07,1.66E-10,0.252215,0,0,0,2,2117,2,28,1.5,1.4,1.08643,2.61475,1.5979,2.30225,1.69678,2.60254,43.6995,15.6468,18,477.914,484.549,43.2963,43.3049,29.9987,42.9464,42.8395,21.7292,0,100,-999.9,400,55.0302,97.2192,98.8618
2,1631132542,362.5,20210908 13:22:21,13:22:21,15,B1R1,_SW,_5.8,_2,nraab,1631132534,0.008401274,8.401273955,13.23367316,380.2934194,277.1569184,27.93583294,38.33140263,0.258488249,2.939861718,0.246492991,0.155089451,372.37614,44.23579155,42.75939355,8.578899195,58.11561077,5.381411985,9.25983899,3.19748721,-370.4961814,232.2701441,20.02021744,254.1703201,0,0,1,0,50300.66504,-,-,0,0,#DIV/0!,0,-,-,0,0,#DIV/0!,0.5,1601.709939,13.23367316,#DIV/0!,0.008262216,#DIV/0!,#DIV/0!,-,0,#DIV/0!,#DIV/0!,#DIV/0!,#DIV/0!,#DIV/0!,#DIV/0!,#DIV/0!,#DIV/0!,1900.029355,1601.709939,0.842992207,0.195984414,6,0.5,0: Broadleaf,1631132534,380.2934194,399.9987742,53.39005161,43.85112903,380.0972903,53.13782903,500.2281613,100.5942903,0.199992935,44.22487742,42.75939355,999.9,0,0,9999.475806,0,1709.964839,1900.029355,0.89999671,0.100003345,0,781.6508387,4.99979,15354.9129,16171.80645,55.75,56.687,56.08232258,56,57.34654839,1705.52,189.5093548,0,1631132535,0,778.7722308,-264.8779484,-4957.179481,15300.58077,15,1631132092,13:14:52,1631132088,1631132092,1,0.336,-0.193,0.201,0.252,403,43,0.32,0.31,13.25270035,-2.384676157,0.179391771,0,-19.69616667,2.293113237,0.167577752,0,9.545140667,1.25980832,0.091601649,0,0,3,0/3,100,100,0.197,0.2522,0.011800285,0.000778235,-8.34E-07,1.66E-10,0.252215,0,0,0,2,2117,2,28,7.6,7.5,1.07422,2.6001,1.59912,2.30103,1.69678,2.52075,43.6995,15.568,18,518.271,484.729,43.1043,42.6806,29.9994,42.3524,42.2674,21.4929,0,100,-999.9,400,55.0302,97.3421,98.9296
3,1631132612,432.5,20210908 13:23:31,13:23:31,15,B1R1,_SW,_5.8,_3,nraab,1631132604,0.00604536,6.04536039,11.79106191,383.1186667,245.6388023,24.75733879,38.61360069,0.163552041,2.93973074,0.158659956,0.099589818,372.3629926,44.79069385,43.01005,8.692196886,55.37658403,5.114970687,9.236703161,3.577226199,-266.6003932,184.8890736,15.95224162,306.6039147,2,0,1,0,50304.58294,-,-,0,0,#DIV/0!,0,-,-,0,0,#DIV/0!,0.5,1601.65418,11.79106191,#DIV/0!,0.007361803,#DIV/0!,#DIV/0!,-,0,#DIV/0!,#DIV/0!,#DIV/0!,#DIV/0!,#DIV/0!,#DIV/0!,#DIV/0!,#DIV/0!,1899.963333,1601.65418,0.842992152,0.195984305,6,0.5,0: Broadleaf,1631132604,383.1186667,400.0393667,50.75001333,43.86695,382.9219,50.49779333,500.2329333,100.5876333,0.199939933,44.17664,43.01005,999.9,0,0,9999.392333,0,1927.32,1899.963333,0.899998133,0.10000188,0,823.6952667,4.99979,16290.09333,16171.25667,55.6166,56.78513333,56,56,57.25,1705.464333,189.4993333,0,1631132604,0,824.6740769,-538.4749403,-10340.21197,16308.53077,15,1631132092,13:14:52,1631132088,1631132092,1,0.336,-0.193,0.201,0.252,403,43,0.32,0.31,11.80635167,-1.321744522,0.102317611,0,-16.92078667,0.642116129,0.063430738,1,6.883064667,2.510323648,0.184798144,0,1,3,3-Jan,100,100,0.197,0.2522,0.011800285,0.000778235,-8.34E-07,1.66E-10,0.252215,0,0,0,2,2117,2,28,8.7,8.7,1.073,2.59155,1.59912,2.30103,1.69678,2.56104,43.6995,15.5768,18,503.167,485.24,43.0936,42.5915,29.9993,42.2524,42.165,21.4738,0,100,-999.9,400,55.0302,97.373,98.9436
4,1631132961,781.5,20210908 13:29:20,13:29:20,15,B2R1,_SE,_5.7,_1,nraab,1631132953,0.006702937,6.702937263,9.94018107,384.9915333,279.3580163,28.13900122,38.77918869,0.189939065,2.93830125,0.183372108,0.115178668,372.3652213,44.72638334,42.89090333,8.63818171,56.09495239,5.209307532,9.28658874,3.428874178,-295.5995333,220.1287551,19.00061629,315.8950593,0,0,1,0,50247.65979,-,-,0,0,#DIV/0!,0,-,-,0,0,#DIV/0!,0.5,1601.664731,9.94018107,#DIV/0!,0.006206156,#DIV/0!,#DIV/0!,-,0,#DIV/0!,#DIV/0!,#DIV/0!,#DIV/0!,#DIV/0!,#DIV/0!,#DIV/0!,#DIV/0!,1899.976,1601.664731,0.842992085,0.195984171,6,0.5,0: Broadleaf,1631132953,384.9915333,400.0100667,51.71689667,44.09259333,384.7944,51.46468,500.2121667,100.5273667,0.2000139,44.28052,42.89090333,999.9,0,0,9997.251,0,1938.265,1899.976,0.9,0.10000002,0,849.0143667,4.99979,17056.79333,16171.37667,55.458,56.625,55.812,55.9412,57.125,1705.479667,189.4963333,0,1631132953,0,848.0009231,-397.4056071,-7989.528211,17036.21923,15,1631132092,13:14:52,1631132088,1631132092,1,0.336,-0.193,0.201,0.252,403,43,0.32,0.31,9.968539277,-2.420160458,0.182054554,0,-15.01852,2.5794901,0.188205644,0,7.624303667,1.060480979,0.076946446,0,0,3,0/3,100,100,0.197,0.2523,0.011800285,0.000778235,-8.34E-07,1.66E-10,0.252215,0,0,0,2,2117,2,28,14.6,14.5,1.07056,2.58057,1.59912,2.30225,1.69678,2.60376,43.5627,15.5155,18,510.313,482.693,43.0683,42.3089,29.9998,41.9519,41.8726,21.4235,0,100,-999.9,400,55.0302,97.4149,98.9998
5,1631133203,1023.5,20210908 13:33:22,13:33:22,15,B2R1,_SE,_5.7,_2,nraab,1631133195,0.006330713,6.330712502,10.76245755,384.1891,268.9295472,27.08539237,38.69382382,0.183374004,2.938727539,0.177246139,0.111312342,372.3684579,44.3303814,42.64665333,8.528358339,57.175044,5.175830165,9.052603728,3.352528174,-279.1844214,180.9897959,15.56562281,289.7394552,29,6,1,0,50337.088,-,-,0,0,#DIV/0!,0,-,-,0,0,#DIV/0!,0.5,1601.678021,10.76245755,#DIV/0!,0.006719489,#DIV/0!,#DIV/0!,-,0,#DIV/0!,#DIV/0!,#DIV/0!,#DIV/0!,#DIV/0!,#DIV/0!,#DIV/0!,#DIV/0!,1899.991667,1601.678021,0.842992129,0.195984258,6,0.5,0: Broadleaf,1631133195,384.1891,400.0152333,51.39056667,44.18750667,383.9921,51.13835333,500.2352,100.5155333,0.2000357,43.78903,42.64665333,999.9,0,0,10000.854,0,1917.996333,1899.991667,0.8999989,0.10000114,0,1011.354533,4.99979,20057.66667,16171.51333,55.0809,56.25,55.4433,55.3708,56.68493333,1705.491,189.5006667,0,1631133195,0,1007.33068,-777.5326166,-15079.50772,19979.704,15,1631132092,13:14:52,1631132088,1631132092,1,0.336,-0.193,0.201,0.252,403,43,0.32,0.31,10.77397674,-1.099103446,0.084131023,0,-15.82606333,0.799141268,0.060258828,1,7.203068333,1.617790345,0.117504809,0,1,3,3-Jan,100,100,0.197,0.2522,0.011800285,0.000778235,-8.34E-07,1.66E-10,0.252215,0,0,0,2,2117,2,28,18.6,18.5,1.06934,2.58301,1.59912,2.30225,1.69678,2.50122,43.4808,15.4542,18,470.807,485.29,42.7087,41.7639,29.9985,41.4837,41.3901,21.3936,0,100,-999.9,400,55.0302,97.5175,99.0329
6,1631133283,1103.5,20210908 13:34:42,13:34:42,15,B2R1,_SE,_5.7,_3,nraab,1631133275,0.008169178,8.169177902,14.55119711,378.8575,273.3808696,27.53289626,38.15572122,0.272634032,2.937348822,0.259315495,0.163214569,372.3702879,43.61723013,42.22765667,8.342776014,60.25483877,5.386294451,8.939189882,2.956481563,-360.2607455,208.9031677,17.91838569,238.9310959,5,1,1,0,50337.63712,-,-,0,0,#DIV/0!,0,-,-,0,0,#DIV/0!,0.5,1601.685641,14.55119711,#DIV/0!,0.009084927,#DIV/0!,#DIV/0!,-,0,#DIV/0!,#DIV/0!,#DIV/0!,#DIV/0!,#DIV/0!,#DIV/0!,#DIV/0!,#DIV/0!,1900.000667,1601.685641,0.842992147,0.195984293,6,0.5,0: Broadleaf,1631133275,378.8575,400.0231667,53.48183667,44.20736333,378.6617333,53.22963,500.2295,100.5126,0.199993033,43.54683667,42.22765667,999.9,0,0,9993.300667,0,1433.8703,1900.000667,0.8999987,0.100001307,0,734.7655333,4.99979,14485.76667,16171.55667,54.8874,56.187,55.25,55.2143,56.4559,1705.498,189.5026667,0,1631133276,0,732.08676,-226.1878458,-4372.62307,14434.056,15,1631132092,13:14:52,1631132088,1631132092,1,0.336,-0.193,0.201,0.252,403,43,0.32,0.31,14.57264728,-1.496737375,0.116675034,0,-21.1656,1.404792881,0.111061394,0,9.274473667,1.010863715,0.073514593,0,0,3,0/3,100,100,0.196,0.2522,0.011800285,0.000778235,-8.34E-07,1.66E-10,0.252215,0,0,0,2,2117,2,28,19.9,19.8,1.06934,2.56958,1.5979,2.30225,1.69678,2.58667,43.4808,15.4454,18,499.623,484.973,42.5321,41.56,29.9993,41.2949,41.2131,21.3878,0,100,-999.9,400,55.0302,97.5631,99.0964
7,1631133395,1215.5,20210908 13:36:34,13:36:34,15,B2R1,_SE,_5.11,_1,nraab,1631133387,0.006252334,6.25233377,12.00068377,382.7497333,254.5092753,25.63057346,38.54513807,0.179649051,2.938187693,0.173762269,0.109114253,372.3643679,44.19761448,42.69304,8.549121952,57.59358402,5.172376773,8.980821147,3.376745179,-275.7279193,149.3756272,12.84256793,258.8546437,0,0,1,0,50346.37176,-,-,0,0,#DIV/0!,0,-,-,0,0,#DIV/0!,0.5,1601.660331,12.00068377,#DIV/0!,0.007492652,#DIV/0!,#DIV/0!,-,0,#DIV/0!,#DIV/0!,#DIV/0!,#DIV/0!,#DIV/0!,#DIV/0!,#DIV/0!,#DIV/0!,1899.970667,1601.660331,0.842992136,0.195984272,6,0.5,0: Broadleaf,1631133387,382.7497333,400.0141333,51.36123333,44.24713,382.5529667,51.10902,500.2350333,100.5058667,0.199985533,43.63604667,42.69304,999.9,0,0,9998.743333,0,1820.186667,1899.970667,0.899998867,0.100001293,0,708.6275667,4.99979,14194.40667,16171.31333,54.8058,56.1312,55.125,55.25413333,56.375,1705.471667,189.499,0,1631133387,0,706.499,-408.5298468,-7935.19232,14153,15,1631132092,13:14:52,1631132088,1631132092,1,0.336,-0.193,0.201,0.252,403,43,0.32,0.31,12.01274404,-0.83901432,0.065794615,0,-17.2645,0.184904116,0.033197209,1,7.114101,2.188100823,0.159216089,0,1,3,3-Jan,100,100,0.197,0.2523,0.011800285,0.000778235,-8.34E-07,1.66E-10,0.252215,0,0,0,2,2117,2,28,21.8,21.7,1.06934,2.57324,1.59912,2.30225,1.69678,2.55981,43.4536,15.4104,18,510.216,485.859,42.3956,41.3663,29.9993,41.0928,41.0177,21.3751,0,100,-999.9,400,55.0302,97.6012,99.1078
8,1631133590,1410.6,20210908 13:39:49,13:39:49,15,B2R1,_SE,_5.11,_2,nraab,1631133582,0.008018138,8.018137859,15.86176712,377.3428333,272.7422769,27.46654919,38.00036287,0.295975963,2.938746186,0.280356443,0.176557408,372.367848,43.51854278,41.61413333,8.077344295,60.72701985,5.38977602,8.875416632,2.687568275,-353.5998796,284.4433871,24.29938784,327.5107433,20,4,1,0,50397.76962,-,-,0,0,#DIV/0!,0,-,-,0,0,#DIV/0!,0.5,1601.677716,15.86176712,#DIV/0!,0.00990322,#DIV/0!,#DIV/0!,-,0,#DIV/0!,#DIV/0!,#DIV/0!,#DIV/0!,#DIV/0!,#DIV/0!,#DIV/0!,#DIV/0!,1899.991667,1601.677716,0.842991969,0.195983937,6,0.5,0: Broadleaf,1631133582,377.3428333,399.9974333,53.52036667,44.41767,377.1471,53.26814,500.2256667,100.5051333,0.2000067,43.40948,41.61413333,999.9,0,0,10001.995,0,1743.586667,1899.991667,0.900005133,0.099995033,0,775.7855,4.99979,15224.83667,16171.54667,54.937,56.062,55.25,55.312,56.5,1705.502667,189.4906667,0,1631133583,0,774.32876,-119.6046154,-2348.784615,15197.876,15,1631132092,13:14:52,1631132088,1631132092,1,0.336,-0.193,0.201,0.252,403,43,0.32,0.31,15.86354419,-0.220876743,0.033214441,1,-22.65464333,-1.554807564,0.124560876,0,9.102705,5.050147008,0.369433668,0,1,3,3-Jan,100,100,0.196,0.2522,0.011800285,0.000778235,-8.34E-07,1.66E-10,0.252215,0,0,0,2,2117,2,28,25,25,1.06812,2.57446,1.59912,2.30103,1.69678,2.46216,43.4536,15.3579,18,481.196,484.787,42.3079,41.1596,29.9999,40.8597,40.7781,21.3559,0,100,-999.9,400,55.0302,97.6197,99.1151
9,1631133682,1502.6,20210908 13:41:21,13:41:21,15,B2R1,_SE,_5.11,_3,nraab,1631133674,0.00683614,6.836139702,11.58832032,382.9643,275.7641518,27.76946224,38.56452189,0.213693575,2.937830329,0.205418542,0.129103368,372.3695653,43.86485168,42.29923333,8.374228938,59.01566229,5.249720544,8.895470015,3.124508394,-301.4737609,182.7010516,15.66667649,269.2635325,10,2,1,0,50365.58537,-,-,0,0,#DIV/0!,0,-,-,0,0,#DIV/0!,0.5,1601.682548,11.58832032,#DIV/0!,0.007235092,#DIV/0!,#DIV/0!,-,0,#DIV/0!,#DIV/0!,#DIV/0!,#DIV/0!,#DIV/0!,#DIV/0!,#DIV/0!,#DIV/0!,1899.997,1601.682548,0.842992146,0.195984291,6,0.5,0: Broadleaf,1631133674,382.9643,400.0043667,52.13225667,44.35997667,382.7674667,51.88004667,500.2205,100.5000667,0.1999774,43.45276333,42.29923333,999.9,0,0,9997.286667,0,1910.253333,1899.997,0.899999033,0.100001233,0,812.8843333,4.99979,16108.67333,16171.54667,54.7624,56.1622,55.125,55.25,56.375,1705.495667,189.5023333,0,1631133675,0,810.4506154,-536.1103583,-10351.27178,16061.57308,15,1631132092,13:14:52,1631132088,1631132092,1,0.336,-0.193,0.201,0.252,403,43,0.32,0.31,11.60445493,-1.390872804,0.107413703,0,-17.04013667,0.826456952,0.07081187,1,7.772297333,1.984420378,0.144360644,0,1,3,3-Jan,100,100,0.197,0.2522,0.011800285,0.000778235,-8.34E-07,1.66E-10,0.252215,0,0,0,2,2117,2,28,26.6,26.5,1.06812,2.56836,1.59912,2.30225,1.69678,2.59521,43.5081,15.3491,18,493.164,484.739,42.2678,41.1076,29.9997,40.7756,40.6931,21.3518,0,100,-999.9,400,55.0302,97.6506,99.1389
10,1631133872,1692.6,20210908 13:44:31,13:44:31,15,B2R2,_SE,_5.3,_1,nraab,1631133864,0.005269429,5.269429266,11.18447796,384.1626,258.5868946,26.04198495,38.68856797,0.168549189,2.938629619,0.163356819,0.102551201,372.3654139,44.22714423,41.72388333,8.124281626,57.32349981,5.088807707,8.877349996,3.035473918,-232.3818307,267.7063958,22.88285811,430.5728372,0,0,1,0,50393.97449,-,-,0,0,#DIV/0!,0,-,-,0,0,#DIV/0!,0.5,1601.664579,11.18447796,#DIV/0!,0.006983034,#DIV/0!,#DIV/0!,-,0,#DIV/0!,#DIV/0!,#DIV/0!,#DIV/0!,#DIV/0!,#DIV/0!,#DIV/0!,#DIV/0!,1899.975667,1601.664579,0.842992153,0.195984307,6,0.5,0: Broadleaf,1631133864,384.1626,400.0059333,50.52990333,44.52884,383.9655667,50.27769333,500.2279,100.5088667,0.199968533,43.41365667,41.72388333,999.9,0,0,10000.96,0,1799.917,1899.975667,0.8999986,0.10000156,0,552.5425333,4.99979,10913.28333,16171.35333,54.69126667,55.937,55.0496,55.187,56.2996,1705.475667,189.5006667,0,1631133865,0,550.84956,-125.753,-2374.569231,10881.088,15,1631132092,13:14:52,1631132088,1631132092,1,0.336,-0.193,0.201,0.252,403,43,0.32,0.31,11.19661059,-0.964468662,0.073089928,0,-15.84335667,-0.18698376,0.02241505,1,6.001069333,3.304401691,0.241801701,0,1,3,3-Jan,100,100,0.197,0.2522,0.011800285,0.000778235,-8.34E-07,1.66E-10,0.252215,0,0,0,2,2117,2,28,29.7,29.7,1.06689,2.5647,1.59912,2.30225,1.69678,2.52808,43.5354,15.3228,18,514.219,483.593,42.1898,41.0811,29.9999,40.7155,40.6356,21.3395,0,100,-999.9,400,55.0302,97.6491,99.1196
11,1631134102,1923.1,20210908 13:48:22,13:48:22,15,B2R2,_SE,_5.3,_2,nraab,1631134094,0.006120718,6.120717695,11.45333832,383.4537742,269.1209159,27.10126896,38.61492457,0.194129686,2.93841025,0.18727563,0.117642918,372.367411,44.06311011,42.05355161,8.266695649,58.35956685,5.195418293,8.902427782,3.071277356,-269.9236504,224.032837,19.18609907,345.6626966,5,1,1,0,50379.20502,-,-,0,0,#DIV/0!,0,-,-,0,0,#DIV/0!,0.5,1601.673131,11.45333832,#DIV/0!,0.007150859,#DIV/0!,#DIV/0!,-,0,#DIV/0!,#DIV/0!,#DIV/0!,#DIV/0!,#DIV/0!,#DIV/0!,#DIV/0!,#DIV/0!,1899.985806,1601.673131,0.842992156,0.195984312,6,0.5,0: Broadleaf,1631134094,383.4537742,400.0065806,51.59152258,44.62879677,383.2568387,51.3393129,500.23,100.5029677,0.199977871,43.46776129,42.05355161,999.9,0,0,10000.29839,0,200.7780645,1899.985806,0.899999097,0.100001068,0,842.316,4.99979,16599.46774,16171.43871,54.552,55.72967742,54.87093548,55,56.129,1705.485484,189.5019355,0,1631134095,0,835.83876,-393.1207698,-7544.553858,16474.9,15,1631132092,13:14:52,1631132088,1631132092,1,0.336,-0.193,0.201,0.252,403,43,0.32,0.31,11.47113519,-1.044530504,0.079814289,0,-16.55642,0.863701001,0.065148673,1,6.959674333,0.845733037,0.061427881,1,2,3,3-Feb,100,100,0.197,0.2522,0.011800285,0.000778235,-8.34E-07,1.66E-10,0.252215,0,0,0,2,2117,2,28,33.6,33.5,1.06689,2.57568,1.59912,2.30103,1.69678,2.4353,43.5081,15.2703,18,499.817,482.861,42.1689,41.0893,30,40.6852,40.6074,21.3306,0,100,-999.9,400,55.0302,97.6585,99.1126
12,1631134184,2004.6,20210908 13:49:43,13:49:43,15,B2R2,_SE,_5.3,_3,nraab,1631134176,0.007366203,7.366203424,13.48341433,380.4762,278.0550971,28.00139861,38.31566424,0.258908123,2.938237602,0.24686852,0.155327873,372.3676593,43.60161777,41.74012333,8.131247089,60.28526975,5.327158781,8.836584464,2.804088308,-324.849571,251.1214529,21.46071936,320.1002605,0,0,1,0,50397.1557,-,-,0,0,#DIV/0!,0,-,-,0,0,#DIV/0!,0.5,1601.6734,13.48341433,#DIV/0!,0.008418329,#DIV/0!,#DIV/0!,-,0,#DIV/0!,#DIV/0!,#DIV/0!,#DIV/0!,#DIV/0!,#DIV/0!,#DIV/0!,#DIV/0!,1899.986,1601.6734,0.842992211,0.195984423,6,0.5,0: Broadleaf,1631134176,380.4762,400.0101333,52.89891667,44.53108,380.2798,52.64671,500.2396333,100.5045,0.199996733,43.32542333,41.74012333,999.9,0,0,9999.163333,0,1720.722333,1899.986,0.899996,0.100004133,0,718.803,4.99979,14061.94333,16171.43333,54.4916,55.708,54.80786667,55,56.0662,1705.481,189.5053333,0,1631134177,0,718.00852,-58.57892309,-1079.884616,14048.244,15,1631132092,13:14:52,1631132088,1631132092,1,0.336,-0.193,0.201,0.252,403,43,0.32,0.31,13.49472592,-1.167888886,0.092742276,0,-19.53418,0.850774638,0.072276194,1,8.367842667,1.478738509,0.107610622,0,1,3,3-Jan,100,100,0.196,0.2522,0.011800285,0.000778235,-8.34E-07,1.66E-10,0.252215,0,0,0,2,2117,2,28,34.9,34.9,1.06689,2.57324,1.59912,2.30103,1.69678,2.5354,43.5627,15.2703,18,517.082,481.541,42.1902,41.1017,29.9999,40.6843,40.6034,21.3289,0,100,-999.9,400,55.0302,97.6494,99.1017
13,1631134342,2163.1,20210908 13:52:22,13:52:22,15,B3R2,_SW,_5.9,_1,nraab,1631134334,0.00828131,8.281309744,16.85069649,376.0519333,253.2530624,25.50631422,37.87396955,0.264315832,2.938965261,0.251784072,0.158441451,372.3664746,43.53837614,42.61540333,8.514394825,60.91559979,5.431173168,8.915898697,3.083221657,-365.2057597,139.6485779,11.99075674,158.8000495,0,0,1,0,50390.09107,-,-,0,0,#DIV/0!,0,-,-,0,0,#DIV/0!,0.5,1601.669331,16.85069649,#DIV/0!,0.010520709,#DIV/0!,#DIV/0!,-,0,#DIV/0!,#DIV/0!,#DIV/0!,#DIV/0!,#DIV/0!,#DIV/0!,#DIV/0!,#DIV/0!,1899.981333,1601.669331,0.84299214,0.195984281,6,0.5,0: Broadleaf,1631134334,376.0519333,399.9997333,53.92630333,44.52858333,375.8567333,53.67407333,500.2104333,100.5147,0.200031633,43.49677,42.61540333,999.9,0,0,10002.29,0,1797.658333,1899.981333,0.8999986,0.100001397,0,958.9601,4.99979,18966.53333,16171.40333,54.62496667,55.8309,54.87913333,55.156,56.1975,1705.481,189.5003333,0,1631134335,0,952.33172,-559.7213086,-10785.82309,18837.548,15,1631132092,13:14:52,1631132088,1631132092,1,0.336,-0.193,0.201,0.252,403,43,0.32,0.31,16.8808514,-1.576473871,0.12162352,0,-23.95541333,1.131379755,0.091174754,0,9.378107,2.362065851,0.172551631,0,0,3,0/3,100,100,0.195,0.2522,0.011800285,0.000778235,-8.34E-07,1.66E-10,0.252215,0,0,0,2,2117,2,28,37.6,37.5,1.06567,2.57446,1.59912,2.30103,1.69678,2.49634,43.59,15.244,18,515.629,481.684,42.2508,41.1791,30.0003,40.7494,40.6716,21.3167,0,100,-999.9,400,55.0302,97.6422,99.0829
14,1631134766,2586.6,20210908 13:59:25,13:59:25,15,B3R2,_SW,_5.9,_2,nraab,1631134758,0.00739814,7.39814043,13.7552339,380.1185806,263.3921374,26.528638,38.28522872,0.229361986,2.939144467,0.219862063,0.138234532,372.3654303,44.19782935,42.61689677,8.515061692,58.77039827,5.359392231,9.119203525,3.155669462,-326.2579929,208.0730886,17.90178462,272.0823105,0,0,1,0,50326.21825,-,-,0,0,#DIV/0!,0,-,-,0,0,#DIV/0!,0.5,1601.666614,13.7552339,#DIV/0!,0.008588076,#DIV/0!,#DIV/0!,-,0,#DIV/0!,#DIV/0!,#DIV/0!,#DIV/0!,#DIV/0!,#DIV/0!,#DIV/0!,#DIV/0!,1899.978387,1601.666614,0.842992017,0.195984035,6,0.5,0: Broadleaf,1631134758,380.1185806,399.9910645,53.21124194,44.80942258,379.9223548,52.95902581,500.2113871,100.5191613,0.200010742,43.93003226,42.61689677,999.9,0,0,10002.86613,0,1836.847097,1899.978387,0.900003065,0.099996677,0,924.3841935,4.99979,18308.12258,16171.4129,54.98780645,56.20325806,55.312,55.56606452,56.663,1705.486129,189.4922581,0,1631134759,0,910.1964,-776.0353077,-15195.73077,18028.38,15,1631132092,13:14:52,1631132088,1631132092,1,0.336,-0.193,0.201,0.252,403,43,0.32,0.31,13.73877513,1.852146694,0.166297075,0,-19.89480333,-3.050378643,0.247471076,0,8.419646,3.421577753,0.249726353,0,0,3,0/3,100,100,0.196,0.2522,0.011800285,0.000778235,-8.34E-07,1.66E-10,0.252215,0,0,0,2,2117,2,28,44.6,44.6,1.06445,2.57568,1.59912,2.30225,1.69678,2.44507,43.59,15.1652,18,515.269,479.759,42.587,41.5408,29.9999,41.0562,40.9636,21.3012,0,100,-999.9,400,55.0302,97.5661,99.0276
15,1631134848,2668.6,20210908 14:00:47,14:00:47,15,B3R2,_SW,_5.9,_3,nraab,1631134840,0.008307717,8.307717233,15.43537795,377.7218667,266.7971338,26.8711055,38.04315281,0.272756134,2.938579373,0.259431267,0.163287468,372.3699359,43.86293522,42.49972,8.462875822,60.19791725,5.460556692,9.071006011,3.00231913,-366.37033,210.4450227,18.09052613,234.5351548,0,0,1,0,50326.85089,-,-,0,0,#DIV/0!,0,-,-,0,0,#DIV/0!,0.5,1601.68323,15.43537795,#DIV/0!,0.009636973,#DIV/0!,#DIV/0!,-,0,#DIV/0!,#DIV/0!,#DIV/0!,#DIV/0!,#DIV/0!,#DIV/0!,#DIV/0!,#DIV/0!,1899.997667,1601.68323,0.842992209,0.195984417,6,0.5,0: Broadleaf,1631134840,377.7218667,399.9992333,54.21663333,44.79239667,377.5261333,53.96442,500.2400333,100.5173667,0.200002833,43.82808,42.49972,999.9,0,0,9999.828333,0,1817.606,1899.997667,0.899996833,0.100003383,0,740.1904,4.99979,14484.35667,16171.54667,54.8582,56.3456,55.25,55.5662,56.562,1705.491667,189.5063333,0,1631134840,0,738.3084,-278.9895389,-5354.630777,14448.452,15,1631132092,13:14:52,1631132088,1631132092,1,0.336,-0.193,0.201,0.252,403,43,0.32,0.31,15.45686178,-1.839109729,0.137869995,0,-22.27741,1.474131257,0.10794319,0,9.424234,1.840999155,0.134139375,0,0,3,0/3,100,100,0.196,0.2522,0.011800285,0.000778235,-8.34E-07,1.66E-10,0.252215,0,0,0,2,2117,2,28,46,45.9,1.06567,2.5647,1.59912,2.30225,1.69678,2.46216,43.6173,15.1652,18,517.304,478.109,42.6297,41.5478,30,41.0775,40.9891,21.3055,0,100,-999.9,400,55.0302,97.5794,99.0352
16,1631135001,2822.1,20210908 14:03:21,14:03:21,15,B3R2,_SW,_5.12,_1,nraab,1631134993,0.008715376,8.715375809,14.46163919,378.6942903,281.8592833,28.38590346,38.13810721,0.300389669,2.938634115,0.284313834,0.179068769,372.3639122,43.86492249,42.35024516,8.396707658,60.54920696,5.522898448,9.121339033,2.87380921,-384.3480732,250.9958918,21.57164358,260.5833744,3,1,1,0,50311.28874,-,-,0,0,#DIV/0!,0,-,-,0,0,#DIV/0!,0.5,1601.658164,14.46163919,#DIV/0!,0.009029167,#DIV/0!,#DIV/0!,-,0,#DIV/0!,#DIV/0!,#DIV/0!,#DIV/0!,#DIV/0!,#DIV/0!,#DIV/0!,#DIV/0!,1899.968065,1601.658164,0.84299215,0.195984301,6,0.5,0: Broadleaf,1631134993,378.6942903,399.9984194,54.83990323,44.9598129,378.4984194,54.58767419,500.2439355,100.5095161,0.199969548,43.93453871,42.35024516,999.9,0,0,10000.92097,0,1805.321935,1899.968065,0.89999871,0.100001306,0,611.3312581,4.99979,11928.36774,16171.30323,54.97967742,56.37093548,55.312,55.7256129,56.625,1705.46871,189.4996774,0,1631134994,0,610.63476,-55.58692298,-958.4076911,11916.448,15,1631132092,13:14:52,1631132088,1631132092,1,0.336,-0.193,0.201,0.252,403,43,0.32,0.31,14.43857019,1.508785168,0.133008424,0,-21.30255667,-1.836315017,0.153316319,0,9.875298,1.296241335,0.093942949,0,0,3,0/3,100,100,0.196,0.2522,0.011800285,0.000778235,-8.34E-07,1.66E-10,0.252215,0,0,0,2,2117,2,28,48.6,48.5,1.06445,2.57446,1.59912,2.30225,1.69678,2.46948,43.6721,15.139,18,501.832,478.531,42.688,41.5604,29.9998,41.116,41.0253,21.2954,0,100,-999.9,400,55.0302,97.5939,99.0079
17,1631135291,3111.5,20210908 14:08:10,14:08:10,15,B3R2,_SW,_5.12,_2,nraab,1631135283,0.008221968,8.221968218,15.2182105,378.0234333,269.4614766,27.13463776,38.06677323,0.275222322,2.937470395,0.261656992,0.164698677,372.3701826,44.12323864,42.48977333,8.458458748,60.0361445,5.51373066,9.184018571,2.944728087,-362.5887984,249.6828585,21.49495057,280.9591933,15,3,1,0,50258.22061,-,-,0,0,#DIV/0!,0,-,-,0,0,#DIV/0!,0.5,1601.68683,15.2182105,#DIV/0!,0.009501365,#DIV/0!,#DIV/0!,-,0,#DIV/0!,#DIV/0!,#DIV/0!,#DIV/0!,#DIV/0!,#DIV/0!,#DIV/0!,#DIV/0!,1900.002333,1601.68683,0.842992033,0.195984066,6,0.5,0: Broadleaf,1631135283,378.0234333,400.0063333,54.75429667,45.43183667,377.8276667,54.50208,500.1971667,100.4995333,0.1999733,44.06640333,42.48977333,999.9,0,0,9995.291667,0,1180.967033,1900.002333,0.9000015,0.09999863,0,721.1924,4.99979,14172.71,16171.59,55.2164,56.437,55.6082,55.93286667,56.937,1705.507,189.4956667,0,1631135284,0,720.3867308,-97.10567528,-1994.499147,14156.28846,15,1631132092,13:14:52,1631132088,1631132092,1,0.336,-0.193,0.201,0.252,403,43,0.32,0.31,15.2162225,0.029705731,0.044410143,1,-21.97272581,-0.5901,0.072645604,1,9.30395,1.422550161,0.107002541,0,2,3,3-Feb,100,100,0.196,0.2522,0.011800285,0.000778235,-8.34E-07,1.66E-10,0.252215,0,0,0,2,2117,2,28,53.4,53.3,1.06445,2.57202,1.59912,2.30103,1.69678,2.54272,43.8092,15.1039,18,488.101,478.363,42.7977,41.5287,29.9995,41.0816,40.9891,21.2839,0,100,-999.9,400,55.0302,97.5813,99.0389
18,1631135356,3177,20210908 14:09:16,14:09:16,15,B3R2,_SW,_5.12,_3,nraab,1631135348,0.008065803,8.065803446,14.52200606,378.9172667,262.6349014,26.4478544,38.15771873,0.244715942,2.93824515,0.233930556,0.147136007,372.3640679,44.13678809,43.07773,8.723009605,59.92507815,5.495989768,9.171435295,3.227019837,-355.701932,152.4289327,13.15391462,182.2449833,13,3,1,0,50283.72197,-,-,0,0,#DIV/0!,0,-,-,0,0,#DIV/0!,0.5,1601.660181,14.52200606,#DIV/0!,0.009066846,#DIV/0!,#DIV/0!,-,0,#DIV/0!,#DIV/0!,#DIV/0!,#DIV/0!,#DIV/0!,#DIV/0!,#DIV/0!,#DIV/0!,1899.970667,1601.660181,0.842992057,0.195984114,6,0.5,0: Broadleaf,1631135348,378.9172667,400.0007333,54.57678,45.43060333,378.7213333,54.32456333,500.2482333,100.5019667,0.2000126,44.03999333,43.07773,999.9,0,0,9999.458333,0,1906.072,1899.970667,0.900001833,0.099998323,0,927.3939667,4.99979,18247.58,16171.34,55.1912,56.5,55.562,55.88326667,56.8812,1705.476667,189.494,0,1631135349,0,921.52424,-497.5434623,-9619.861553,18134.088,15,1631132092,13:14:52,1631132088,1631132092,1,0.336,-0.193,0.201,0.252,403,43,0.32,0.31,14.53467312,-1.657205378,0.121612321,0,-21.08564516,0.815293548,0.070131456,1,9.131792581,2.812548871,0.212409409,0,1,3,3-Jan,100,100,0.196,0.2522,0.011800285,0.000778235,-8.34E-07,1.66E-10,0.252215,0,0,0,2,2117,2,28,54.5,54.4,1.06445,2.5708,1.59912,2.30225,1.69678,2.5769,43.8367,15.0952,18,490.389,478.338,42.8406,41.5142,30.0003,41.0762,40.9931,21.2885,0,100,-999.9,400,55.0302,97.6044,99.0515
19,1631135564,3385,20210908 14:12:44,14:12:44,15,B1R3,_SW,_5.4,_1,nraab,1631135556,0.008226639,8.226638526,13.33745854,380.2539,275.4772245,27.73614918,38.28548409,0.254932447,2.938308753,0.243251059,0.153036827,372.3626126,44.41165115,42.99808667,8.686760138,59.22907194,5.521939534,9.323022215,3.164820604,-362.794759,215.1203898,18.58434536,243.2725887,0,0,1,0,50235.01715,-,-,0,0,#DIV/0!,0,-,-,0,0,#DIV/0!,0.5,1601.65399,13.33745854,#DIV/0!,0.008327303,#DIV/0!,#DIV/0!,-,0,#DIV/0!,#DIV/0!,#DIV/0!,#DIV/0!,#DIV/0!,#DIV/0!,#DIV/0!,#DIV/0!,1899.963333,1601.65399,0.842992052,0.195984105,6,0.5,0: Broadleaf,1631135556,380.2539,400.0020333,54.84426,45.51875333,380.0576667,54.59203333,500.2701667,100.4840667,0.199934433,44.35608333,42.99808667,999.9,0,0,10001.60167,0,1590.839333,1899.963333,0.900001967,0.099997937,0,935.2059,4.99979,18644.65,16171.28,55.3309,56.625,55.7017,56.00413333,57.062,1705.470667,189.493,0,1631135557,0,931.38852,-741.1566154,-14379.38462,18570.824,15,1631132092,13:14:52,1631132088,1631132092,1,0.336,-0.193,0.201,0.252,403,43,0.32,0.31,13.33007797,0.848000261,0.10149039,0,-19.7319129,-1.738804839,0.170255313,0,9.31446129,2.263222258,0.169958725,0,0,3,0/3,100,100,0.196,0.2522,0.011800285,0.000778235,-8.34E-07,1.66E-10,0.252215,0,0,0,2,2117,2,28,57.9,57.9,1.06445,2.56348,1.59912,2.30347,1.69678,2.58301,43.8641,15.0426,18,515.696,477.673,42.9659,41.6237,29.9999,41.1726,41.0833,21.2862,0,100,-999.9,400,55.0302,97.5624,99.0042
20,1631135839,3659.5,20210908 14:17:18,14:17:18,15,B1R3,_SW,_5.4,_2,nraab,1631135831,0.00937998,9.379980178,16.3673224,376.1548,284.0884749,28.60096874,37.86986318,0.357762011,2.938454819,0.335205172,0.211411249,372.3721579,43.96030277,42.14199333,8.305267472,61.46002477,5.683789714,9.247945693,2.621477759,-413.6571259,326.0400368,28.03070375,312.7857726,3,1,1,0,50263.56965,-,-,0,0,#DIV/0!,0,-,-,0,0,#DIV/0!,0.5,1601.693281,16.3673224,#DIV/0!,0.010218762,#DIV/0!,#DIV/0!,-,0,#DIV/0!,#DIV/0!,#DIV/0!,#DIV/0!,#DIV/0!,#DIV/0!,#DIV/0!,#DIV/0!,1900.009667,1601.693281,0.842992175,0.195984349,6,0.5,0: Broadleaf,1631135831,376.1548,400.0182667,56.4561,45.84062333,375.9595333,56.20387667,500.2369667,100.4763,0.1999726,44.20009333,42.14199333,999.9,0,0,10003.20633,0,1738.794667,1900.009667,0.8999974,0.10000264,0,784.1874667,4.99979,15297.27667,16171.65,55.4832,56.50826667,55.812,55.9706,57.13326667,1705.504333,189.5053333,0,1631135832,0,780.81224,-335.5326918,-6353.438452,15232.692,15,1631132092,13:14:52,1631132088,1631132092,1,0.336,-0.193,0.201,0.252,403,43,0.32,0.31,16.37911576,-0.70862045,0.076708403,0,-23.86671613,0.512612903,0.078144395,1,10.60223226,0.94601129,0.071890146,1,2,3,3-Feb,100,100,0.196,0.2522,0.011800285,0.000778235,-8.34E-07,1.66E-10,0.252215,0,0,0,2,2117,2,28,62.5,62.4,1.06445,2.56836,1.59912,2.30103,1.69678,2.55859,44.0019,14.9901,18,501.684,476.413,43.0757,41.8485,30.0003,41.3641,41.2689,21.295,0,100,-999.9,400,55.0302,97.4849,98.9834
21,1631135907,3728,20210908 14:18:27,14:18:27,15,B1R3,_SW,_5.4,_3,nraab,1631135899,0.008486798,8.48679831,15.41223131,377.6807742,269.9042093,27.1728515,38.0233551,0.281857303,2.93807533,0.267650936,0.168498531,372.3641464,44.00789844,42.69919032,8.551878244,60.94805363,5.583709325,9.161423528,2.968168918,-374.2678055,209.0479336,18.00681645,225.151091,0,0,1,0,50281.86372,-,-,0,0,#DIV/0!,0,-,-,0,0,#DIV/0!,0.5,1601.658281,15.41223131,#DIV/0!,0.009622671,#DIV/0!,#DIV/0!,-,0,#DIV/0!,#DIV/0!,#DIV/0!,#DIV/0!,#DIV/0!,#DIV/0!,#DIV/0!,#DIV/0!,1899.968065,1601.658281,0.842992212,0.195984424,6,0.5,0: Broadleaf,1631135899,377.6807742,400.0109355,55.46221935,45.84758065,377.4851935,55.21000645,500.2435484,100.4759032,0.200005355,44.01895806,42.69919032,999.9,0,0,10001.08548,0,1632.514839,1899.968065,0.899995419,0.100004516,0,802.0957419,4.99979,15740.1,16171.27742,55.36077419,56.504,55.70732258,55.86280645,57,1705.464516,189.5035484,0,1631135900,0,800.22336,-149.1956152,-2855.553842,15703.336,15,1631132092,13:14:52,1631132088,1631132092,1,0.336,-0.193,0.201,0.252,403,43,0.32,0.31,15.41960842,-1.447323591,0.106214258,0,-22.33012258,0.857593548,0.069528512,1,9.614640968,2.247684194,0.169730248,0,1,3,3-Jan,100,100,0.196,0.2522,0.011800285,0.000778235,-8.34E-07,1.66E-10,0.252215,0,0,0,2,2117,2,28,63.7,63.6,1.06445,2.56958,1.59912,2.30103,1.69678,2.59033,44.0571,14.9726,18,513.299,476.216,42.9966,41.8698,30.0001,41.3809,41.2896,21.2985,0,100,-999.9,400,55.0302,97.4914,98.9926
22,1631136098,3919,20210908 14:21:38,14:21:38,15,B3R3,_SW,_5.7,_1,nraab,1631136090,0.00816382,8.163820069,14.02883902,379.4438333,283.5473204,28.53586685,38.18677845,0.29239092,2.937762903,0.277132203,0.174512177,372.3725013,44.17661366,42.1749,8.319658677,60.41316275,5.559445576,9.202374652,2.760213102,-360.0244651,305.6704766,26.27785342,344.2963663,0,0,1,0,50258.90821,-,-,0,0,#DIV/0!,0,-,-,0,0,#DIV/0!,0.5,1601.695191,14.02883902,#DIV/0!,0.008758745,#DIV/0!,#DIV/0!,-,0,#DIV/0!,#DIV/0!,#DIV/0!,#DIV/0!,#DIV/0!,#DIV/0!,#DIV/0!,#DIV/0!,1900.012,1601.695191,0.842992145,0.195984289,6,0.5,0: Broadleaf,1631136090,379.4438333,399.9859333,55.24156333,45.99055333,379.2478333,54.98934,500.2375667,100.4388,0.200016867,44.10487333,42.1749,999.9,0,0,10003.001,0,1717.976,1900.012,0.8999991,0.100000917,0,694.4202,4.99979,13664.91333,16171.66667,55.3708,56.63533333,55.75,55.9958,57.062,1705.508333,189.5036667,0,1631136091,0,694.03036,-80.01469231,-1617.730769,13656.908,15,1631132092,13:14:52,1631132088,1631132092,1,0.336,-0.193,0.201,0.252,403,43,0.32,0.31,14.03923078,-0.977157158,0.075871623,0,-20.54683548,0.897691935,0.07538094,1,9.247086129,0.742918065,0.056281142,1,2,3,3-Feb,100,100,0.196,0.2522,0.011800285,0.000778235,-8.34E-07,1.66E-10,0.252215,0,0,0,2,2117,2,28,66.8,66.8,1.06567,2.57812,1.59912,2.30103,1.69678,2.45605,44.0571,14.9288,18,506.564,476.624,42.9991,41.9638,29.9993,41.4828,41.3887,21.3031,0,100,-999.9,400,55.0302,97.4995,98.9657
23,1631136362,4182.5,20210908 14:26:01,14:26:01,15,B3R3,_SW,_5.7,_2,nraab,1631136354,0.007313305,7.313304767,12.85899011,381.2244194,271.9194631,27.36300616,38.36226364,0.231534312,2.937128683,0.221851325,0.139493311,372.3635322,44.25223014,42.74390645,8.571941088,60.06196531,5.486430681,9.134617312,3.085510407,-322.5167402,192.9661304,16.62599788,259.4389203,0,0,1,0,50263.87161,-,-,0,0,#DIV/0!,0,-,-,0,0,#DIV/0!,0.5,1601.656052,12.85899011,#DIV/0!,0.008028559,#DIV/0!,#DIV/0!,-,0,#DIV/0!,#DIV/0!,#DIV/0!,#DIV/0!,#DIV/0!,#DIV/0!,#DIV/0!,#DIV/0!,1899.965484,1601.656052,0.842992183,0.195984367,6,0.5,0: Broadleaf,1631136354,381.2244194,399.9920645,54.52132258,46.22770323,381.0280323,54.26910645,500.2332581,100.4290968,0.199985968,43.96253871,42.74390645,999.9,0,0,10000.35645,0,1819.624194,1899.965484,0.899997806,0.100002239,0,974.7617742,4.99979,19220.3871,16171.27097,55.187,56.375,55.58029032,55.625,56.84248387,1705.465161,189.5016129,0,1631136355,0,958.65948,-886.1968462,-17003.36923,18911.912,15,1631132092,13:14:52,1631132088,1631132092,1,0.336,-0.193,0.201,0.252,403,43,0.32,0.31,12.87885122,-1.535017766,0.115146855,0,-18.77260645,0.61053871,0.06287791,1,8.267943548,3.058064032,0.229777031,0,1,3,3-Jan,100,100,0.197,0.2523,0.011800285,0.000778235,-8.34E-07,1.66E-10,0.252215,0,0,0,2,2117,2,28,71.2,71.2,1.06445,2.56592,1.59912,2.2998,1.69678,2.5415,43.9743,14.8938,18,516.257,475.325,42.9059,41.981,29.9998,41.5319,41.4434,21.3036,0,100,-999.9,400,55.0302,97.4782,98.9982
24,1631136437,4258,20210908 14:27:17,14:27:17,15,B3R3,_SW,_5.7,_3,nraab,1631136429,0.007674957,7.674957189,12.9162166,380.9872333,278.0737714,27.98223848,38.33829983,0.249814899,2.937046239,0.238582098,0.15008094,372.3686079,44.21933475,42.65532667,8.532237378,60.25468006,5.521146376,9.163016667,3.011091002,-338.465612,216.4503975,18.64740041,269.0007939,0,0,1,0,50252.12721,-,-,0,0,#DIV/0!,0,-,-,0,0,#DIV/0!,0.5,1601.677351,12.9162166,#DIV/0!,0.008064181,#DIV/0!,#DIV/0!,-,0,#DIV/0!,#DIV/0!,#DIV/0!,#DIV/0!,#DIV/0!,#DIV/0!,#DIV/0!,#DIV/0!,1899.990667,1601.677351,0.84299222,0.195984441,6,0.5,0: Broadleaf,1631136429,380.9872333,399.988,54.86644667,46.16528,380.7909,54.61422667,500.1991,100.4288,0.200030767,44.02230667,42.65532667,999.9,0,0,9999.916667,0,1820.179667,1899.990667,0.899996567,0.100003397,0,770.0043333,4.99979,15126.13333,16171.47333,55.0704,56.437,55.5,55.625,56.75,1705.484333,189.5063333,0,1631136430,0,770.0079615,-110.0929573,-2214.622223,15125.91923,15,1631132092,13:14:52,1631132088,1631132092,1,0.336,-0.193,0.201,0.252,403,43,0.32,0.31,12.92410743,-1.087724756,0.080619834,0,-19.00328065,0.820301613,0.065613312,1,8.696011935,1.080838065,0.081132912,0,1,3,3-Jan,100,100,0.196,0.2522,0.011800285,0.000778235,-8.34E-07,1.66E-10,0.252215,0,0,0,2,2117,2,28,72.5,72.4,1.06567,2.56348,1.59912,2.29858,1.69678,2.51709,44.0019,14.8763,18,508.141,476.17,42.9001,41.929,29.9997,41.4944,41.4059,21.3155,0,100,-999.9,400,55.0302,97.5149,98.9761
25,1631136604,4425,20210908 14:30:04,14:30:04,15,B3R3,_SW,_5.10,_1,nraab,1631136596,0.006121411,6.121410566,11.82047763,382.9990333,257.2672367,25.88646694,38.53771642,0.180474272,2.936491185,0.174530936,0.109599515,372.3695613,44.65192074,42.89713,8.640997361,58.36301532,5.357355132,9.179366595,3.283642228,-269.954206,183.5650055,15.83798212,301.818343,0,0,1,0,50231.29725,-,-,0,0,#DIV/0!,0,-,-,0,0,#DIV/0!,0.5,1601.683291,11.82047763,#DIV/0!,0.007380034,#DIV/0!,#DIV/0!,-,0,#DIV/0!,#DIV/0!,#DIV/0!,#DIV/0!,#DIV/0!,#DIV/0!,#DIV/0!,#DIV/0!,1899.998,1601.683291,0.842992093,0.195984186,6,0.5,0: Broadleaf,1631136596,382.9990333,399.9897333,53.24295333,46.29134,382.8022333,52.99074333,500.2138333,100.4209333,0.199990133,44.05664333,42.89713,999.9,0,0,9997.540333,0,1299.751,1899.998,0.900000433,0.099999563,0,658.8519333,4.99979,13239.43,16171.55333,55.05373333,56.3477,55.4727,55.625,56.75,1705.499,189.499,0,1631136597,0,658.10888,-63.47469241,-810.2999989,13224.412,15,1631132092,13:14:52,1631132088,1631132092,1,0.336,-0.193,0.201,0.252,403,43,0.32,0.31,11.82783598,-0.644171314,0.051529793,0,-16.99107097,-0.205819355,0.030902314,1,6.939131613,2.413257097,0.182665501,0,1,3,3-Jan,100,100,0.197,0.2523,0.011800285,0.000778235,-8.34E-07,1.66E-10,0.252215,0,0,0,2,2117,2,28,75.3,75.2,1.06567,2.56836,1.59912,2.2998,1.69678,2.45972,44.0571,14.8413,18,514.282,475.665,42.8717,41.8698,29.9995,41.4647,41.3809,21.3045,0,100,-999.9,400,55.0302,97.5107,98.9614
26,1631136824,4644.6,20210908 14:33:43,14:33:43,15,B3R3,_SW,_5.10,_2,nraab,1631136816,0.008840951,8.84095116,12.88691023,380.4912,302.5343802,30.44324905,38.2878414,0.344606028,2.936888597,0.323615005,0.204038699,372.3672766,44.22253137,41.97235,8.231418099,60.94165571,5.672262737,9.307693844,2.559155362,-389.8859461,372.3962593,32.02637299,386.9039627,0,0,1,0,50199.9494,-,-,0,0,#DIV/0!,0,-,-,0,0,#DIV/0!,0.5,1601.672712,12.88691023,#DIV/0!,0.008045907,#DIV/0!,#DIV/0!,-,0,#DIV/0!,#DIV/0!,#DIV/0!,#DIV/0!,#DIV/0!,#DIV/0!,#DIV/0!,#DIV/0!,1899.985333,1601.672712,0.842992145,0.19598429,6,0.5,0: Broadleaf,1631136816,380.4912,399.9824667,56.36896667,46.36283667,380.2949667,56.11674667,500.2491,100.4274,0.2000032,44.32432333,41.97235,999.9,0,0,9999.158667,0,1599.547667,1899.985333,0.899998267,0.100001783,0,735.2750667,4.99979,14518.64333,16171.44333,55.3414,56.625,55.75,55.937,57.02066667,1705.484,189.501,0,1631136817,0,733.88936,-114.4038462,-2070.061538,14494.188,15,1631132092,13:14:52,1631132088,1631132092,1,0.336,-0.193,0.201,0.252,403,43,0.32,0.31,12.92113149,-2.154738266,0.157955064,0,-19.51253226,1.830304839,0.140444918,0,9.982940968,1.774024839,0.133254714,0,0,3,0/3,100,100,0.197,0.2522,0.011800285,0.000778235,-8.34E-07,1.66E-10,0.252215,0,0,0,2,2117,2,28,78.9,78.9,1.06567,2.55859,1.59912,2.29736,1.69678,2.58667,44.1124,14.7975,18,516.358,475.055,43.1481,42.1586,30.0003,41.682,41.5961,21.3159,0,100,-999.9,400,55.0302,97.4413,98.9475
27,1631136898,4719.1,20210908 14:34:58,14:34:58,15,B3R3,_SW,_5.10,_3,nraab,1631136890,0.008181472,8.181472035,13.93185135,379.5694194,275.4891025,27.72024705,38.1930101,0.266344206,2.936954687,0.253616082,0.159602923,372.3702161,44.41420907,42.85036129,8.619868321,60.12995403,5.603291595,9.318636086,3.016576726,-360.8029167,236.9734347,20.46648933,269.0072234,0,0,1,0,50198.06278,-,-,0,0,#DIV/0!,0,-,-,0,0,#DIV/0!,0.5,1601.68655,13.93185135,#DIV/0!,0.008698238,#DIV/0!,#DIV/0!,-,0,#DIV/0!,#DIV/0!,#DIV/0!,#DIV/0!,#DIV/0!,#DIV/0!,#DIV/0!,#DIV/0!,1900.001935,1601.68655,0.842992062,0.195984125,6,0.5,0: Broadleaf,1631136890,379.5694194,400.007129,55.68658065,46.41872258,379.3733871,55.43436452,500.172129,100.4219677,0.199969,44.347,42.85036129,999.9,0,0,10000.07581,0,754.988871,1900.001935,0.900001161,0.099998684,0,735.7129355,4.99979,14965.56774,16171.59677,55.387,56.74187097,55.8,56.012,57.08029032,1705.504194,189.4974194,0,1631136891,0,733.7766,-136.8416925,-3776.53078,14921.812,15,1631132092,13:14:52,1631132088,1631132092,1,0.336,-0.193,0.201,0.252,403,43,0.32,0.31,13.93640718,-0.267718501,0.05824541,1,-20.4375871,-0.945629032,0.11215937,1,9.267853871,3.345780968,0.253873568,0,2,3,3-Feb,100,100,0.196,0.2522,0.011800285,0.000778235,-8.34E-07,1.66E-10,0.252215,0,0,0,2,2117,2,28,80.2,80.1,1.06567,2.56348,1.59912,2.29858,1.69678,2.61719,44.14,14.7887,18,507.922,474.162,43.1796,42.1832,29.9997,41.699,41.6024,21.3218,0,100,-999.9,400,55.0302,97.4631,98.9244
28,1631137566,5387.1,20210908 14:46:06,14:46:06,15,B1R4,_SW,_5.7,_2,nraab,1631137558,0.008109241,8.109240502,13.50365594,380.1045484,285.8176892,28.75779642,38.2445511,0.287738228,2.936805263,0.272943511,0.171855525,372.3639684,44.17705949,42.53315806,8.4777395,61.97319785,5.699007052,9.195922187,2.778732449,-357.6175061,246.7083184,21.25056852,282.7053492,0,0,1,0,50234.30879,-,-,0,0,#DIV/0!,0,-,-,0,0,#DIV/0!,0.5,1601.658192,13.50365594,#DIV/0!,0.008431047,#DIV/0!,#DIV/0!,-,0,#DIV/0!,#DIV/0!,#DIV/0!,#DIV/0!,#DIV/0!,#DIV/0!,#DIV/0!,#DIV/0!,1899.968065,1601.658192,0.842992165,0.19598433,6,0.5,0: Broadleaf,1631137558,380.1045484,400.0001613,56.64123226,47.46483226,379.9084194,56.38900968,500.191129,100.4158387,0.200034645,44.09135806,42.53315806,999.9,0,0,9999.835484,0,1598.91871,1899.968065,0.899997452,0.100002587,0,687.3539355,4.99979,13504.30323,16171.2871,55.1006129,56.18509677,55.397,55.542,56.72967742,1705.468065,189.5006452,0,1631137559,0,686.7309231,-105.4337094,-1962.082051,13492.74231,15,1631132092,13:14:52,1631132088,1631132092,1,0.336,-0.193,0.201,0.252,403,43,0.32,0.31,13.49372673,3.5830156,0.271688707,0,-19.89570645,-4.514806452,0.353270269,0,9.176408387,0.954217742,0.071742185,1,1,3,3-Jan,100,100,0.196,0.2522,0.011800285,0.000778235,-8.34E-07,1.66E-10,0.252215,0,0,0,2,2117,2,28,91.3,91.2,1.06567,2.5647,1.59912,2.30225,1.69678,2.3999,44.0295,14.6486,18,508.948,476.273,42.8344,41.9039,30,41.494,41.4059,21.3097,0,100,-999.9,400,55.0302,97.4141,99.047
29,1631137695,5515.6,20210908 14:48:14,14:48:14,15,B1R4,_SW,_5.7,_3,nraab,1631137687,0.006278639,6.278638909,11.59998245,383.1943333,271.2772254,27.29292008,38.55278415,0.201568596,2.936132475,0.194184432,0.12200617,372.3695259,44.62215679,42.72204333,8.562126651,60.28764756,5.537035691,9.18436183,3.02509096,-276.8879759,212.9164444,18.35835857,326.7563531,0,0,1,0,50219.55512,-,-,0,0,#DIV/0!,0,-,-,0,0,#DIV/0!,0.5,1601.68079,11.59998245,#DIV/0!,0.007242381,#DIV/0!,#DIV/0!,-,0,#DIV/0!,#DIV/0!,#DIV/0!,#DIV/0!,#DIV/0!,#DIV/0!,#DIV/0!,#DIV/0!,1899.994667,1601.68079,0.842992256,0.195984511,6,0.5,0: Broadleaf,1631137687,383.1943333,399.994,55.03521333,47.91865333,382.9975,54.783,500.2214,100.4090333,0.199928733,44.06712333,42.72204333,999.9,0,0,9996.683333,0,212.8483667,1899.994667,0.8999955,0.100004533,0,655.6377,4.99979,13232.26667,16171.52,55.1912,56.40393333,55.5372,55.812,56.812,1705.486,189.509,0,1631137687,0,655.6785769,-168.7641369,-2156.957268,13228.59231,15,1631132092,13:14:52,1631132088,1631132092,1,0.336,-0.193,0.201,0.252,403,43,0.32,0.31,11.62752101,-1.962583454,0.14389401,0,-16.80278065,0.608583871,0.062988076,1,7.061712903,4.127495323,0.312030187,0,1,3,3-Jan,100,100,0.197,0.2522,0.011800285,0.000778235,-8.34E-07,1.66E-10,0.252215,0,0,0,2,2117,2,28,93.5,93.4,1.06567,2.5647,1.59912,2.30225,1.69678,2.61963,44.1954,14.6311,18,505.871,475.672,42.8074,41.8911,29.9996,41.4857,41.3976,21.3106,0,100,-999.9,400,55.0302,97.413,99.041
30,1631137915,5736.1,20210908 14:51:55,14:51:55,15,B2R3,_SW,_5.14,_1,nraab,1631137907,0.006975609,6.975609065,12.68558335,381.5915,274.26758,27.60407316,38.40585053,0.231566664,2.937707134,0.221882853,0.139513089,372.3657113,44.58368541,42.77714333,8.586879903,61.0327606,5.646465486,9.251532177,2.940414417,-307.6243598,226.5476383,19.5413312,310.830321,8,2,1,0,50241.26411,-,-,0,0,#DIV/0!,0,-,-,0,0,#DIV/0!,0.5,1601.667211,12.68558335,#DIV/0!,0.007920237,#DIV/0!,#DIV/0!,-,0,#DIV/0!,#DIV/0!,#DIV/0!,#DIV/0!,#DIV/0!,#DIV/0!,#DIV/0!,#DIV/0!,1899.979,1601.667211,0.84299206,0.195984119,6,0.5,0: Broadleaf,1631137907,381.5915,399.9999,56.10195333,48.20448333,381.3949667,55.84974667,500.2308667,100.4464667,0.2000376,44.20757,42.77714333,999.9,0,0,10001.92,0,1362.062667,1899.979,0.9000022,0.099997897,0,690.6487,4.99979,13461.62333,16171.40667,55.0683,56,55.37913333,55.41426667,56.75,1705.484,189.495,0,1631137908,0,689.9678846,-141.4753162,-2699.439317,13449.03846,15,1631132092,13:14:52,1631132088,1631132092,1,0.336,-0.193,0.201,0.252,403,43,0.32,0.31,12.70038623,-2.297064692,0.172173916,0,-18.41609355,2.129554839,0.168857485,0,7.891115161,1.291910323,0.09693091,0,0,3,0/3,100,100,0.197,0.2522,0.011800285,0.000778235,-8.34E-07,1.66E-10,0.252215,0,0,0,2,2117,2,28,97.1,97.1,1.06567,2.5708,1.59912,2.30225,1.69678,2.44873,44.2787,14.5698,18,495.957,475.243,42.8418,41.8823,30.0002,41.494,41.4137,21.3154,0,100,-999.9,400,55.0302,97.4364,99.0124
31,1631138144,5965.1,20210908 14:55:44,14:55:44,15,B2R3,_SW,_5.14,_2,nraab,1631138136,0.008944603,8.944603017,15.82784473,376.9651935,274.7019309,27.64897193,37.94185218,0.307800794,2.937419301,0.290939273,0.183274972,372.3672755,44.29858577,43.15248065,8.757151181,62.92293805,5.887876945,9.357282299,2.869274236,-394.456993,201.8208099,17.45927063,197.190363,0,0,1,0,50198.74803,-,-,0,0,#DIV/0!,0,-,-,0,0,#DIV/0!,0.5,1601.675226,15.82784473,#DIV/0!,0.009882056,#DIV/0!,#DIV/0!,-,0,#DIV/0!,#DIV/0!,#DIV/0!,#DIV/0!,#DIV/0!,#DIV/0!,#DIV/0!,#DIV/0!,1899.98871,1601.675226,0.842991971,0.195983941,6,0.5,0: Broadleaf,1631138136,376.9651935,399.9936129,58.49805806,48.39731935,376.7697097,58.24583871,500.2422903,100.4508065,0.200003839,44.42690645,43.15248065,999.9,0,0,9999.849355,0,1443.860323,1899.98871,0.900004032,0.099996003,0,678.9694194,4.99979,13324.35161,16171.48387,55.562,56.72154839,55.83029032,56.06403226,57.183,1705.498387,189.4903226,0,1631138137,0,677.9706154,-80.09620518,-1526.909403,13306.16538,15,1631132092,13:14:52,1631132088,1631132092,1,0.336,-0.193,0.201,0.252,403,43,0.32,0.31,15.83704303,-1.887515726,0.143009014,0,-23.02843226,1.032962903,0.092329639,0,10.10073323,3.10791871,0.234999225,0,0,3,0/3,100,100,0.195,0.2522,0.011800285,0.000778235,-8.34E-07,1.66E-10,0.252215,0,0,0,2,2117,2,28,100.9,100.9,1.06567,2.56348,1.59912,2.2998,1.69678,2.48291,44.4177,14.5261,18,514.5,474.53,43.1285,42.306,30.0009,41.8269,41.7413,21.3266,0,100,-999.9,400,55.0302,97.344,98.9387
32,1631138243,6063.6,20210908 14:57:22,14:57:22,15,B2R3,_SW,_5.14,_3,nraab,1631138235,0.007143003,7.143003253,9.76189064,384.9799355,289.2038907,29.10684173,38.74619399,0.210206306,2.937141646,0.202191902,0.127064542,372.364398,44.79643545,43.61852258,8.972630042,60.54277427,5.675818816,9.374890537,3.296811227,-315.0064435,133.7553525,11.59962675,202.7129338,3,1,1,0,50185.27297,-,-,0,0,#DIV/0!,0,-,-,0,0,#DIV/0!,0.5,1601.659849,9.76189064,#DIV/0!,0.006094859,#DIV/0!,#DIV/0!,-,0,#DIV/0!,#DIV/0!,#DIV/0!,#DIV/0!,#DIV/0!,#DIV/0!,#DIV/0!,#DIV/0!,1899.97,1601.659849,0.842992178,0.195984357,6,0.5,0: Broadleaf,1631138235,384.9799355,399.9864194,56.39460645,48.31053226,384.7827419,56.14238065,500.2559032,100.4447097,0.200000387,44.46321935,43.61852258,999.9,0,0,9998.875806,0,1565.809677,1899.97,0.899998387,0.100001542,0,682.6893871,4.99979,13515.32903,16171.31935,55.536,56.937,55.907,56.187,57.19919355,1705.468387,189.5016129,0,1631138236,0,681.8909615,-72.67620517,-1503.852992,13498.55769,15,1631132092,13:14:52,1631132088,1631132092,1,0.336,-0.193,0.201,0.252,403,43,0.32,0.31,9.796830142,-2.937804883,0.21314155,0,-15.03338065,3.342227419,0.250587366,0,8.081332581,0.335451774,0.02505983,1,1,3,3-Jan,100,100,0.197,0.2522,0.011800285,0.000778235,-8.34E-07,1.66E-10,0.252215,0,0,0,2,2117,2,28,102.6,102.5,1.06689,2.56226,1.59912,2.2998,1.69678,2.61841,44.5014,14.5173,18,502.176,474.014,43.1819,42.4046,30,41.9051,41.8175,21.3295,0,100,-999.9,400,55.0302,97.3405,98.9583
33,1631138395,6215.6,20210908 14:59:54,14:59:54,15,B2R3,_SW,_5.3,_1,nraab,1631138387,0.006508416,6.508416062,13.07521771,381.3329667,251.7475359,25.33884912,38.38185933,0.192695438,2.937277208,0.185937881,0.116798573,372.3634713,45.38635057,43.43713667,8.888225586,58.62665964,5.618991511,9.584362379,3.269234075,-287.0211483,230.1851407,19.9846824,335.512146,23,5,1,0,50121.63559,-,-,0,0,#DIV/0!,0,-,-,0,0,#DIV/0!,0.5,1601.655661,13.07521771,#DIV/0!,0.008163564,#DIV/0!,#DIV/0!,-,0,#DIV/0!,#DIV/0!,#DIV/0!,#DIV/0!,#DIV/0!,#DIV/0!,#DIV/0!,#DIV/0!,1899.965,1601.655661,0.842992192,0.195984385,6,0.5,0: Broadleaf,1631138387,381.3329667,399.9925333,55.82602667,48.45546667,381.1365667,55.57381333,500.2396333,100.4518667,0.199959133,44.89074333,43.43713667,999.9,0,0,9998.935,0,611.0199333,1899.965,0.899997367,0.10000266,0,846.9901,4.99979,17332.48667,16171.25333,55.812,56.88326667,56.125,56.437,57.5,1705.463,189.502,0,1631138388,0,844.41316,-307.9436918,-5995.676913,17282.112,15,1631132092,13:14:52,1631132088,1631132092,1,0.336,-0.193,0.201,0.252,403,43,0.32,0.31,13.10773943,-2.021778376,0.152719246,0,-18.65697419,0.190045161,0.077871084,1,7.296347742,5.543350645,0.419285954,0,1,3,3-Jan,100,100,0.196,0.2523,0.011800285,0.000778235,-8.34E-07,1.66E-10,0.252215,0,0,0,2,2117,2,28,105.1,105,1.06689,2.56714,1.59912,2.2998,1.69678,2.61841,44.5293,14.491,18,478.062,474.378,43.3788,42.4177,29.9996,41.9393,41.8387,21.3351,0,100,-999.9,400,55.0302,97.3355,98.9583
34,1631138539,6360,20210908 15:02:19,15:02:19,15,B2R3,_SW,_5.3,_2,nraab,1631138531,0.005001743,5.001742627,8.820862773,387.1082903,268.7349251,27.04862385,38.96310287,0.144704873,2.937213059,0.14085785,0.088373278,372.3666806,45.97615194,43.2399,8.797225682,56.54279296,5.476595362,9.685753171,3.32063032,-220.5768498,293.7227723,25.50248361,471.0150867,2,0,1,0,50087.72703,-,-,0,0,#DIV/0!,0,-,-,0,0,#DIV/0!,0.5,1601.670844,8.820862773,#DIV/0!,0.005507288,#DIV/0!,#DIV/0!,-,0,#DIV/0!,#DIV/0!,#DIV/0!,#DIV/0!,#DIV/0!,#DIV/0!,#DIV/0!,#DIV/0!,1899.983226,1601.670844,0.842992097,0.195984194,6,0.5,0: Broadleaf,1631138531,387.1082903,400.0108065,54.41136129,48.73848065,386.9107419,54.15915161,500.2316774,100.4516774,0.200010613,45.09478387,43.2399,999.9,0,0,9998.58871,0,822.3562581,1899.983226,0.900000032,0.099999848,0,866.9203871,4.99979,16984.70645,16171.43226,55.97967742,56.94512903,56.264,56.5,57.641,1705.485161,189.4977419,0,1631138532,0,861.2201538,-620.2193505,-12003.11795,16875.28462,15,1631132092,13:14:52,1631132088,1631132092,1,0.336,-0.193,0.201,0.252,403,43,0.32,0.31,8.815389998,0.506112083,0.074826875,0,-12.90431,-1.288068521,0.122635241,0,5.663939667,2.587273949,0.188569431,0,0,3,0/3,100,100,0.198,0.2522,0.011800285,0.000778235,-8.34E-07,1.66E-10,0.252215,0,0,0,2,2117,2,28,107.5,107.5,1.06689,2.56714,1.59912,2.2998,1.69678,2.58789,44.6412,14.4648,18,503.046,474.195,43.6099,42.5139,29.9998,42.0208,41.9296,21.33,0,100,-999.9,400,55.0302,97.3225,98.9476
35,1631138602,6423,20210908 15:03:22,15:03:22,15,B2R3,_SW,_5.3,_3,nraab,1631138594,0.007715623,7.715622582,14.35642503,379.2877742,260.0193595,26.17113875,38.17559194,0.234213893,2.937407522,0.224311535,0.141049509,372.3665045,45.26801986,43.63142258,8.978659129,59.61505322,5.770243776,9.679172399,3.208415353,-340.2589559,229.6517813,19.97382884,281.7331588,0,0,1,0,50095.10248,-,-,0,0,#DIV/0!,0,-,-,0,0,#DIV/0!,0.5,1601.669314,14.35642503,#DIV/0!,0.008963414,#DIV/0!,#DIV/0!,-,0,#DIV/0!,#DIV/0!,#DIV/0!,#DIV/0!,#DIV/0!,#DIV/0!,#DIV/0!,#DIV/0!,1899.98129,1601.669314,0.84299215,0.195984301,6,0.5,0: Broadleaf,1631138594,379.2877742,400.0182903,57.32937742,48.60518387,379.091871,57.07716452,500.2152258,100.4507097,0.200021871,45.08159677,43.63142258,999.9,0,0,9999.791935,0,198.9420968,1899.98129,0.89999829,0.100001484,0,890.6673871,4.99979,17580.75806,16171.40968,56,57,56.312,56.522,57.679,1705.480323,189.5009677,0,1631138595,0,886.32048,-301.8740005,-5737.061548,17499.832,15,1631132092,13:14:52,1631132088,1631132092,1,0.336,-0.193,0.201,0.252,403,43,0.32,0.31,14.39341355,-2.026955901,0.154909832,0,-20.73937,1.381105228,0.112617483,0,8.714339333,2.857316129,0.20837376,0,0,3,0/3,100,100,0.196,0.2522,0.011800285,0.000778235,-8.34E-07,1.66E-10,0.252215,0,0,0,2,2117,2,28,108.6,108.5,1.06689,2.56836,1.59912,2.2998,1.69678,2.55127,44.7253,14.4472,18,514.746,474.108,43.6841,42.5182,29.9999,42.0337,41.9406,21.3308,0,100,-999.9,400,55.0302,97.3244,98.9403
36,1631138867,6688,20210908 15:07:47,15:07:47,15,B3R1,_SE,_5.8,_1,nraab,1631138859,0.007139108,7.139108439,12.24713148,382.0163548,271.618615,27.32460969,38.4305317,0.218781696,2.936550795,0.210112887,0.132070792,372.3753496,45.62950257,43.52816774,8.930498888,58.87801975,5.761998412,9.786331871,3.168500476,-314.8346821,279.7758663,24.35321986,361.6697537,0,0,1,0,50036.99517,-,-,0,0,#DIV/0!,0,-,-,0,0,#DIV/0!,0.5,1601.706901,12.24713148,#DIV/0!,0.0076463,#DIV/0!,#DIV/0!,-,0,#DIV/0!,#DIV/0!,#DIV/0!,#DIV/0!,#DIV/0!,#DIV/0!,#DIV/0!,#DIV/0!,1900.025806,1601.706901,0.842992182,0.195984364,6,0.5,0: Broadleaf,1631138859,382.0163548,399.9774194,57.27679355,49.20423548,381.819871,57.02457097,500.2282903,100.3991935,0.199985548,45.29537419,43.52816774,999.9,0,0,10000.04452,0,247.6039677,1900.025806,0.899997419,0.100002561,0,584.7469677,4.99979,11998.79032,16171.77097,56.125,56.86280645,56.375,56.49593548,57.75,1705.518387,189.5074194,0,1631138860,0,583.17932,-86.71269243,-466.0692302,12011.064,15,1631132092,13:14:52,1631132088,1631132092,1,0.336,-0.193,0.201,0.252,403,43,0.32,0.31,12.28293272,-2.315999544,0.174874451,0,-17.96837667,1.99279822,0.148607139,0,8.065982,1.874577798,0.136783256,0,0,3,0/3,100,100,0.197,0.2522,0.011800285,0.000778235,-8.34E-07,1.66E-10,0.252215,0,0,0,2,2117,2,28,113,112.9,1.06689,2.5647,1.59912,2.30103,1.69678,2.58789,44.7815,14.3947,18,515.159,470.656,43.9158,42.9456,30.0005,42.3556,42.2593,21.3411,0,100,-999.9,400,55.0302,97.2273,98.8643
37,1631139136,6957,20210908 15:12:16,15:12:16,15,B3R1,_SE,_5.8,_2,nraab,1631139128,0.007896526,7.896526086,12.84401891,380.9810323,287.140131,28.88866434,38.32983263,0.275718904,2.936409282,0.262101221,0.164980694,372.3708613,45.45298524,43.19599677,8.777079917,60.92922115,5.968097257,9.795131375,2.808982659,-348.2368004,335.1123721,29.12815322,388.3745862,31,6,1,0,50030.56668,-,-,0,0,#DIV/0!,0,-,-,0,0,#DIV/0!,0.5,1601.688074,12.84401891,#DIV/0!,0.008019051,#DIV/0!,#DIV/0!,-,0,#DIV/0!,#DIV/0!,#DIV/0!,#DIV/0!,#DIV/0!,#DIV/0!,#DIV/0!,#DIV/0!,1900.003548,1601.688074,0.842992149,0.195984298,6,0.5,0: Broadleaf,1631139128,380.9810323,399.994871,59.32016129,50.4107,380.7846774,59.06794516,500.2391935,100.4081935,0.200050387,45.31283871,43.19599677,999.9,0,0,9998.342581,0,73.69534516,1900.003548,0.899998065,0.100002087,0,679.3370323,4.99979,13236.01613,16171.5871,56.25,57.01,56.49187097,56.562,57.8363871,1705.501613,189.5032258,0,1631139129,0,678.36744,-67.90607704,-1290.169233,13217.384,15,1631132092,13:14:52,1631132088,1631132092,1,0.336,-0.193,0.201,0.252,403,43,0.32,0.31,12.85127638,-0.556459265,0.072610506,0,-19.01757667,0.023228476,0.071382802,1,8.901854,2.455556663,0.181092627,0,1,3,3-Jan,100,100,0.196,0.2522,0.011800285,0.000778235,-8.34E-07,1.66E-10,0.252215,0,0,0,2,2117,2,28,117.5,117.4,1.06689,2.57812,1.59912,2.2998,1.69678,2.50366,45.1201,14.3334,18,467.93,470.094,44.0646,43.1397,29.9999,42.6166,42.512,21.3447,0,100,-999.9,400,55.0302,97.1904,98.8174
39,1631139245,7065.5,20210908 15:14:04,15:14:04,15,B3R1,_SE,_5.8,_3,nraab,1631139238,0.007268598,7.268597684,10.84867102,383.6317917,280.038331,28.17193487,38.59346615,0.211816803,2.937609624,0.203682923,0.128006599,372.3627263,45.61595363,44.11972917,9.209471647,60.11312611,5.888863816,9.796302733,3.320607831,-320.5451578,189.323658,16.52139587,257.6626223,3,1,1,0,50062.83925,-,-,0,0,#DIV/0!,0,-,-,0,0,#DIV/0!,0.5,1601.653426,10.84867102,#DIV/0!,0.00677342,#DIV/0!,#DIV/0!,-,0,#DIV/0!,#DIV/0!,#DIV/0!,#DIV/0!,#DIV/0!,#DIV/0!,#DIV/0!,#DIV/0!,1899.9625,1601.653426,0.842992125,0.19598425,6,0.5,0: Broadleaf,1631139238,383.6317917,399.9889167,58.53725,50.32924583,383.434875,58.2850375,500.227375,100.4002917,0.199989625,45.3151625,44.11972917,999.9,0,0,10005.96458,0,149.7555,1899.9625,0.900000542,0.099999283,0,594.9174167,4.99979,11803.07083,16171.27083,56.187,57.22375,56.4685,56.63533333,57.875,1705.465,189.4975,0,1631139238,0,595.8940769,-47.51487183,-952.0000006,11825,15,1631132092,13:14:52,1631132088,1631132092,1,0.336,-0.193,0.201,0.252,403,43,0.32,0.31,10.88805292,-1.039803305,0.081988747,0,-16.38681333,1.130082314,0.087252667,0,8.197359667,0.384984828,0.028052948,1,1,3,3-Jan,100,100,0.197,0.2522,0.011800285,0.000778235,-8.34E-07,1.66E-10,0.252215,0,0,0,2,2117,2,28,119.3,119.2,1.06689,2.56836,1.59912,2.30103,1.69678,2.59399,45.2335,14.3247,18,502.309,471.102,44.019,43.1239,29.9997,42.6342,42.5355,21.336,0,100,-999.9,400,55.0302,97.2007,98.8357