SysConst,AvgTime,Oxygen,,,,,,,,,,,,,,,,,,,,,,,,,,,,,,,,,,,,,,,,,,,,,,,,,,,,,,,,,,,,,,,,,,,,,,,,,,,,,,,,,,,,,,,,,,,,,,,,,,,,,,,,,,,,,,,,,,,,,,,,,,,,,,,,,,,,,,,,,,,,,,,,,,,,,,,,,,,,,,,,,,,,,,,,,,,,,,,,,,,,,,,,,,,,,,,,,,,,
,4,21,,,,,,,,,,,,,,,,,,,,,,,,,,,,,,,,,,,,,,,,,,,,,,,,,,,,,,,,,,,,,,,,,,,,,,,,,,,,,,,,,,,,,,,,,,,,,,,,,,,,,,,,,,,,,,,,,,,,,,,,,,,,,,,,,,,,,,,,,,,,,,,,,,,,,,,,,,,,,,,,,,,,,,,,,,,,,,,,,,,,,,,,,,,,,,,,,,,,
ChambConst,Chamber,Aperture,blc_a,blc_b,blc_c,blc_d,blc_e,blc_minS,blc_maxS,blc_Po,,,,,,,,,,,,,,,,,,,,,,,,,,,,,,,,,,,,,,,,,,,,,,,,,,,,,,,,,,,,,,,,,,,,,,,,,,,,,,,,,,,,,,,,,,,,,,,,,,,,,,,,,,,,,,,,,,,,,,,,,,,,,,,,,,,,,,,,,,,,,,,,,,,,,,,,,,,,,,,,,,,,,,,,,,,,,,,,,,,,,,,,,,,,
,6800-01A,6 cm²,0.578,0.5229739,0.003740252,-0.06197961,-0.005608586,1,6,96.9,,,,,,,,,,,,,,,,,,,,,,,,,,,,,,,,,,,,,,,,,,,,,,,,,,,,,,,,,,,,,,,,,,,,,,,,,,,,,,,,,,,,,,,,,,,,,,,,,,,,,,,,,,,,,,,,,,,,,,,,,,,,,,,,,,,,,,,,,,,,,,,,,,,,,,,,,,,,,,,,,,,,,,,,,,,,,,,,,,,,,,,,,,,,
LTConst,deltaTw,fT1,fT2,fTeb,,,,,,,,,,,,,,,,,,,,,,,,,,,,,,,,,,,,,,,,,,,,,,,,,,,,,,,,,,,,,,,,,,,,,,,,,,,,,,,,,,,,,,,,,,,,,,,,,,,,,,,,,,,,,,,,,,,,,,,,,,,,,,,,,,,,,,,,,,,,,,,,,,,,,,,,,,,,,,,,,,,,,,,,,,,,,,,,,,,,,,,,,,,,,,,,,,
,0,1,0,0,,,,,,,,,,,,,,,,,,,,,,,,,,,,,,,,,,,,,,,,,,,,,,,,,,,,,,,,,,,,,,,,,,,,,,,,,,,,,,,,,,,,,,,,,,,,,,,,,,,,,,,,,,,,,,,,,,,,,,,,,,,,,,,,,,,,,,,,,,,,,,,,,,,,,,,,,,,,,,,,,,,,,,,,,,,,,,,,,,,,,,,,,,,,,,,,,,
LQConst,Leaf,Ambient,abs_ambient,abs_redLED,abs_greenLED,abs_blueLED,abs_whiteLED,abs_redFlr,abs_blueFlr,k_ambient,k_redLED,k_greenLED,k_blueLED,k_whiteLED,k_redFlr,k_blueFlr,,,,,,,,,,,,,,,,,,,,,,,,,,,,,,,,,,,,,,,,,,,,,,,,,,,,,,,,,,,,,,,,,,,,,,,,,,,,,,,,,,,,,,,,,,,,,,,,,,,,,,,,,,,,,,,,,,,,,,,,,,,,,,,,,,,,,,,,,,,,,,,,,,,,,,,,,,,,,,,,,,,,,,,,,,,,,,,,,,,,,,
,standard,Sun+Sky,0.49,0.84,0.7,0.87,0.75,0.84,0.87,0.39,0.18,0.23,0.26,0.21,0.19,0.25,,,,,,,,,,,,,,,,,,,,,,,,,,,,,,,,,,,,,,,,,,,,,,,,,,,,,,,,,,,,,,,,,,,,,,,,,,,,,,,,,,,,,,,,,,,,,,,,,,,,,,,,,,,,,,,,,,,,,,,,,,,,,,,,,,,,,,,,,,,,,,,,,,,,,,,,,,,,,,,,,,,,,,,,,,,,,,,,,,,,,,
QConst,fQ_Amb_in,fQ_Amb_out,fQ_HeadLS,fQ_ConsoleLS,fQ_Flr,,,,,,,,,,,,,,,,,,,,,,,,,,,,,,,,,,,,,,,,,,,,,,,,,,,,,,,,,,,,,,,,,,,,,,,,,,,,,,,,,,,,,,,,,,,,,,,,,,,,,,,,,,,,,,,,,,,,,,,,,,,,,,,,,,,,,,,,,,,,,,,,,,,,,,,,,,,,,,,,,,,,,,,,,,,,,,,,,,,,,,,,,,,,,,,,,
,0,0,0,0,1,,,,,,,,,,,,,,,,,,,,,,,,,,,,,,,,,,,,,,,,,,,,,,,,,,,,,,,,,,,,,,,,,,,,,,,,,,,,,,,,,,,,,,,,,,,,,,,,,,,,,,,,,,,,,,,,,,,,,,,,,,,,,,,,,,,,,,,,,,,,,,,,,,,,,,,,,,,,,,,,,,,,,,,,,,,,,,,,,,,,,,,,,,,,,,,,,
LeakConst,fan_a,fan_b,fan_c,fan_d,Fs_meas,Fs_true,leak_wt,,,,,,,,,,,,,,,,,,,,,,,,,,,,,,,,,,,,,,,,,,,,,,,,,,,,,,,,,,,,,,,,,,,,,,,,,,,,,,,,,,,,,,,,,,,,,,,,,,,,,,,,,,,,,,,,,,,,,,,,,,,,,,,,,,,,,,,,,,,,,,,,,,,,,,,,,,,,,,,,,,,,,,,,,,,,,,,,,,,,,,,,,,,,,,,
,-6276,6.6,0.00001709,3.11,6.86499 93.9008 399.996 635.154 874.282 1072.72 1268.31 1422.66,0.233574 102.731 402.149 600.559 801.019 1003.09 1200.63 1401.22,0,,,,,,,,,,,,,,,,,,,,,,,,,,,,,,,,,,,,,,,,,,,,,,,,,,,,,,,,,,,,,,,,,,,,,,,,,,,,,,,,,,,,,,,,,,,,,,,,,,,,,,,,,,,,,,,,,,,,,,,,,,,,,,,,,,,,,,,,,,,,,,,,,,,,,,,,,,,,,,,,,,,,,,,,,,,,,,,,,,,,,,,,,,,,,,,
SysObs,SysObs,SysObs,SysObs,SysObs,SysObs,UserDefCon,UserDefCon,UserDefCon,UserDefCon,GasEx,GasEx,GasEx,GasEx,GasEx,GasEx,GasEx,GasEx,GasEx,GasEx,GasEx,GasEx,GasEx,GasEx,GasEx,GasEx,GasEx,GasEx,GasEx,GasEx,GasEx,GasEx,GasEx,GasEx,GasEx,GasEx,Dynamic,Dynamic,Dynamic,Dynamic,Dynamic,Dynamic,Dynamic,Dynamic,Dynamic,Dynamic,Leak,Leak,Leak,Leak,Leak,FLR,FLR,FLR,FLR,FLR,FLR,FLR,FLR,FLR,FLR,FLR,FLR,FLR,FLR,FLR,FLR,FLR,FLR,FLR,FLR,FLR,FLR,FLR,FLR,FLR,FLR,FLR,FLR,LeafQ,LeafQ,LeafQ,LeafQ,Const,Const,Const,Const,Const,Meas,Meas,Meas,Meas,Meas,Meas,Meas,Meas,Meas,Meas,Meas,Meas,Meas,Meas,Meas,Meas,Meas,Meas,FlrLS,FlrLS,FlrLS,FlrLS,FlrLS,FlrLS,FlrLS,FlrLS,FlrLS,FlrLS,FlrLS,FlrLS,FlrLS,FlrLS,FlrLS,FlrLS,FlrLS,FlrLS,FlrStats,FlrStats,FlrStats,FlrStats,FlrStats,MchEvent,MchEvent,MchEvent,MchEvent,MchEvent,MchEvent,MchEvent,MchEvent,MchEvent,MchEvent,MchEvent,MchEvent,MchEvent,Stability,Stability,Stability,Stability,Stability,Stability,Stability,Stability,Stability,Stability,Stability,Stability,Stability,Stability,Stability,MchStatus,MchStatus,MchStatus,MchStatus,MchStatus,MchStatus,MchStatus,MchStatus,MchStatus,MchStatus,MchStatus,MchStatus,MchStatus,MchStatus,MchStatus,MchStatus,MchStatus,MchStatus,ConStatus,ConStatus,ConStatus,ConStatus,ConStatus,ConStatus,ConStatus,ConStatus,Status,Status,Status,Status,Status,Status,Status,Status,Status,Status,Status,Status,Status,Status,Status,Status
obs,time,elapsed,date,hhmmss,averaging,BLOCK,SUB-BLOCK,VINE,LEAF,TIME,E,Emm,A,Ca,Ci,Pci,Pca,gsw,gbw,gtw,gtc,Rabs,TleafEB,TleafCnd,SVPleaf,RHcham,VPcham,SVPcham,VPDleaf,LatHFlux,SenHFlux,NetTherm,EBSum,Asty,Esty,Adyn,Crd,Csd,dCsd/dt,αVc,Edyn,Hr,Hs,dHs/dt,αVh,Leak,LeakPct,CorrFact,CorrFactPct,Fan,DarkAdaptedID,Qmax_d,Fo,Fm,Fv/Fm,A_dark,LightAdaptedID,Qmax,Fs,Fm',PhiPS2,PS2/1,Qabs_fs,A_fs,ETR,PhiCO2,NPQ,alt. Fo',DarkPulseID,Fmin,Fo',Fv'/Fm',qP,qN,qP_Fo,qN_Fo,qL,1-qL,Qin,Qabs,alpha,convert,S,K,Geometry,Custom,UseDynamic,TIME,CO2_s,CO2_r,H2O_s,H2O_r,CO2_a,H2O_a,Flow,Pa,ΔPcham,Tair,Tleaf,Tleaf2,Offset,Offset2,Fan_speed,Qamb_in,Qamb_out,Q,f_red,f_blue,f_farred,F,Q_modavg,F_dc,Pc,Tled,TDigital,TPreamp,TPwrSpy,TDrive,Q_red,Q_blue,Q_farred,TSPF,state,F_avg,dF/dt,dF_dc/dt,F_dc_avg,period,time,hhmmss,co2_t,h2o_t,count,co2_adj,h2o_adj,co2_match,h2o_match,co2_at,h2o_at,co2_cv,h2o_cv,A:MN,A:SLP,A:SD,A:OK,ΔCO2:MN,ΔCO2:SLP,ΔCO2:SD,ΔCO2:OK,ΔH2O:MN,ΔH2O:SLP,ΔH2O:SD,ΔH2O:OK,Stable,Total,State,MatchValveR,MatchValveS,MatchCO2,MatchH2O,cf_co2_a,cf_co2_b,cf_co2_c,cf_co2_d,cf_h2o_a,cf_h2o_b,cf_h2o_c,cf_h2o_d,co2_fit_low,co2_fit_high,h2o_fit_low,h2o_fit_high,co2_elapsed,h2o_elapsed,CO2_f,CO2_f_s,Pump_f,Pump_f_s,Pump_p,Pump_p_s,Tboard,V_system,DIAG,Flow_s,Flow_r,Txchg,Tirga,Tchopper,Ts,Tr,CO2_%,Desiccant_%,Humidifier_%,Txchg_sp,CO2_r_sp,H2O_r_sp,SS_s,SS_r
,s,s,,,s,,,,,s,mol m⁻² s⁻¹,mmol m⁻² s⁻¹,µmol m⁻² s⁻¹,µmol mol⁻¹,µmol mol⁻¹,Pa,Pa,mol m⁻² s⁻¹,mol m⁻² s⁻¹,mol m⁻² s⁻¹,mol m⁻² s⁻¹,W m⁻²,°C,°C,kPa,%,kPa,kPa,kPa,W m⁻²,W m⁻²,W m⁻²,W m⁻²,µmol m⁻² s⁻¹,mmol m⁻² s⁻¹,µmol m⁻² s⁻¹,µmol mol⁻¹,µmol mol⁻¹,µmol mol⁻¹ s⁻¹,cm³,mmol m⁻² s⁻¹,mmol mol⁻¹,mmol mol⁻¹,mmol mol⁻¹ s⁻¹,cm³,µmol s⁻¹,%,,%,µmol s⁻¹,,,,,,µmol m⁻² s⁻¹,,,,,,,µmol m⁻² s⁻¹,µmol m⁻² s⁻¹,µmol m⁻² s⁻¹,µmol µmol⁻¹,,,,,,,,,,,,,µmol m⁻² s⁻¹,µmol m⁻² s⁻¹,,J/µmol,cm²,,,mol m⁻² s⁻¹,,s,µmol mol⁻¹,µmol mol⁻¹,mmol mol⁻¹,mmol mol⁻¹,µmol mol⁻¹,mmol mol⁻¹,µmol s⁻¹,kPa,kPa,°C,°C,°C,°C,°C,rpm,µmol m⁻² s⁻¹,µmol m⁻² s⁻¹,µmol m⁻² s⁻¹,,,,,µmol m⁻² s⁻¹,,,°C,°C,°C,°C,°C,µmol m⁻² s⁻¹,µmol m⁻² s⁻¹,µmol m⁻² s⁻¹,s,,,min⁻¹,min⁻¹,,s,secs,,s,s,,µmol/mol,mmol/mol,µmol/mol,mmol/mol,µmol/mol,mmol/mol,%,%,µmol m⁻² s⁻¹,µmol m⁻² s⁻¹ min⁻¹,µmol m⁻² s⁻¹,,µmol mol⁻¹,µmol mol⁻¹ min⁻¹,µmol mol⁻¹,,mmol mol⁻¹,mmol mol⁻¹ min⁻¹,mmol mol⁻¹,,,,,%,%,µmol/mol,mmol/mol,mmol/mol,,,,mmol/mol,,,,µmol mol⁻¹,µmol mol⁻¹,mmol mol⁻¹,mmol mol⁻¹,min,min,V,V,V,V,V,V,°C,V,,µmol s⁻¹,µmol s⁻¹,°C,°C,°C,°C,°C,%,%,%,°C,µmol mol⁻¹,mmol mol⁻¹,%,%
1,1624386386,0,20210622 11:26:25,11:26:25,15,B1R1,_NW,_5.14,_1,1624386378,0.002255834,2.255833834,9.036310375,388.3714333,206.6702913,20.85389159,39.18829221,0.086677562,2.94166522,0.085283303,0.053425465,372.3762213,40.12932863,38.35137,6.785094762,62.18254411,4.262178825,6.854301132,2.522915937,-99.48227208,29.79291566,2.445548909,305.1324137,8.900431537,2.51676017,9.036310375,416.3956116,405.2633697,-0.029332436,66.28820376,2.255833834,39.23555993,42.01040788,-0.030162124,77.91629492,58,12,1,0,51271.37846,RECT-527-20200527-06_29_39,15172.9,718.7284615,3626.84,0.801830668,-0.406566687,RECT-2018-20210622-11_26_17,15149.8,796.40324,1002,0.205186387,0.5,1601.710461,9.036310375,164.3245914,0.005895496,2.619600798,473.1201702,DARK-2019-20210622-11_26_25,639.11,639.11,0.362165669,0.566553942,0.878539895,0.725793919,0.902592616,0.454656977,0.545343023,1900.03,1601.710461,0.842992195,0.19598439,6,0.5,0: Broadleaf,2,TRUE,1624386378,388.3714333,400.2202333,42.23987333,39.34846333,388.0662333,42.11860667,500.1959333,100.7042333,0.199924,38.53923,38.35137,999.9,0,0,9998.812667,0,119.1858267,1900.03,0.899997167,0.100002847,0,796.6393667,4.99979,15961.53333,16171.81,48.80786667,49.687,49.14773333,48.9979,50.437,1705.521333,189.5086667,0,1635.2,0,796.40324,-26.45815388,614.0538514,15962.588,15,1624386320,11:25:19,1624386301,1624386320,2,0.364,0.096,0.305,0.121,400,41,0.25,0.11,8.945146137,1.771518501,0.175807016,0,-11.84983871,1.096679032,0.133444341,0,2.893394839,-0.342765484,0.036080012,1,1,3,1/3,100,100,0.305,0.1213,0.30525,0,0,0,0.121261905,0,0,0,-1,-1,-1,-1,1.4,1.1,1.06934,2.60864,1.4502,2.30591,1.35132,2.38647,41.0412,15.8394,18,447.054,531.254,36.9667,35.9854,30,35.9087,35.8917,21.3679,0,100,-999.9,400,54.6068,98.8782,99.1991
2,1624386588,202.5,20210622 11:29:48,11:29:48,15,B1R1,_NW,_5.14,_2,1624386580,0.002715983,2.715982648,10.42675649,385.9330323,194.6592482,19.64140217,38.94120607,0.095258262,2.941507345,0.093577087,0.058634255,372.3714187,40.24170599,38.96752581,7.014375928,61.22713792,4.24926868,6.940171996,2.765107248,-119.7748348,-31.31595999,-2.581206702,218.6994172,10.65740372,2.713732056,10.42675649,416.1869186,402.9912848,0.035149982,66.19115142,2.715982648,38.98805127,42.1091,-4.35829E-05,77.64863602,69,14,1,0,51228.94867,RECT-527-20200527-06_29_39,15172.9,718.7284615,3626.84,0.801830668,-0.406566687,RECT-2020-20210622-11_29_40,15153,864.03524,1125.75,0.232480355,0.5,1601.6934,10.42675649,186.1811253,0.006763668,2.221709971,499.0217635,DARK-2021-20210622-11_29_48,657.64,657.64,0.415820564,0.559088163,0.842344739,0.642999781,0.860039227,0.42553674,0.57446326,1900.010323,1601.6934,0.842991946,0.195983892,6,0.5,0: Broadleaf,2,TRUE,1624386580,385.9330323,399.9735161,42.11305484,38.99486774,385.6277742,41.99179677,500.1845806,100.7014516,0.200007484,38.77005161,38.96752581,999.9,0,0,9998.190968,0,1173.920323,1900.010323,0.900006097,0.099994077,0,864.7561935,4.99979,17832.83226,16171.7,48.625,49.625,48.94106452,48.93903226,50.292,1705.519677,189.4909677,0,201.7,0,864.03524,-41.606923,-1421.569223,17823.204,15,1624386320,11:25:19,1624386301,1624386320,2,0.364,0.096,0.305,0.121,400,41,0.25,0.11,10.68313797,-0.912284362,0.080615961,0,-14.04045484,-0.110608065,0.05392984,1,3.118185806,0.054114677,0.004526507,1,2,3,2/3,100,100,0.305,0.1212,0.30525,0,0,0,0.121261905,0,0,0,-1,-1,-1,-1,4.8,4.5,1.07056,2.61475,1.4502,2.30713,1.35132,2.33032,41.2223,15.7869,18,434.894,528.511,37.0478,36.0059,30.0001,35.822,35.7923,21.401,0,100,-999.9,400,41.8922,98.8775,99.1159
3,1624386729,343.5,20210622 11:32:09,11:32:09,15,B1R1,_NW,_5.14,_3,1624386721,0.002690036,2.69003618,10.05282606,386.6235667,204.0748578,20.59072562,39.00950791,0.096557651,2.940684022,0.094830272,0.059421544,372.3718613,40.28517301,38.80251667,6.952324262,61.10372061,4.249042173,6.953819065,2.703282089,-118.6305955,0.632567246,0.052121479,254.4259544,10.10998282,2.677118617,10.05282606,416.1824826,403.6135273,0.003629602,66.1923059,2.69003618,39.04636301,42.13500061,0.000435259,77.64820527,91,18,1,0,51199.87596,RECT-527-20200527-06_29_39,15172.9,718.7284615,3626.84,0.801830668,-0.406566687,RECT-2022-20210622-11_32_01,15188.6,769.3163462,974.78,0.210779513,0.5,1601.691891,10.05282606,168.8019185,0.006530215,2.720675434,466.963188,DARK-2023-20210622-11_32_09,614.07,614.07,0.370042471,0.569608976,0.880272971,0.802430851,0.911952642,0.454663138,0.545336862,1900.008,1601.691891,0.842992182,0.195984365,6,0.5,0: Broadleaf,2,TRUE,1624386721,386.6235667,399.9942667,42.11229333,39.03580333,386.3181,41.99102667,500.1243,100.6978,0.200105033,38.80650667,38.80251667,999.9,0,0,9993.871667,0,1307.910467,1900.008,0.8999972,0.10000276,0,769.5556,4.99979,15317.98,16171.63667,48.93286667,50.24146667,49.2458,49.4916,50.5914,1705.502333,189.5056667,0,140.1000001,0,769.3163462,-48.71476927,-1453.20342,15312.93077,15,1624386320,11:25:19,1624386301,1624386320,2,0.364,0.096,0.305,0.121,400,41,0.25,0.11,10.0818804,1.228891954,0.161015305,0,-13.3746129,0.308777419,0.058999189,1,3.07621871,0.042926613,0.003511383,1,2,3,2/3,100,100,0.306,0.1212,0.30525,0,0,0,0.121261905,0,0,0,-1,-1,-1,-1,7.1,6.8,1.07178,2.61353,1.4502,2.30713,1.35132,2.37671,41.4301,15.7606,18,408.638,527.158,37.2402,36.1013,30.0007,35.8794,35.8518,21.4262,0,100,-999.9,400,41.9069,98.8675,99.0369
4,1624386991,605.5999999,20210622 11:36:31,11:36:31,15,B2R1,_NW,_5.5,_1,1624386983,0.005191922,5.191921835,17.56189339,376.6403548,249.7775991,25.19705317,37.99470841,0.251825596,2.941342614,0.240431541,0.151250458,372.3704109,39.2120862,37.83786129,6.599005847,66.83463248,4.540907859,6.794243778,2.058097989,-228.9637529,85.38219851,6.986552677,235.7754092,17.52635842,5.187459021,17.56189339,416.3904391,394.4560667,0.002343919,66.19591323,5.191921835,39.07647126,45.02353455,5.53101E-05,77.70141434,76,15,1,0,51288.63382,RECT-527-20200527-06_29_39,15172.9,718.7284615,3626.84,0.801830668,-0.406566687,RECT-2024-20210622-11_36_23,15132.9,880.9828077,1201.77,0.26692894,0.5,1601.686888,17.56189339,213.7682916,0.01121846,2.017915242,513.41821,DARK-2025-20210622-11_36_31,662.29,662.29,0.448904532,0.594622956,0.818022971,0.664098565,0.833898552,0.447015349,0.552984651,1900.002258,1601.686888,0.842992097,0.195984194,6,0.5,0: Broadleaf,2,TRUE,1624386983,376.6403548,400.007129,45.01387742,39.07153226,376.3351613,44.8926129,500.2016452,100.6780645,0.199889548,38.3763,37.83786129,999.9,0,0,9999.576452,0,1879.513226,1900.002258,0.899999935,0.099999948,0,881.5031613,4.99979,17121.66452,16171.59032,49,50.536,49.375,49.71951613,50.625,1705.502581,189.4996774,0,261.3000002,0,880.9828077,-48.03217093,-767.0153844,17112.04615,15,1624386320,11:25:19,1624386301,1624386320,2,0.364,0.096,0.305,0.121,400,41,0.25,0.11,17.49391713,-0.002653376,0.063779326,1,-23.3668129,-0.409224194,0.090426005,1,5.942355806,0.002604194,0.002123987,1,3,3,3/3,100,100,0.306,0.1213,0.30525,0,0,0,0.121261905,0,0,0,-1,-1,-1,-1,11.5,11.2,1.07178,2.6062,1.4502,2.30835,1.35132,2.40356,41.6912,15.7256,18,426.306,530.084,37.1357,36.227,29.9999,35.9948,35.9481,21.4363,0,100,-999.9,400,41.9659,98.8141,99.0122
5,1624387139,753.5999999,20210622 11:38:59,11:38:59,15,B2R1,_NW,_5.5,_2,1624387131,0.005304157,5.304157465,16.9401616,377.5065161,254.2862808,25.64983501,38.07904943,0.251516467,2.943776745,0.240158633,0.151076857,372.3695625,39.15931231,37.91546452,6.626840922,66.64235618,4.522140718,6.785685526,2.104700204,-233.9133442,69.43594996,5.678508537,213.5706768,16.82009357,5.204751647,16.9401616,416.324791,395.1886061,-0.001556946,66.18853271,5.304157465,38.86453037,44.89323152,0.008083385,77.68104635,76,15,1,0,51360.43997,RECT-527-20200527-06_29_39,15172.9,718.7284615,3626.84,0.801830668,-0.406566687,RECT-2026-20210622-11_38_51,15183.6,941.3376154,1258.12,0.251790278,0.5,1601.680936,16.9401616,201.6438441,0.010830327,1.882745684,523.4339643,DARK-2027-20210622-11_38_59,690.95,690.95,0.450807554,0.55853163,0.806814969,0.587295799,0.814521716,0.409967076,0.590032924,1899.994839,1601.680936,0.842992256,0.195984513,6,0.5,0: Broadleaf,2,TRUE,1624387131,377.5065161,400.0419677,44.8314129,38.86742258,377.2013871,44.71015161,500.1431935,100.6698065,0.200106516,38.35298065,37.91546452,999.9,0,0,10014.25032,0,399.7442258,1899.994839,0.899995065,0.100004897,0,942.4949032,4.99979,18806.50968,16171.5,48.937,50.512,49.44106452,49.687,50.625,1705.485806,189.5090323,0,147.4000001,0,941.3376154,-98.75856398,-3062.611958,18795.38462,15,1624386320,11:25:19,1624386301,1624386320,2,0.364,0.096,0.305,0.121,400,41,0.25,0.11,16.87654874,-0.279072497,0.06482571,1,-22.53534516,-1.043375806,0.098407274,0,5.963985161,0.565657742,0.042231832,1,2,3,2/3,100,100,0.306,0.1212,0.30525,0,0,0,0.121261905,0,0,0,-1,-1,-1,-1,14,13.7,1.06934,2.60986,1.4502,2.30713,1.35132,2.34741,41.7699,15.6906,18,426.635,530.109,37.0424,36.1767,30.0002,35.9708,35.9314,21.3748,0,100,-999.9,400,44.7231,98.8224,99.1375
6,1624387252,866.0999999,20210622 11:40:51,11:40:51,15,B2R1,_NW,_5.5,_3,1624387244,0.004236316,4.236315853,15.03759855,379.7002667,250.7941597,25.29636718,38.298489,0.210113855,2.940750131,0.202115779,0.127015591,372.3681166,39.40673642,37.23592333,6.386523961,64.7231165,4.385295622,6.775470433,2.00122834,-186.8215291,172.6820572,14.08844271,372.3170873,15.36488021,4.084110189,15.03759855,416.1103183,397.124697,0.042195713,66.18539391,4.236315853,38.77836858,43.56568242,0.012184303,77.67002657,112,22,1,0,51280.21381,RECT-527-20200527-06_29_39,15172.9,718.7284615,3626.84,0.801830668,-0.406566687,RECT-2028-20210622-11_40_43,15164.8,912.0918077,1215.63,0.249696201,0.5,1601.674622,15.03759855,199.9660338,0.009642511,1.983506495,515.9312742,DARK-2029-20210622-11_40_51,685.67,685.67,0.435955019,0.572756797,0.819813204,0.610861849,0.829132572,0.430573052,0.569426948,1899.987333,1601.674622,0.842992263,0.195984526,6,0.5,0: Broadleaf,2,TRUE,1624387244,379.7002667,399.9938333,43.47685667,38.79019667,379.3949333,43.35559667,500.1275,100.665,0.2000569,38.32511333,37.23592333,999.9,0,0,9997.504,0,1070.713667,1899.987333,0.899994467,0.100005383,0,912.6327,4.99979,18253.63667,16171.42667,49,50.4664,49.4958,49.562,50.62706667,1705.478333,189.5086667,0,111.5,0,912.0918077,-182.0452309,-3918.594878,18247.18846,15,1624386320,11:25:19,1624386301,1624386320,2,0.364,0.096,0.305,0.121,400,41,0.25,0.11,15.31460341,-0.13795223,0.070333395,1,-20.30289032,0.550819355,0.048313254,1,4.674120645,0.984783871,0.073537314,1,3,3,3/3,100,100,0.305,0.1212,0.30525,0,0,0,0.121261905,0,0,0,-1,-1,-1,-1,15.8,15.5,1.07178,2.61353,1.4502,2.30835,1.35132,2.29492,41.8486,15.6731,18,385.529,527.947,36.9977,36.1935,29.9999,35.9808,35.9414,21.4186,0,100,-999.9,400,44.5247,98.8325,99.0451
7,1624387358,972.5999999,20210622 11:42:38,11:42:38,15,B2R1,_NW,_5.10,_1,1624387350,0.00324595,3.245950315,11.79682034,386.460129,232.8538722,23.48598921,38.97894561,0.136283355,2.940209083,0.132868773,0.083342644,372.36324,39.47256057,37.85910645,6.606616053,63.75202393,4.27551934,6.706484087,2.331096712,-143.1464089,43.88394437,3.588471959,276.6892474,10.08760498,2.903037568,11.79682034,416.3265136,402.0475152,-0.087216697,66.19442204,3.245950315,39.05178976,42.61023939,0.028119634,77.65531705,136,27,1,0,51296.16812,RECT-527-20200527-06_29_39,15172.9,718.7284615,3626.84,0.801830668,-0.406566687,RECT-2030-20210622-11_42_30,15130,1305.854,1574.97,0.170870556,0.5,1601.655184,11.79682034,136.8378562,0.007619235,1.302799418,571.2468645,DARK-2031-20210622-11_42_38,894.5,894.5,0.432052674,0.395485473,0.750957055,0.314299164,0.705567848,0.270904524,0.729095476,1899.964516,1601.655184,0.842992156,0.195984313,6,0.5,0: Broadleaf,2,TRUE,1624387350,386.460129,399.9083226,42.39000645,39.05483226,386.154871,42.26874516,500.1198065,100.6614516,0.200041419,38.13595484,37.85910645,999.9,0,0,9994.779355,0,805.6778387,1899.964516,0.899997645,0.100002323,0,1317.063226,4.99979,26194.81613,16171.26452,49,50.375,49.425,49.5,50.625,1705.464839,189.4996774,0,105.7,0,1305.854,-698.9715374,-14056.96921,25940.74,15,1624386320,11:25:19,1624386301,1624386320,2,0.364,0.096,0.305,0.121,400,41,0.25,0.11,11.94960454,-2.438946625,0.195026191,0,-13.4482729,-20.60877581,1.619527111,0,3.335171613,2.075164355,0.1554436,0,0,3,0/3,100,100,0.305,0.1212,0.30525,0,0,0,0.121261905,0,0,0,-1,-1,-1,-1,17.6,17.3,1.07544,2.6062,1.4502,2.30835,1.35132,2.33032,41.9012,15.6556,18,360.775,528.982,36.917,36.1422,29.9997,35.9415,35.8933,21.481,0,100,-999.9,400,43.2942,98.8125,98.9656
8,1624387478,1092.1,20210622 11:44:37,11:44:37,15,B2R1,_NW,_5.10,_2,1624387470,0.002724096,2.724095841,11.17913614,385.5142903,210.776532,21.25963516,38.88427751,0.111781672,2.941136391,0.109474011,0.068624623,372.3689045,39.43027738,37.80983548,6.588978392,63.43080357,4.213547217,6.642746079,2.375431175,-120.1326266,23.75983014,1.940160642,277.9362687,11.18107063,2.41702507,11.17913614,416.2449001,402.2907939,2.45994E-05,66.1941199,2.724095841,38.98173624,41.96916848,0.023669313,77.69776577,88,18,1,0,51351.26536,RECT-527-20200527-06_29_39,15172.9,718.7284615,3626.84,0.801830668,-0.406566687,RECT-2032-20210622-11_44_29,15138.9,942.7058077,1178.11,0.199815121,0.5,1601.679165,11.17913614,160.0198582,0.007233473,2.078524077,509.0506407,DARK-2033-20210622-11_44_37,703.99,703.99,0.402441198,0.496507619,0.83778846,0.512437207,0.842034416,0.370779936,0.629220064,1899.992903,1601.679165,0.842992183,0.195984366,6,0.5,0: Broadleaf,2,TRUE,1624387470,385.5142903,400.0441613,41.77479355,38.99659355,385.2090323,41.65352903,500.1917097,100.6633871,0.200001065,37.95968065,37.80983548,999.9,0,0,9999.86129,0,459.4249677,1899.992903,0.899996968,0.100003045,0,943.3584516,4.99979,18695.46452,16171.50645,48.83841935,50.32622581,49.312,49.33029032,50.5,1705.48871,189.5041935,0,118.4000001,0,942.7058077,-161.0865981,-3181.199996,18682.11923,15,1624386320,11:25:19,1624386301,1624386320,2,0.364,0.096,0.305,0.121,400,41,0.25,0.11,11.18679581,-0.01868466,0.020902628,1,-14.52071613,-0.816798387,0.06767106,1,2.761457742,2.017769516,0.1511149,0,2,3,2/3,100,100,0.305,0.1212,0.30525,0,0,0,0.121261905,0,0,0,-1,-1,-1,-1,19.6,19.3,1.07178,2.61597,1.4502,2.30713,1.35132,2.20337,41.9802,15.6205,18,412.018,528.901,36.7661,36.0371,29.9998,35.8556,35.8118,21.4214,0,100,-999.9,400,42.3308,98.8568,99.0865
9,1624387606,1220.1,20210622 11:46:45,11:46:45,15,B2R1,_NW,_5.10,_3,1624387598,0.00299368,2.993680329,12.99404509,382.9175,197.1938399,19.88836713,38.61988703,0.121772696,2.940435567,0.119038882,0.074639812,372.3700046,39.48998978,38.0122,6.661681053,63.72314106,4.262620369,6.68928163,2.399060684,-132.0213025,12.09913827,0.989796968,253.4376373,13.03271045,2.645751272,12.99404509,415.9310244,399.7225758,-0.002823852,66.19020502,2.993680329,39.21147748,42.50236848,0.024409878,77.68545557,73,15,1,0,51310.23573,RECT-527-20200527-06_29_39,15172.9,718.7284615,3626.84,0.801830668,-0.406566687,RECT-2034-20210622-11_46_38,15183.8,844.4849615,1108.4,0.23810451,0.5,1601.685251,12.99404509,190.6842406,0.00836657,2.272140022,495.5830426,DARK-2035-20210622-11_46_45,639.68,639.68,0.422879827,0.563054784,0.843088418,0.677275635,0.866005298,0.426502425,0.573497575,1900.000333,1601.685251,0.842992089,0.195984179,6,0.5,0: Broadleaf,2,TRUE,1624387598,382.9175,399.7657667,42.26402667,39.22452,382.6121,42.14277667,500.1991667,100.6568667,0.200072567,38.08852333,38.0122,999.9,0,0,9996.522667,0,560.3881,1900.000333,0.9000005,0.099999167,0,845.0271333,4.99979,17426.49333,16171.58333,48.8708,50.25,49.312,49.437,50.5,1705.501333,189.499,0,127.3000002,0,844.4849615,-83.42916237,-1604.97777,17443.63077,15,1624386320,11:25:19,1624386301,1624386320,2,0.364,0.096,0.305,0.121,400,41,0.25,0.11,13.23053724,-0.59290876,0.243721467,0,-16.83354839,-1.011793548,0.11424686,0,3.005363871,2.601427258,0.195363924,0,0,3,0/3,100,100,0.305,0.1213,0.30525,0,0,0,0.121261905,0,0,0,-1,-1,-1,-1,21.7,21.4,1.07178,2.61963,1.4502,2.30713,1.35132,2.24365,42.1121,15.5943,18,429.153,529.33,36.6955,35.9859,30,35.8014,35.756,21.4188,0,100,-999.9,400,41.6767,98.8579,99.0858
10,1624388050,1664.1,20210622 11:54:09,11:54:09,15,B2R2,_NW,_5.4,_1,1624388042,0.003685183,3.685182908,11.99624768,383.8860323,248.2743302,25.03420669,38.70832022,0.159271565,2.940957564,0.154630162,0.097049596,372.3651187,39.21446206,37.98136129,6.650557005,65.80857662,4.378913108,6.654015833,2.271643897,-162.5165662,1.521084958,0.124336632,211.493974,12.03227308,3.599837574,11.99624768,416.2989765,401.3155636,0.000866656,66.21399661,3.685182908,39.27573281,43.47185818,0.005348284,77.72812266,99,20,1,0,51340.45518,RECT-527-20200527-06_29_39,15172.9,718.7284615,3626.84,0.801830668,-0.406566687,RECT-2036-20210622-11_54_02,15203.8,1031.28564,1248.21,0.173788353,0.5,1601.663574,11.99624768,139.1752372,0.007743708,1.905632866,521.7106854,DARK-2037-20210622-11_54_09,717.45,717.45,0.425216911,0.408705177,0.817570006,0.409692018,0.817929426,0.284330081,0.715669919,1899.974516,1601.663574,0.842992135,0.19598427,6,0.5,0: Broadleaf,2,TRUE,1624388042,383.8860323,399.9772903,43.42744839,39.29672581,383.5806452,43.30618065,500.1796774,100.632871,0.199972548,37.99095484,37.98136129,999.9,0,0,10001.87613,0,1717.200968,1899.974516,0.899999226,0.100000655,0,1037.203968,4.99979,20434.55161,16171.34839,48.687,50.183,49.11687097,49.274,50.34045161,1705.475484,189.4993548,0,443.2,0,1031.28564,-363.1450764,-7006.453835,20321.492,15,1624386320,11:25:19,1624386301,1624386320,2,0.364,0.096,0.305,0.121,400,41,0.25,0.11,12.05343378,-0.124205716,0.028315578,1,-16.09292258,-0.226737097,0.046238552,1,4.124523871,0.74646629,0.055983616,1,3,3,3/3,100,100,0.305,0.1213,0.30525,0,0,0,0.121261905,0,0,0,-1,-1,-1,-1,29.1,28.8,1.073,2.61719,1.4502,2.30835,1.35132,2.38037,42.3241,15.533,18,398.805,526.656,36.6644,36.1163,29.9997,35.8976,35.8457,21.4471,0,100,-999.9,400,42.1793,98.8107,99.0171
11,1624388246,1860.6,20210622 11:57:26,11:57:26,15,B2R2,_NW,_5.4,_2,1624388238,0.003940921,3.940921223,14.76732574,380.4099,244.0983218,24.61392691,38.35905713,0.193650672,2.939471962,0.186832129,0.117362698,372.3666779,38.74141241,37.33560667,6.42129591,67.73802299,4.40854024,6.508221004,2.01275567,-173.7946259,39.16814032,3.187046887,240.9272392,14.83281391,3.928932374,14.76732574,416.3141471,397.8658545,0.002128754,66.19785457,3.940921223,39.2045025,43.71982667,0.000889221,77.66579118,120,24,1,0,51366.33534,RECT-527-20200527-06_29_39,15172.9,718.7284615,3626.84,0.801830668,-0.406566687,RECT-2038-20210622-11_57_18,15155.4,782.92924,998.84,0.216161507,0.5,1601.672661,14.76732574,173.1099883,0.009473779,2.63105202,472.4144735,DARK-2039-20210622-11_57_26,612.88,612.88,0.386408234,0.559412271,0.871942561,0.770802807,0.903679231,0.437910063,0.562089937,1899.985667,1601.672661,0.84299197,0.195983941,6,0.5,0: Broadleaf,2,TRUE,1624388238,380.4099,399.9956667,43.71985333,39.21290333,380.1046333,43.5986,500.1821667,100.6361,0.200016867,37.58276667,37.33560667,999.9,0,0,9993.105,0,814.3440667,1899.985667,0.900005,0.099994913,0,784.1628667,4.99979,15716.17333,16171.47667,48.5,49.91013333,48.92873333,49.0434,50.125,1705.495667,189.49,0,195.8,0,782.92924,-91.14492294,-619.4000002,15717.364,15,1624386320,11:25:19,1624386301,1624386320,2,0.364,0.096,0.305,0.121,400,41,0.25,0.11,14.84850948,-0.50990178,0.048268352,0,-19.58651935,0.496785484,0.059053193,1,4.507490323,-0.020611452,0.008038942,1,2,3,2/3,100,100,0.305,0.1213,0.30525,0,0,0,0.121261905,0,0,0,-1,-1,-1,-1,32.4,32.1,1.073,2.61597,1.4502,2.30835,1.35132,2.44263,42.3241,15.5067,18,377.495,526.685,36.4697,36.0728,30.0003,35.8777,35.8419,21.4425,0,100,-999.9,400,43.2447,98.8228,99.0451
12,1624388386,2000.1,20210622 11:59:45,11:59:45,15,B2R2,_NW,_5.4,_3,1624388378,0.004411976,4.411976237,15.82143963,378.8103,260.9433985,26.31224485,38.19736167,0.243100189,2.940320793,0.232460587,0.146204986,372.3704479,38.75381182,36.93440333,6.282339524,68.1932463,4.470586857,6.555761897,1.811752667,-194.5681521,124.0138365,10.07488283,311.8910152,15.9641628,4.307344806,15.82143963,416.3035944,396.4155818,0.025316191,66.20293861,4.411976237,39.3941779,44.40002242,0.008546774,77.70519648,119,24,1,0,51367.9618,RECT-527-20200527-06_29_39,15172.9,718.7284615,3626.84,0.801830668,-0.406566687,RECT-2040-20210622-11_59_37,15221.4,861.44272,1144.03,0.247010376,0.5,1601.687211,15.82143963,197.8166797,0.01013182,2.17023155,502.5815409,DARK-2041-20210622-11_59_45,652.67,652.67,0.429499226,0.575112504,0.834790883,0.664439825,0.853753361,0.435732602,0.564267398,1900.002667,1601.687211,0.842992086,0.195984171,6,0.5,0: Broadleaf,2,TRUE,1624388378,378.8103,399.9179667,44.33563667,39.3977,378.5050667,44.21438333,500.1736,100.6351667,0.1998995,37.71673333,36.93440333,999.9,0,0,9998.025333,0,1986.767667,1900.002667,0.9000012,0.099998587,0,861.8347333,4.99979,16823.85,16171.61333,48.3477,49.812,48.7206,48.9748,49.9958,1705.503667,189.499,0,138.5,0,861.44272,-47.35730777,-873.2769243,16815.884,15,1624386320,11:25:19,1624386301,1624386320,2,0.364,0.096,0.305,0.121,400,41,0.25,0.11,15.99938904,-0.002983687,0.061329184,1,-21.10761935,-0.219624194,0.073374261,1,4.928994516,0.692999516,0.051883633,1,3,3,3/3,100,100,0.305,0.1212,0.30525,0,0,0,0.121261905,0,0,0,-1,-1,-1,-1,34.7,34.4,1.07422,2.61841,1.4502,2.30835,1.35132,2.36572,42.3772,15.4892,18,378.403,527.662,36.4273,36.0172,29.9998,35.8212,35.7747,21.4808,0,100,-999.9,400,43.8159,98.8382,99.0139
13,1624389250,2864.5,20210622 12:14:10,12:14:10,15,B3R2,_NE,_5.7,_1,1624389242,0.005054173,5.054173417,15.5075894,379.4974667,267.3157318,26.95614991,38.26856928,0.254525371,2.940668825,0.242889231,0.152806894,372.3678179,38.94086143,37.73321667,6.561632124,68.52718051,4.579207569,6.682323036,1.982424556,-222.8890477,53.28281382,4.35231001,207.1138941,15.44170303,5.047257369,15.5075894,416.4211055,397.5951879,-0.105886546,66.19990008,5.054173417,39.64091861,45.43569818,-0.001179545,77.75088087,123,25,1,0,51319.58849,RECT-527-20200527-06_29_39,15172.9,718.7284615,3626.84,0.801830668,-0.406566687,RECT-2042-20210622-12_14_02,15209.4,768.7848077,993.98,0.226559078,0.5,1601.676211,15.5075894,181.4371427,0.009935938,2.648805811,471.3245251,DARK-2043-20210622-12_14_10,601.17,601.17,0.395189038,0.573292921,0.870174209,0.818143265,0.905350419,0.448300359,0.551699641,1899.989667,1601.676211,0.842992064,0.195984128,6,0.5,0: Broadleaf,2,TRUE,1624389242,379.4974667,400.3195667,45.41057333,39.63069333,379.6712333,45.25971333,500.1548667,100.6401,0.2000179,38.06930667,37.73321667,999.9,0,0,9999.515,0,162.0573333,1899.989667,0.900000467,0.099999347,0,768.7809,4.99979,15378.34333,16171.49667,48.29753333,49.8561,48.687,49.05786667,49.9559,1705.493333,189.4963333,0,863.3999999,0,768.7848077,-17.96557265,-1085.0906,15384.99615,15,1624388958,12:09:18,1624388957,1624388958,3,-0.479,0.03,-0.174,0.151,400,39,0.13,0.03,15.02426451,5.622501952,0.805384536,0,-20.82217,4.692886318,0.391162026,0,5.779876667,0.191888943,0.022454113,1,1,3,1/3,100,100,-0.174,0.1508,-0.17375,0,0,0,0.150865,0,0,0,-1,-1,-1,-1,4.9,4.9,1.07544,2.62085,1.4502,2.30713,1.35132,2.35229,42.3241,15.3491,18,374.373,526.016,36.6477,35.8833,30.0006,35.6632,35.6291,21.5011,0,100,-999.9,400,44.1857,98.8487,99.0207
14,1624389539,3153.5,20210622 12:18:59,12:18:59,15,B3R2,_NE,_5.7,_2,1624389531,0.004933251,4.933250833,15.81471895,378.7895667,252.6492933,25.47438817,38.19299208,0.22846928,2.94277855,0.219052655,0.137721614,372.3743846,39.20187931,38.16989667,6.718817657,67.61846481,4.575238121,6.76625554,2.143579536,-217.5563617,20.63204375,1.689510322,177.1395769,15.81802697,4.92771623,15.81471895,416.5828359,396.8248303,-0.000120615,66.1928964,4.933250833,39.73614938,45.38536242,0.00013117,77.64807051,106,21,1,0,51340.37425,RECT-527-20200527-06_29_39,15172.9,718.7284615,3626.84,0.801830668,-0.406566687,RECT-2044-20210622-12_18_51,15183.8,764.2270385,1007.1,0.24116072,0.5,1601.702341,15.81471895,193.1338452,0.010127528,2.601270976,474.2541687,DARK-2045-20210622-12_18_59,601.44,601.44,0.402800119,0.598710648,0.865915251,0.842222373,0.9008389,0.471180047,0.528819953,1900.020333,1601.702341,0.84299221,0.195984421,6,0.5,0: Broadleaf,2,TRUE,1624389531,378.7895667,400.0065,45.37619,39.73247,378.9634333,45.22532667,500.1079333,100.6285667,0.200483133,38.29994333,38.16989667,999.9,0,0,10012.66933,0,1011.029367,1900.020333,0.8999966,0.100003327,0,764.2632,4.99979,15061.6,16171.73333,48.5872,50.312,48.9622,49.4706,50.25826667,1705.511667,189.5086667,0,288.2,0,764.2270385,-11.1477265,-100.2871801,15061.28462,15,1624388958,12:09:18,1624388957,1624388958,3,-0.479,0.03,-0.174,0.151,400,39,0.13,0.03,15.8117262,-0.192179833,0.028595201,1,-21.21680333,0.180886318,0.036356572,1,5.643715667,-0.015279644,0.002802546,1,3,3,3/3,100,100,-0.174,0.1509,-0.17375,0,0,0,0.150865,0,0,0,-1,-1,-1,-1,9.7,9.7,1.07544,2.61719,1.4502,2.30713,1.35132,2.27417,42.5904,15.3141,18,391.757,526.006,36.889,36.1418,30.0005,35.8841,35.848,21.5008,0,100,-999.9,400,45.0898,98.7974,98.987
15,1624389620,3234,20210622 12:20:19,12:20:19,15,B3R2,_NE,_5.7,_3,1624389612,0.003692067,3.692067409,15.07339325,383.3469032,220.8081685,22.26439388,38.65339994,0.163566203,2.940546098,0.158674597,0.099598929,372.3659851,39.44042938,37.47266129,6.469372099,63.05699192,4.247895903,6.736597756,2.221476196,-162.8201727,118.2751686,9.656327699,337.4773087,13.12691425,1.957920725,15.07339325,416.5441024,398.3051455,-0.115399107,66.19231552,3.692067409,39.86654388,43.33375939,0.127561022,77.64477402,123,25,1,0,51291.33255,RECT-527-20200527-06_29_39,15172.9,718.7284615,3626.84,0.801830668,-0.406566687,RECT-2046-20210622-12_20_12,15202.3,861.69852,1135.39,0.241055038,0.5,1601.66641,15.07339325,193.044879,0.009664909,2.194356124,500.9070033,DARK-2047-20210622-12_20_19,649.29,649.29,0.428134826,0.563035343,0.836744975,0.656867637,0.856724361,0.424247239,0.575752761,1899.977742,1601.66641,0.842992197,0.195984393,6,0.5,0: Broadleaf,2,TRUE,1624389612,383.3469032,399.9939032,42.12870645,39.87899032,383.5205484,41.97784194,500.1793871,100.6314194,0.199967613,38.21873226,37.47266129,999.9,0,0,9999.679355,0,1815.524516,1899.977742,0.899997065,0.100002952,0,862.7878387,4.99979,16963.14839,16171.38065,48.75,50.502,49.125,49.687,50.425,1705.474194,189.5035484,0,79.5,0,861.69852,-90.47030768,-1832.884616,16945.412,15,1624388958,12:09:18,1624388957,1624388958,3,-0.479,0.03,-0.174,0.151,400,39,0.13,0.03,15.41819894,-2.660251017,0.204759305,0,-16.56829,-26.3395515,1.977130508,0,2.208862533,12.48739317,0.916007971,0,0,3,0/3,100,100,-0.174,0.1509,-0.17375,0,0,0,0.150865,0,0,0,-1,-1,-1,-1,11,11,1.07544,2.61963,1.4502,2.30835,1.35132,2.30469,42.6439,15.2878,18,374.885,523.125,36.951,36.2632,30.0012,36.0173,35.9805,21.4967,0,100,-999.9,400,45.0516,98.7841,98.9717
16,1624389897,3511.5,20210622 12:24:57,12:24:57,15,B3R2,_NE,_5.14,_1,1624389889,0.003911999,3.911998594,14.21060548,380.9502581,246.6057276,24.86430213,38.40974177,0.189484515,2.940963665,0.182954067,0.114914277,372.3678013,39.45663603,37.57372258,6.50502233,66.039605,4.466414623,6.763236429,2.038607707,-172.519138,113.8361067,9.300394772,322.9851648,14.35865673,3.907211605,14.21060548,416.6828615,398.8255879,0.020098975,66.19961935,3.911998594,39.81699815,44.30182788,1.32354E-05,77.7358439,90,18,1,0,51290.88581,RECT-527-20200527-06_29_39,15172.9,718.7284615,3626.84,0.801830668,-0.406566687,RECT-2048-20210622-12_24_49,15171.5,848.71844,1123.12,0.244320785,0.5,1601.677172,14.21060548,195.6615119,0.009126166,2.22925422,498.5043044,DARK-2049-20210622-12_24_57,658.81,658.81,0.413410855,0.590987831,0.843562902,0.678554158,0.860943594,0.45874895,0.54125105,1899.990968,1601.677172,0.842991992,0.195983985,6,0.5,0: Broadleaf,2,TRUE,1624389889,380.9502581,399.9603548,44.29818387,39.81874516,381.1240323,44.14730968,500.1692581,100.626129,0.200004968,38.29169032,37.57372258,999.9,0,0,10002.58097,0,168.5972097,1899.990968,0.900003452,0.099996471,0,849.2148065,4.99979,16685.22903,16171.50645,48.875,50.562,49.308,49.562,50.5,1705.499032,189.4919355,0,276.7,0,848.71844,-31.41323073,-843.3076922,16669.772,15,1624388958,12:09:18,1624388957,1624388958,3,-0.479,0.03,-0.174,0.151,400,39,0.13,0.03,14.21987945,-1.224138795,0.136022733,0,-19.00993667,0.757489655,0.067215893,1,4.479573667,0.028902781,0.00320921,1,2,3,2/3,100,100,-0.174,0.1508,-0.17375,0,0,0,0.150865,0,0,0,-1,-1,-1,-1,15.7,15.7,1.07666,2.61353,1.4502,2.30713,1.35132,2.40479,42.6439,15.2615,18,409.329,525.6,36.9266,36.5368,30.0005,36.2828,36.2467,21.5123,0,100,-999.9,400,42.745,98.7225,98.8765
19,1624390119,3733,20210622 12:28:38,12:28:38,15,B3R2,_NE,_5.14,_3,1624390115,0.006251536,6.251535857,16.11930707,378.8566923,244.8493237,24.68799117,38.19986322,0.223505198,2.943944885,0.214488061,0.134834879,372.3774397,38.90508658,38.03338462,6.669332056,57.27683722,3.88432939,6.781675767,2.785002666,-275.6927313,48.98889403,4.008174375,149.6817768,15.08700274,7.874462092,16.11930707,412.573865,393.5251576,-0.170089073,66.19892426,6.251535857,29.43238771,37.93993455,-0.214242598,77.66488619,28,6,1,0,51366.10021,RECT-527-20200527-06_29_39,15172.9,718.7284615,3626.84,0.801830668,-0.406566687,RECT-2054-20210622-12_28_31,15180.9,809.3637308,1078.21,0.249344997,0.5,1601.716801,16.11930707,199.6900354,0.0103176,2.363760306,489.4554087,DARK-2055-20210622-12_28_38,623.49,623.49,0.421736025,0.591234758,0.848595735,0.747872256,0.876386606,0.455455249,0.544544751,1900.037692,1601.716801,0.842992119,0.195984238,6,0.5,0: Broadleaf,2,TRUE,1624390115,378.8566923,400.534,38.52380769,29.44143077,379.0302308,38.37293846,500.1625385,100.6293846,0.199936846,38.34204615,38.03338462,999.9,0,0,10019.23077,0,1264.375692,1900.037692,0.899998923,0.100001308,0,805.5536923,4.99979,15889.87692,16171.89231,48.937,50.437,49.33623077,49.58138462,50.61046154,1705.533077,189.5046154,0,51.29999995,0,809.3637308,-53.20557258,-1898.5094,16020.9,15,1624388958,12:09:18,1624388957,1624388958,3,-0.479,0.03,-0.174,0.151,400,39,0.13,0.03,16.26561806,-1.205945382,0.122327044,0,-21.74875667,1.173573304,0.101398428,0,9.448674333,-3.807735617,0.311086865,0,0,3,0/3,100,100,-0.174,0.1509,-0.17375,0,0,0,0.150865,0,0,0,-1,-1,-1,-1,19.4,19.3,1.06201,2.62451,1.4502,2.30713,1.35132,2.39746,42.5904,15.2178,18,482.808,512.564,37.01,36.5356,30.0001,36.2931,36.2547,21.2344,38.2388,98.0225,-999.9,400,28.8369,98.7533,98.9996
20,1624390259,3873.6,20210622 12:30:59,12:30:59,15,B3R2,_NE,_5.14,_2,1624390251,0.004000962,4.000961547,12.41957442,383.5086129,241.7680638,24.37610541,38.66700268,0.158257585,2.940635886,0.153673691,0.096446842,372.3674625,39.53110126,38.38143548,6.796129769,63.47751183,4.31577578,6.798905086,2.480353989,-176.4424042,1.1977106,0.098291464,197.2210604,12.29742631,4.50514146,12.41957442,415.6456296,400.3999818,-0.045906957,66.19656103,4.000961547,37.1343029,42.23466,-0.083442838,77.65791604,131,26,1,0,51265.65255,RECT-527-20200527-06_29_39,15172.9,718.7284615,3626.84,0.801830668,-0.406566687,RECT-2056-20210622-12_30_51,15185.9,806.1412692,1008.91,0.200978017,0.5,1601.671955,12.41957442,160.9504265,0.00800797,2.594810241,474.6551673,DARK-2057-20210622-12_30_59,626.38,626.38,0.379151758,0.530072754,0.872509549,0.698765097,0.900216503,0.411871944,0.588128056,1899.984194,1601.671955,0.842992253,0.195984505,6,0.5,0: Broadleaf,2,TRUE,1624390251,383.5086129,400.333871,42.8049,37.63166774,383.6822581,42.65405484,500.1475806,100.6243548,0.199984903,38.38899032,38.38143548,999.9,0,0,10000.89226,0,1747.507097,1899.984194,0.89999471,0.100005268,0,806.8419677,4.99979,16175.2129,16171.42581,48.83232258,50.52,49.312,49.44919355,50.5,1705.476452,189.5077419,0,139.8999999,0,806.1412692,-73.41282052,-1382.294017,16161.95769,15,1624388958,12:09:18,1624388957,1624388958,3,-0.479,0.03,-0.174,0.151,400,39,0.13,0.03,12.51771744,-0.522873939,0.057663941,0,-16.82532903,0.875059123,0.100293673,1,5.173244839,2.235814861,0.176271419,0,1,3,1/3,100,100,-0.174,0.1509,-0.17375,0,0,0,0.150865,0,0,0,-1,-1,-1,-1,21.7,21.7,1.073,2.62573,1.4502,2.30713,1.35132,2.28149,42.6171,15.1827,18,365.598,521.858,37.0214,36.45,29.9996,36.237,36.1886,21.4348,18.0797,100,-999.9,400,36.7131,98.7836,98.9771
21,1624390458,4072.6,20210622 12:34:18,12:34:18,15,B1R3,_NE,_5.14,_1,1624390450,0.002156914,2.156913678,9.418387191,387.3087097,196.0501252,19.761401,39.03982574,0.08521193,2.93886124,0.083862765,0.052533666,372.3707284,39.87688205,38.24333871,6.745571948,63.61644938,4.295079587,6.75152359,2.450492361,-95.11989319,2.583081257,0.211838315,280.0457547,9.715654952,2.229273567,9.418387191,416.7439218,404.7794667,0.037789416,66.196733,2.156913678,40.03673245,42.56075636,-0.007719536,77.73943822,103,21,1,0,51236.75087,RECT-527-20200527-06_29_39,15172.9,718.7284615,3626.84,0.801830668,-0.406566687,RECT-2058-20210622-12_34_10,15174.2,972.92356,1205,0.192594556,0.5,1601.690651,9.418387191,154.2384499,0.006134115,2.009825726,514.006829,DARK-2059-20210622-12_34_18,744.91,744.91,0.381817427,0.50441531,0.840353513,0.477256886,0.832787865,0.386200956,0.613799044,1900.007097,1601.690651,0.842991931,0.195983862,6,0.5,0: Broadleaf,2,TRUE,1624390450,387.3087097,399.9998387,42.61089032,40.05050968,387.4824839,42.46001613,500.1480323,100.5976774,0.200019,38.25964194,38.24333871,999.9,0,0,9993.448065,0,1607.605806,1900.007097,0.900005323,0.099994955,0,976.0935484,4.99979,19196.62581,16171.67097,48.875,50.254,49.22764516,49.411,50.45325806,1705.517742,189.4896774,0,198.3999999,0,972.92356,-169.5569233,-3137.576928,19136.92,15,1624388958,12:09:18,1624388957,1624388958,3,-0.479,0.03,-0.174,0.151,400,39,0.13,0.03,9.59324409,-1.409398528,0.11499987,0,-12.69114839,1.453659677,0.116100098,0,2.560373548,-0.207100645,0.01597942,1,1,3,1/3,100,100,-0.174,0.1508,-0.17375,0,0,0,0.150865,0,0,0,-1,-1,-1,-1,25,25,1.07666,2.62817,1.4502,2.30713,1.35132,2.20337,42.537,15.1565,18,394.739,525.436,36.9163,36.3081,30.0004,36.1126,36.0812,21.5141,0,100,-999.9,400,44.4424,98.7833,98.9457
22,1624390598,4212.1,20210622 12:36:37,12:36:37,15,B1R3,_NE,_5.14,_2,1624390590,0.002828859,2.828858976,11.48357246,384.6443,214.1301621,21.58334363,38.77039096,0.117906404,2.939163948,0.115340379,0.072313633,372.3639153,40.00681412,38.12012667,6.700739264,63.59110239,4.364303734,6.86307293,2.33643553,-124.7526808,70.16388017,5.758539612,323.5336542,11.75412134,2.755492861,11.48357246,416.7462462,402.2564,0.026770872,66.20510624,2.828858976,40.13560898,43.34690242,0.005839836,77.75056816,145,29,1,0,51195.28731,RECT-527-20200527-06_29_39,15172.9,718.7284615,3626.84,0.801830668,-0.406566687,RECT-2060-20210622-12_36_30,15144.1,1037.418462,1295.25,0.199059285,0.5,1601.658118,11.48357246,159.4124596,0.007423644,1.800108087,529.7520252,DARK-2061-20210622-12_36_37,766.26,766.26,0.408407643,0.487403426,0.815075964,0.447219265,0.80175398,0.360006847,0.639993153,1899.968,1601.658118,0.842992154,0.195984309,6,0.5,0: Broadleaf,2,TRUE,1624390590,384.6443,400.0166,43.29862333,40.13613,384.8181667,43.14775333,500.1466,100.5953667,0.200072033,38.56292333,38.12012667,999.9,0,0,9995.399333,0,468.3616667,1899.968,0.8999991,0.100001217,0,1039.926,4.99979,20529.19667,16171.3,49,50.437,49.3162,49.625,50.625,1705.469,189.5,0,138.8,0,1037.418462,-398.9081704,-7640.290588,20482.34231,15,1624388958,12:09:18,1624388957,1624388958,3,-0.479,0.03,-0.174,0.151,400,39,0.13,0.03,11.6786894,-1.459730358,0.124262104,0,-15.37163548,0.479409677,0.074226452,1,3.156004516,0.519099677,0.038954141,1,2,3,2/3,100,100,-0.174,0.1509,-0.17375,0,0,0,0.150865,0,0,0,-1,-1,-1,-1,27.3,27.3,1.07666,2.61963,1.4502,2.30713,1.35132,2.40845,42.5904,15.139,18,352.382,525.161,37.1231,36.4342,30.0005,36.1986,36.1632,21.52,0,100,-999.9,400,42.5028,98.7511,98.9239
23,1624390730,4344.6,20210622 12:38:50,12:38:50,15,B1R3,_NE,_5.14,_3,1624390722,0.003444664,3.444663531,14.30935507,381.257129,201.7977867,20.33816019,38.42494357,0.139608115,2.941118307,0.136028331,0.085331691,372.3667367,39.84808654,38.55328387,6.859503013,64.84587788,4.450517344,6.863223213,2.408985669,-151.9096617,1.592776547,0.130909622,222.1807612,14.34198388,3.390009582,14.30935507,416.8247198,398.932303,0.001520243,66.21238818,3.444663531,40.26873907,44.20841333,0.001592207,77.72736865,61,12,1,0,51249.6295,RECT-527-20200527-06_29_39,15172.9,718.7284615,3626.84,0.801830668,-0.406566687,RECT-2062-20210622-12_38_42,15168.5,934.12504,1252.45,0.254161811,0.5,1601.670872,14.30935507,203.5417846,0.009187856,1.895796239,522.4499369,DARK-2063-20210622-12_38_50,698.43,698.43,0.442348996,0.574573048,0.810812011,0.596425171,0.816471435,0.429598862,0.570401138,1899.983226,1601.670872,0.842992112,0.195984223,6,0.5,0: Broadleaf,2,TRUE,1624390722,381.257129,400.0109677,44.15859355,40.27177419,381.4308387,44.00775161,500.1999677,100.584871,0.199981677,38.56332903,38.55328387,999.9,0,0,10007.56419,0,1138.244484,1899.983226,0.899999194,0.100000816,0,935.4840323,4.99979,18287.01935,16171.43226,49.04,50.5,49.385,49.67732258,50.687,1705.484516,189.4987097,0,131.3,0,934.12504,-142.7640771,-2654.223081,18264.848,15,1624388958,12:09:18,1624388957,1624388958,3,-0.479,0.03,-0.174,0.151,400,39,0.13,0.03,14.3304302,-0.043928128,0.018467495,1,-18.75376774,-0.280533871,0.035566824,1,3.886817097,0.5445,0.041841028,1,3,3,3/3,100,100,-0.174,0.1508,-0.17375,0,0,0,0.150865,0,0,0,-1,-1,-1,-1,29.6,29.5,1.07666,2.62207,1.4502,2.30713,1.35132,2.27905,42.6974,15.1039,18,443.998,526.209,37.2737,36.5701,30.0007,36.3028,36.2594,21.52,0,100,-999.9,400,43.1638,98.7257,98.906
24,1624391115,4729.6,20210622 12:45:15,12:45:15,15,B3R3,_NE,_5.9,_1,1624391107,0.00427162,4.271620316,13.70515056,381.6130323,267.6719937,26.97280772,38.45443372,0.219426967,2.940826387,0.210720178,0.132453594,372.3704464,39.42912326,37.5078129,6.481752847,67.05231266,4.550852501,6.787017957,1.930900346,-188.3784559,134.5737024,10.99512027,329.5608131,13.66440778,4.211708562,13.70515056,416.7536472,399.6184061,0.00074966,66.20331731,4.271620316,40.31871405,45.20094242,0.00170455,77.70835309,118,24,1,0,51275.13647,RECT-527-20200527-06_29_39,15172.9,718.7284615,3626.84,0.801830668,-0.406566687,RECT-2064-20210622-12_45_07,15187.4,1051.1256,1282.91,0.180670819,0.5,1601.686665,13.70515056,144.6890205,0.008810536,1.827041648,527.6761299,DARK-2065-20210622-12_45_15,758.28,758.28,0.408937494,0.441805463,0.817110327,0.410833011,0.805997283,0.318717617,0.681282383,1900.001935,1601.686665,0.842992123,0.195984246,6,0.5,0: Broadleaf,2,TRUE,1624391107,381.6130323,399.9325161,45.16162258,40.33753226,381.7868387,45.01075161,500.1773226,100.5680323,0.200103194,38.3566129,37.5078129,999.9,0,0,10007.57774,0,1880.600645,1900.001935,0.899999323,0.100000781,0,1057.012581,4.99979,20431.09032,16171.58387,48.933,50.19919355,49.25,49.5,50.562,1705.500645,189.5012903,0,384.1000001,0,1051.1256,-363.1023071,-6362.646144,20330.212,15,1624388958,12:09:18,1624388957,1624388958,3,-0.479,0.03,-0.174,0.151,400,39,0.13,0.03,13.7437615,-0.454605428,0.07080892,1,-18.31949355,-0.546648387,0.060306512,1,4.824092258,0.671642903,0.050850981,1,3,3,3/3,100,100,-0.174,0.1508,-0.17375,0,0,0,0.150865,0,0,0,-1,-1,-1,-1,36,36,1.07544,2.62695,1.4502,2.30713,1.35132,2.23022,42.751,15.0339,18,379.315,523.055,37.1532,36.6006,29.9996,36.3778,36.3267,21.5042,0,100,-999.9,400,43.9259,98.7116,98.9186
25,1624391242,4856.6,20210622 12:47:22,12:47:22,15,B3R3,_NE,_5.9,_2,1624391234,0.004462539,4.462538893,15.53076822,379.3887419,259.6935274,26.17029583,38.23243387,0.235272947,2.938487348,0.225286391,0.141665922,372.3742342,38.77808057,37.4248871,6.452578459,69.50315678,4.565547204,6.568834302,1.887031255,-196.7979652,52.04650261,4.241680146,231.8644517,15.55486555,4.373850665,15.53076822,416.8053398,397.3947939,-9.08687E-05,66.20183474,4.462538893,40.26901627,45.36632,0.002082592,77.67354805,135,27,1,0,51309.24547,RECT-527-20200527-06_29_39,15172.9,718.7284615,3626.84,0.801830668,-0.406566687,RECT-2066-20210622-12_47_14,15234.7,781.90596,1010.73,0.226394824,0.5,1601.702978,15.53076822,181.3086316,0.009950244,2.588337142,475.057614,DARK-2067-20210622-12_47_22,587.89,587.89,0.418351093,0.541159871,0.860859836,0.783639844,0.899590667,0.406880741,0.593119259,1900.02129,1601.702978,0.842992121,0.195984243,6,0.5,0: Broadleaf,2,TRUE,1624391234,379.3887419,400.036871,45.30491613,40.29626129,379.5624194,45.15402903,500.2173871,100.5738065,0.199963677,37.75342258,37.4248871,999.9,0,0,9993.693226,0,1634.116774,1900.02129,0.899999774,0.100000242,0,782.6990968,4.99979,15520.24839,16171.76129,48.7256129,50.23780645,49.155,49.284,50.405,1705.519032,189.5032258,0,126.2,0,781.90596,-54.87499991,-895.4538443,15506.256,15,1624388958,12:09:18,1624388957,1624388958,3,-0.479,0.03,-0.174,0.151,400,39,0.13,0.03,15.54448148,-0.372912587,0.05902295,1,-20.64810968,0.582348387,0.07933996,1,5.008640323,0.910440484,0.068945926,1,3,3,3/3,100,100,-0.174,0.1508,-0.17375,0,0,0,0.150865,0,0,0,-1,-1,-1,-1,38.1,38.1,1.07666,2.62451,1.4502,2.30713,1.35132,2.36572,42.6974,15.0251,18,362.145,523.701,36.9557,36.5402,29.9995,36.3374,36.2844,21.5246,0,100,-999.9,400,44.8888,98.7317,98.912
26,1624391490,5104.6,20210622 12:51:30,12:51:30,15,B3R3,_NE,_5.9,_3,1624391482,0.006008906,6.008905622,16.67398856,377.4156333,297.7169672,30.00056609,38.03170091,0.399601147,2.94212415,0.371712887,0.234663809,372.3689846,38.18377085,36.86413667,6.258273341,72.59186741,4.718019661,6.499377725,1.54025368,-264.9927379,110.0185605,8.922530974,226.3173382,16.65202965,5.968992544,16.67398856,416.8146766,395.9949758,-0.002824719,66.20211659,6.008905622,39.98534284,46.84832909,0.001191593,77.74249636,125,25,1,0,51443.44886,RECT-527-20200527-06_29_39,15172.9,718.7284615,3626.84,0.801830668,-0.406566687,RECT-2068-20210622-12_51_22,15197.1,723.9944231,918.34,0.211627041,0.5,1601.680271,16.67398856,169.4794282,0.010664148,2.94934338,453.6082916,DARK-2069-20210622-12_51_30,565.61,565.61,0.384095215,0.550975468,0.884775074,0.973618952,0.931360426,0.430441485,0.569558515,1899.994333,1601.680271,0.84299213,0.195984261,6,0.5,0: Broadleaf,2,TRUE,1624391482,377.4156333,400.0925667,46.82026667,39.99550333,377.5894333,46.66939,500.1951667,100.5687333,0.200014833,37.55775333,36.86413667,999.9,0,0,10014.89833,0,1074.177333,1899.994333,0.8999995,0.1000005,0,724.0250333,4.99979,15021.35,16171.54,48.125,49.5641,48.5662,48.54133333,49.7059,1705.493333,189.501,0,247.1000001,0,723.9944231,-5.427042735,-113.8529918,15022.54615,15,1624388958,12:09:18,1624388957,1624388958,3,-0.479,0.03,-0.174,0.151,400,39,0.13,0.03,16.42889565,1.599620555,0.239706036,0,-22.68268387,1.637385484,0.139879437,0,6.822740645,0.413415968,0.031025147,1,1,3,1/3,100,100,-0.174,0.1509,-0.17375,0,0,0,0.150865,0,0,0,-1,-1,-1,-1,42.2,42.2,1.07666,2.62573,1.4502,2.30713,1.35132,2.33154,42.5103,14.9814,18,372.144,525.247,36.4333,36.232,29.9999,36.0767,36.0446,21.5321,0,100,-999.9,400,43.0091,98.7827,98.9509
27,1624391626,5240.1,20210622 12:53:45,12:53:45,15,B3R3,_NE,_5.12,_1,1624391618,0.005096211,5.096211378,14.12519798,379.1693226,280.2166364,28.23599309,38.20694769,0.266548193,2.939880655,0.253813102,0.15972667,372.37634,38.82649957,37.62861935,6.524459004,69.42336795,4.613054453,6.644815123,1.911404551,-224.7429218,53.38208665,4.357202353,205.3727072,15.48104163,4.921846837,14.12519798,416.9996926,398.2954364,0.204938137,66.19589018,5.096211378,40.11840119,45.88092182,0.011475128,77.69109852,31,6,1,0,51313.09563,RECT-527-20200527-06_29_39,15172.9,718.7284615,3626.84,0.801830668,-0.406566687,RECT-2070-20210622-12_53_38,15190.5,751.84172,946.88,0.205979934,0.5,1601.711962,14.12519798,164.9602622,0.009072645,2.830305847,460.4636771,DARK-2071-20210622-12_53_46,587.45,587.45,0.379594035,0.542632168,0.881742718,0.854862875,0.921546497,0.423984541,0.576015459,1900.031935,1601.711962,0.842992127,0.195984253,6,0.5,0: Broadleaf,2,TRUE,1624391618,379.1693226,399.9750968,45.78038387,40.14751613,379.343,45.62951935,500.2627097,100.5652258,0.19964471,37.96542581,37.62861935,999.9,0,0,10002.47355,0,97.45623548,1900.031935,0.899999065,0.100000826,0,752.801871,4.99979,15707.26774,16171.85806,48.308,49.44106452,48.633,48.8,49.937,1705.527419,189.5045161,0,134.7,0,751.84172,-61.44453837,-1044.584626,15677.668,15,1624388958,12:09:18,1624388957,1624388958,3,-0.479,0.03,-0.174,0.151,400,39,0.13,0.03,15.19557255,-4.780329127,0.401590544,0,-20.80638387,0.36093871,0.056622571,1,5.620916129,1.494267097,0.112359259,0,1,3,1/3,100,100,-0.174,0.1509,-0.17375,0,0,0,0.150865,0,0,0,-1,-1,-1,-1,44.5,44.5,1.07788,2.62817,1.4502,2.30591,1.35132,2.36694,42.4571,14.9463,18,478.422,528.811,36.6361,36.2071,29.9999,36.0361,35.9979,21.5369,0,100,-999.9,400,50.285,98.7976,99.002
28,1624391735,5349.6,20210622 12:55:35,12:55:35,15,B3R3,_NE,_5.12,_2,1624391727,0.003410181,3.410180993,11.75243583,385.6430323,260.6041629,26.25625138,38.85410074,0.16897374,2.93877552,0.163755865,0.102802799,372.3656942,39.28511847,37.20416129,6.375478988,65.97015571,4.389439757,6.653674998,1.986039232,-150.3889818,124.5060981,10.14677992,356.6295904,10.89746832,2.763523259,11.75243583,416.8469588,402.6087758,-0.088153213,66.19683544,3.410180993,40.38273219,44.00281333,0.048177382,77.65674348,81,16,1,0,51277.81204,RECT-527-20200527-06_29_39,15172.9,718.7284615,3626.84,0.801830668,-0.406566687,RECT-2072-20210622-12_55_27,15244.9,1018.58312,1185.62,0.14088568,0.5,1601.666505,11.75243583,112.8259374,0.00759147,2.059023971,510.4477193,DARK-2073-20210622-12_55_35,685.46,685.46,0.421855232,0.333966891,0.829957367,0.357763776,0.839451984,0.224744491,0.775255509,1899.978065,1601.666505,0.842992103,0.195984207,6,0.5,0: Broadleaf,2,TRUE,1624391727,385.6430323,399.9940645,43.56700645,40.39631935,385.8168387,43.41614194,500.1675806,100.5513871,0.200078613,37.99000968,37.20416129,999.9,0,0,9997.560968,0,297.6621742,1899.978065,0.900000194,0.099999623,0,1024.351871,4.99979,19999.86129,16171.4,48.304,49.312,48.56606452,48.687,49.933,1705.480968,189.4977419,0,108.5,0,1018.58312,-433.4183083,-8279.338475,19886.216,15,1624388958,12:09:18,1624388957,1624388958,3,-0.479,0.03,-0.174,0.151,400,39,0.13,0.03,11.47804692,-0.527375047,0.12245393,0,-14.35105161,-6.690014516,0.531852162,0,3.170683226,4.461483871,0.336232065,0,0,3,0/3,100,100,-0.174,0.1509,-0.17375,0,0,0,0.150865,0,0,0,-1,-1,-1,-1,46.3,46.3,1.07666,2.62451,1.4502,2.30591,1.35132,2.35718,42.4038,14.9288,18,420.168,526.362,36.6454,36.085,29.9997,35.9237,35.8799,21.5284,0,100,-999.9,400,45.9379,98.8304,99.0165
29,1624391955,5569.6,20210622 12:59:15,12:59:15,15,B3R3,_NE,_5.12,_3,1624391947,0.003954679,3.954679403,13.88934433,381.4014839,269.5070785,27.15373556,38.42746948,0.224884272,2.94004395,0.215746379,0.13563155,372.3771238,38.693267,37.18866129,6.370095022,71.22107594,4.624026293,6.492497105,1.746068728,-174.4013617,55.41440974,4.503933969,257.8941059,13.94286894,3.955269553,13.88934433,417.1736623,399.7840182,0.001450193,66.33175803,3.954679403,41.40282225,45.9250497,0.000713347,77.97758192,88,18,1,0,51387.99385,RECT-527-20200527-06_29_39,15172.9,718.7284615,3626.84,0.801830668,-0.406566687,RECT-2074-20210622-12_59_07,15240.8,729.0398077,904.47,0.193959106,0.5,1601.715959,13.88934433,155.3336974,0.008925372,3.009906354,450.1982196,DARK-2075-20210622-12_59_15,562.83,562.83,0.377723971,0.513494299,0.888499058,0.944485513,0.936129844,0.396425536,0.603574464,1900.036774,1601.715959,0.842992083,0.195984167,6,0.5,0: Broadleaf,2,TRUE,1624391947,381.4014839,399.9386129,45.89452581,41.36714839,381.5752903,45.74364194,500.1232258,100.5526452,0.200684613,37.53827097,37.18866129,999.9,0,0,10004.65452,0,1060.296323,1900.036774,0.90000029,0.099999568,0,729.1492258,4.99979,14285.30645,16171.89355,48.25,49.294,48.512,48.59045161,49.86890323,1705.534516,189.5022581,0,219.3,0,729.0398077,-7.587316224,-79.44273558,14284.23462,15,1624388958,12:09:18,1624388957,1624388958,3,-0.479,0.03,-0.174,0.151,400,39,0.13,0.03,13.94817339,-0.607270146,0.076758741,0,-18.53702258,0.203593548,0.048127644,1,4.527364516,-0.136710484,0.01207977,1,2,3,2/3,100,100,-0.174,0.1508,-0.17375,0,0,0,0.150865,0,0,0,-1,-1,-1,-1,50,50,1.07788,2.62451,1.4502,2.30713,1.35132,2.37671,42.4304,14.9026,18,412.13,528.829,36.4736,36.04,30.0002,35.8577,35.8221,21.5581,0,100,-999.9,400,44.2237,98.8125,99.0046
30,1624393069,6683,20210622 13:17:48,13:17:48,15,B1R4,_NW,_5.14,_3,1624393061,0.00180574,1.80574045,10.40537918,386.7169355,195.718391,19.7186021,38.96168029,0.092948647,2.936131581,0.09134439,0.057232073,372.3637432,39.69165212,37.75857097,6.570670485,70.52138217,4.690304165,6.650896538,1.880366319,-79.63315386,35.41518898,2.896433653,331.042212,10.40249157,1.772357341,10.40537918,418.6840688,405.6235394,-0.000561683,66.18723401,1.80574045,44.51902803,46.56901939,0.002519363,77.6763492,119,24,1,0,51205.06351,RECT-527-20200527-06_29_39,15172.9,718.7284615,3626.84,0.801830668,-0.406566687,RECT-2076-20210622-13_17_41,15168.3,989.4245385,1276.57,0.224935148,0.5,1601.659762,10.40537918,180.1347876,0.006750464,1.841081962,526.6004152,DARK-2077-20210622-13_17_49,719.09,719.09,0.436701473,0.515077602,0.808277878,0.514743779,0.808177392,0.374346035,0.625653965,1899.970323,1601.659762,0.842991989,0.195983979,6,0.5,0: Broadleaf,2,TRUE,1624393061,386.7169355,400.0173871,46.55394839,44.52689677,386.2584839,46.42291613,500.1886774,100.5498387,0.200029516,37.98230323,37.75857097,999.9,0,0,9982.679355,0,1683.345161,1899.970323,0.900003968,0.099996103,0,990.1323871,4.99979,19283.66774,16171.34839,48.4756129,49.97154839,48.83841935,49.006,50.10874194,1705.480645,189.4896774,0,1112.3,0,989.4245385,-174.0417775,-3200.112816,19269.29615,15,1624392032,13:00:32,1624392032,1624392028,4,0.632,-0.02,0.459,0.131,402,42,0.67,0.01,10.40832463,-0.610857531,0.049433224,0,-13.30042581,0.577204839,0.052191823,1,2.027074839,0.217845968,0.017383177,1,2,3,2/3,100,100,0.459,0.131,0.458571429,0,0,0,0.131045,0,0,0,-1,-1,-1,-1,17.3,17.4,1.0791,2.62695,1.4502,2.30835,1.35132,2.24243,42.5904,14.6837,18,378.502,528.465,36.5061,36.1428,30,35.9208,35.8783,21.5668,0,100,-999.9,400,45.9195,98.7694,98.9488
31,1624393345,6959.5,20210622 13:22:25,13:22:25,15,B1R4,_NW,_5.14,_1,1624393337,0.002261947,2.261947087,9.878756594,386.9855333,203.8691837,20.53575585,38.98107741,0.093548392,2.94088886,0.09192614,0.057597247,372.3719273,40.36064958,39.11956333,7.071974202,68.27206772,4.738704152,6.940912016,2.333270051,-99.75186652,-55.10113206,-4.546012924,212.9729158,9.97318301,2.231878158,9.878756594,418.6790592,406.2672667,0.002220725,66.19487273,2.261947087,44.52398889,47.08649758,0.003778323,77.68919245,150,30,1,0,51207.76795,RECT-527-20200527-06_29_39,15172.9,718.7284615,3626.84,0.801830668,-0.406566687,RECT-2078-20210622-13_22_18,15146.7,795.1131923,1016.59,0.217862469,0.5,1601.692669,9.878756594,174.4743599,0.006421534,2.567652643,476.3482014,DARK-2079-20210622-13_22_25,628.32,628.32,0.38193372,0.570419573,0.870512786,0.743556247,0.897575614,0.450761011,0.549238989,1900.009,1601.692669,0.842992148,0.195984297,6,0.5,0: Broadleaf,2,TRUE,1624393337,386.9855333,399.9834,47.04359333,44.49259,386.5270333,46.91254,500.2461333,100.5301667,0.199897,38.77203,39.11956333,999.9,0,0,10011.703,0,1894.110667,1900.009,0.899998633,0.100001343,0,795.2072667,4.99979,15824.68333,16171.63667,49,50.437,49.375,49.63326667,50.687,1705.506,189.5036667,0,275.6000001,0,795.1131923,-18.45254701,-194.687179,15824.36154,15,1624392032,13:00:32,1624392032,1624392028,4,0.632,-0.02,0.459,0.131,402,42,0.67,0.01,9.828754691,-0.935129929,0.175746034,0,-13.00845806,0.99086129,0.08365096,1,2.553075806,-0.097218871,0.008943026,1,2,3,2/3,100,100,0.458,0.131,0.458571429,0,0,0,0.131045,0,0,0,-1,-1,-1,-1,21.9,22,1.08032,2.62817,1.4502,2.30713,1.35132,2.38525,42.8583,14.6399,18,347.155,526.919,37.1204,36.4398,30.001,36.1603,36.1272,21.5853,0,100,-999.9,400,46.3912,98.7372,98.901
32,1624393729,7343.6,20210622 13:28:49,13:28:49,15,B2R3,_NW,_5.14,_1,1624393721,0.003906087,3.906087007,17.0869868,377.6480667,234.3606651,23.61783641,38.05771013,0.211104061,2.938695497,0.203026567,0.127591584,372.3713713,39.36906501,37.95101333,6.639625719,71.48072179,4.810924977,6.730381082,1.828700742,-172.258437,39.71177423,3.25144888,243.0761573,17.16053085,3.758697414,17.0869868,418.1637327,396.7208061,0.002905503,66.36888276,3.906087007,43.46301036,47.85498182,0.011453212,78.02273021,62,12,1,0,51241.20274,RECT-527-20200527-06_29_39,15172.9,718.7284615,3626.84,0.801830668,-0.406566687,RECT-2080-20210622-13_28_42,15177.9,891.06972,1206.92,0.261699433,0.5,1601.690901,17.0869868,209.5808005,0.010921928,2.005037616,514.3558634,DARK-2081-20210622-13_28_49,686.01,686.01,0.431602757,0.606343284,0.822869734,0.646980243,0.832127643,0.46680697,0.53319303,1900.007,1601.690901,0.842992105,0.19598421,6,0.5,0: Broadleaf,2,TRUE,1624393721,377.6480667,399.9360333,47.73898667,43.44542,377.8412333,47.61643,500.1801,100.5757,0.199899,38.20167,37.95101333,999.9,0,0,9994.689,0,92.53174333,1900.007,0.900000467,0.099999503,0,891.5576333,4.99979,17331.29333,16171.63667,48.75,50.0977,49.187,49.1019,50.37706667,1705.506333,189.5006667,0,383.1000001,0,891.06972,-58.32338454,-1089.253844,17322.628,15,1624393651,13:27:31,1624393645,1624393651,5,-0.652,-0.008,-0.193,0.123,400,46,0.19,0.03,17.03873191,-0.141668314,0.0555388,1,-22.29591,0.723435818,0.05686871,1,4.287296333,0.870328365,0.065093933,1,3,3,3/3,100,100,-0.193,0.1225,-0.1933,0,0,0,0.12256,0,0,0,-1,-1,-1,-1,1.4,1.3,1.07788,2.62573,1.4502,2.30713,1.35132,2.24243,42.8046,14.5611,18,442.438,527.276,37.0387,36.9443,30.0004,36.7125,36.6665,21.5507,10.1619,100,-999.9,400,43.6014,98.604,98.7811
33,1624393875,7489.1,20210622 13:31:14,13:31:14,15,B2R3,_NW,_5.14,_2,1624393867,0.002365077,2.365077099,13.13977674,382.9157419,200.2500576,20.17992872,38.58781599,0.123552403,2.939245365,0.120737979,0.075708762,372.37374,39.39626309,37.91235161,6.625722413,72.20349076,4.763263445,6.596998836,1.862458969,-104.2999001,-12.69218259,-1.036949906,254.3447074,13.30901595,2.495758921,13.13977674,418.6233901,402.0039333,0.024256979,66.20534047,2.365077099,44.38476889,47.19083576,-0.017025183,77.71338045,112,22,1,0,51317.45909,RECT-527-20200527-06_29_39,15172.9,718.7284615,3626.84,0.801830668,-0.406566687,RECT-2082-20210622-13_31_07,15151.8,974.0652692,1242.97,0.216340483,0.5,1601.700088,13.13977674,173.2562857,0.008457478,1.917882169,520.7930337,DARK-2083-20210622-13_31_15,732.32,732.32,0.410830511,0.52659303,0.823580421,0.512940527,0.819731282,0.395902225,0.604097775,1900.017742,1601.700088,0.842992174,0.195984349,6,0.5,0: Broadleaf,2,TRUE,1624393867,382.9157419,400.0270968,47.26695484,44.41464839,383.1089355,47.14438387,500.183,100.5736129,0.200034581,37.83225484,37.91235161,999.9,0,0,9998.024516,0,104.6777097,1900.017742,0.899998323,0.100001629,0,976.0569677,4.99979,19010.68387,16171.7129,48.33041935,49.45148387,48.73780645,48.52980645,49.93903226,1705.511613,189.506129,0,144.5999999,0,974.0652692,-214.6234185,-3867.835892,18974.69231,15,1624393651,13:27:31,1624393645,1624393651,5,-0.652,-0.008,-0.193,0.123,400,46,0.19,0.03,13.27776742,-0.313627346,0.06759286,1,-17.10955667,0.5842198,0.061551949,1,2.853671667,0.10265406,0.017559547,1,3,3,3/3,100,100,-0.194,0.1225,-0.1933,0,0,0,0.12256,0,0,0,-1,-1,-1,-1,3.8,3.7,1.08032,2.62817,1.4502,2.30713,1.35132,2.42188,42.751,14.5436,18,385.901,527.251,36.7067,36.9382,29.9996,36.7091,36.6634,21.6004,0,100,-999.9,400,46.7676,98.6171,98.7451
34,1624393964,7578.1,20210622 13:32:43,13:32:43,15,B2R3,_NW,_5.14,_3,1624393956,0.002599068,2.599068328,16.12093544,398.1713333,198.0665313,19.95859152,40.1225737,0.138109453,2.939471968,0.134603165,0.08443459,372.3655173,39.16927216,37.43280333,6.455358565,70.61586167,4.616528829,6.537523893,1.838829737,-114.6189133,36.86658691,3.00238094,297.6155718,1.016813194,1.24826504,16.12093544,418.4765265,403.4325091,-1.008178644,66.20476578,2.599068328,44.35085957,46.71534909,0.100518573,77.71049277,118,24,1,0,51351.22731,RECT-527-20200527-06_29_39,15172.9,718.7284615,3626.84,0.801830668,-0.406566687,RECT-2084-20210622-13_32_36,15181.2,940.80064,1232.57,0.23671626,0.5,1601.664879,16.12093544,189.5700595,0.010318951,1.942502251,518.9583602,DARK-2085-20210622-13_32_44,695.69,695.69,0.435577695,0.543453584,0.816836395,0.567819723,0.823307486,0.401865398,0.598134602,1899.976,1601.664879,0.842992163,0.195984327,6,0.5,0: Broadleaf,2,TRUE,1624393956,398.1713333,399.9874,45.81384667,44.38497667,398.3646333,45.69128667,500.1479,100.567,0.200107867,37.66544,37.43280333,999.9,0,0,9999.971333,0,991.0742,1899.976,0.8999979,0.100002167,0,942.4617333,4.99979,18263.41667,16171.36,48.156,49.187,48.5,48.312,49.7143,1705.475333,189.5013333,0,88.10000014,0,940.80064,-185.663692,-3236.153842,18233.056,15,1624393651,13:27:31,1624393645,1624393651,5,-0.652,-0.008,-0.193,0.123,400,46,0.19,0.03,17.12985393,-10.70509461,0.834544571,0,-1.8160422,-156.7129562,11.79225969,0,1.428866263,9.608189871,0.701555462,0,0,3,0/3,100,100,-0.194,0.1225,-0.1933,0,0,0,0.12256,0,0,0,-1,-1,-1,-1,5.3,5.2,1.08154,2.62817,1.4502,2.30713,1.35132,2.31689,42.7778,14.5261,18,379.422,528.384,36.6111,36.8644,29.9995,36.6737,36.6164,21.6261,0,100,-999.9,400,45.5824,98.637,98.759
35,1624394135,7749.1,20210622 13:35:34,13:35:34,15,B2R3,_NW,_5.7,_1,1624394127,0.002799554,2.799553982,13.46286787,382.7624,246.1307641,24.80353282,38.57242221,0.172645347,2.939681255,0.167203804,0.104976991,372.3679326,38.68348062,37.06619667,6.32769521,74.12962689,4.732999477,6.384760959,1.594695733,-123.4603306,26.09599121,2.116868888,277.1204621,13.37228067,2.722187946,13.46286787,418.4365229,401.5412727,0.000583534,66.19104844,2.799553982,43.84197927,47.00549515,0.006154657,77.6510858,123,25,1,0,51429.1747,RECT-527-20200527-06_29_39,15172.9,718.7284615,3626.84,0.801830668,-0.406566687,RECT-2086-20210622-13_35_27,15216,773.5541923,984.12,0.213963549,0.5,1601.679,13.46286787,171.3504614,0.00865931,2.685363574,469.0959211,DARK-2087-20210622-13_35_35,621.1,621.1,0.368877779,0.580039137,0.879224417,0.793415679,0.908740936,0.465723426,0.534276574,1899.993333,1601.679,0.842991905,0.19598381,6,0.5,0: Broadleaf,2,TRUE,1624394127,382.7624,400.0552,46.96656667,43.85413333,382.9557,46.84400333,500.1237,100.5736333,0.2001684,37.23085667,37.06619667,999.9,0,0,10000.50267,0,272.8702333,1899.993333,0.9000059,0.099994117,0,773.6292667,4.99979,15089.38667,16171.54667,47.6975,48.8435,48.1684,47.812,49.3267,1705.507,189.4866667,0,170,0,773.5541923,-62.31367525,-1665.535047,15089.68077,15,1624393651,13:27:31,1624393645,1624393651,5,-0.652,-0.008,-0.193,0.123,400,46,0.19,0.03,13.50988396,-0.683377691,0.070517892,0,-17.29289333,-1.207667186,0.092646219,0,3.112429667,0.47666109,0.036433578,1,1,3,1/3,100,100,-0.193,0.1225,-0.1933,0,0,0,0.12256,0,0,0,-1,-1,-1,-1,8.2,8.1,1.0791,2.62207,1.4502,2.30713,1.35132,2.38892,42.7778,14.5085,18,374.734,528.476,36.2385,36.5787,29.9991,36.4538,36.4096,21.5679,0,100,-999.9,400,50.639,98.6881,98.9196
36,1624394309,7923.1,20210622 13:38:28,13:38:28,15,B2R3,_NW,_5.7,_2,1624394301,0.00504065,5.040650018,17.33143384,376.9628387,281.8217647,28.39849295,37.98562729,0.336719387,2.939317415,0.316663669,0.199617099,372.3681625,38.13481932,36.25762581,6.053850141,70.90602621,4.534102241,6.394523123,1.5197479,-222.2926658,158.6658837,12.82384036,321.5652208,17.2033871,5.30273402,17.33143384,416.2031793,394.5876182,-0.002999528,66.18705058,5.040650018,38.8915801,44.79574364,-0.021283237,77.63975801,112,22,1,0,51414.19031,RECT-527-20200527-06_29_39,15172.9,718.7284615,3626.84,0.801830668,-0.406566687,RECT-2088-20210622-13_38_21,15207.4,760.8882,1017.9,0.25249219,0.5,1601.676872,17.33143384,202.2054503,0.011074644,2.563061204,476.635631,DARK-2089-20210622-13_38_29,594.25,594.25,0.41620002,0.606660687,0.860300931,0.859078378,0.89712515,0.473799059,0.526200941,1899.990323,1601.676872,0.842992121,0.195984242,6,0.5,0: Broadleaf,2,TRUE,1624394301,376.9628387,399.9960968,44.99565161,38.92120323,377.1560323,44.87309032,500.2068065,100.5676129,0.199951935,37.25889677,36.25762581,999.9,0,0,9999.030968,0,1807.583548,1899.990323,0.899999613,0.100000542,0,761.1176452,4.99979,14828.42903,16171.5,47.5,48.677,47.812,47.915,49.11280645,1705.490323,189.5,0,173,0,760.8882,-26.67123078,-529.3307693,14823.848,15,1624393651,13:27:31,1624393645,1624393651,5,-0.652,-0.008,-0.193,0.123,400,46,0.19,0.03,17.33276916,-0.406125299,0.098246633,1,-23.03278,-0.272099666,0.029655381,1,6.067074667,-1.65092663,0.119259352,0,2,3,2/3,100,100,-0.194,0.1226,-0.1933,0,0,0,0.12256,0,0,0,-1,-1,-1,-1,11.1,11,1.07666,2.62695,1.4502,2.30713,1.35132,2.39014,42.7778,14.4823,18,385.389,523.457,36.0476,36.2256,29.9995,36.129,36.1034,21.5123,20.1899,100,-999.9,400,39.1283,98.7631,98.8718
37,1624394454,8068.6,20210622 13:40:54,13:40:54,15,B2R3,_NW,_5.7,_3,1624394446,0.003625445,3.625445244,12.44818207,384.3566129,271.6853493,27.37484753,38.72753426,0.199907192,2.940153979,0.192651441,0.12103711,372.3666155,38.53231561,37.01459677,6.309903747,70.48764629,4.515606401,6.406238026,1.794297347,-159.8821353,44.04981265,3.572856231,260.1071491,11.8621867,3.72730653,12.44818207,416.9002754,401.7958485,-0.089338549,66.19222313,3.625445244,40.47795527,44.72431515,-0.01511853,77.65178854,114,23,1,0,51431.92326,RECT-527-20200527-06_29_39,15172.9,718.7284615,3626.84,0.801830668,-0.406566687,RECT-2090-20210622-13_40_47,15208.2,944.16452,1127.28,0.162440104,0.5,1601.66985,12.44818207,130.0877082,0.008025842,2.217337308,499.322176,DARK-2091-20210622-13_40_54,665.43,665.43,0.409703002,0.396482581,0.844043885,0.448206561,0.859513113,0.27943372,0.72056628,1899.981935,1601.66985,0.842992146,0.195984293,6,0.5,0: Broadleaf,2,TRUE,1624394446,384.3566129,400.3063226,44.81574194,40.54450968,384.5498065,44.69317742,500.1270323,100.5592581,0.200122581,37.29249677,37.01459677,999.9,0,0,10004.6229,0,637.448129,1899.981935,0.899999194,0.100000806,0,946.0333548,4.99979,19474.68065,16171.42581,47.5,48.887,47.87093548,48.161,49.187,1705.482903,189.5009677,0,144.5,0,944.16452,-140.5570767,-5566.446152,19408.584,15,1624393651,13:27:31,1624393645,1624393651,5,-0.652,-0.008,-0.193,0.123,400,46,0.19,0.03,11.9307508,5.610398027,0.542995878,0,-15.94979333,0.792170857,0.148675537,1,4.271096333,0.306261624,0.023596171,1,2,3,2/3,100,100,-0.194,0.1226,-0.1933,0,0,0,0.12256,0,0,0,-1,-1,-1,-1,13.5,13.4,1.0791,2.63062,1.4502,2.30713,1.35132,2.33521,42.751,14.456,18,383.788,525.759,36.052,36.1051,29.9996,36.0018,35.9728,21.5714,14.6823,100,-999.9,400,40.4493,98.7872,98.8588