SysConst,AvgTime,Oxygen,,,,,,,,,,,,,,,,,,,,,,,,,,,,,,,,,,,,,,,,,,,,,,,,,,,,,,,,,,,,,,,,,,,,,,,,,,,,,,,,,,,,,,,,,,,,,,,,,,,,,,,,,,,,,,,,,,,,,,,,,,,,,,,,,,,,,,,,,,,,,,,,,,,,,,,,,,,,,,,,,,,,,,,,,,,,,,,,
,4,21,,,,,,,,,,,,,,,,,,,,,,,,,,,,,,,,,,,,,,,,,,,,,,,,,,,,,,,,,,,,,,,,,,,,,,,,,,,,,,,,,,,,,,,,,,,,,,,,,,,,,,,,,,,,,,,,,,,,,,,,,,,,,,,,,,,,,,,,,,,,,,,,,,,,,,,,,,,,,,,,,,,,,,,,,,,,,,,,
ChambConst,Chamber,Aperture,blc_a,blc_b,blc_c,blc_d,blc_e,blc_minS,blc_maxS,blc_Po,,,,,,,,,,,,,,,,,,,,,,,,,,,,,,,,,,,,,,,,,,,,,,,,,,,,,,,,,,,,,,,,,,,,,,,,,,,,,,,,,,,,,,,,,,,,,,,,,,,,,,,,,,,,,,,,,,,,,,,,,,,,,,,,,,,,,,,,,,,,,,,,,,,,,,,,,,,,,,,,,,,,,,,,
,6800-01A,6 cm²,0.578,0.5229739,0.003740252,-0.06197961,-0.005608586,1,6,96.9,,,,,,,,,,,,,,,,,,,,,,,,,,,,,,,,,,,,,,,,,,,,,,,,,,,,,,,,,,,,,,,,,,,,,,,,,,,,,,,,,,,,,,,,,,,,,,,,,,,,,,,,,,,,,,,,,,,,,,,,,,,,,,,,,,,,,,,,,,,,,,,,,,,,,,,,,,,,,,,,,,,,,,,,
LTConst,deltaTw,fT1,fT2,fTeb,,,,,,,,,,,,,,,,,,,,,,,,,,,,,,,,,,,,,,,,,,,,,,,,,,,,,,,,,,,,,,,,,,,,,,,,,,,,,,,,,,,,,,,,,,,,,,,,,,,,,,,,,,,,,,,,,,,,,,,,,,,,,,,,,,,,,,,,,,,,,,,,,,,,,,,,,,,,,,,,,,,,,,,,,,,,,,
,0,1,0,0,,,,,,,,,,,,,,,,,,,,,,,,,,,,,,,,,,,,,,,,,,,,,,,,,,,,,,,,,,,,,,,,,,,,,,,,,,,,,,,,,,,,,,,,,,,,,,,,,,,,,,,,,,,,,,,,,,,,,,,,,,,,,,,,,,,,,,,,,,,,,,,,,,,,,,,,,,,,,,,,,,,,,,,,,,,,,,
LQConst,Leaf,Ambient,abs_ambient,abs_redLED,abs_greenLED,abs_blueLED,abs_whiteLED,abs_redFlr,abs_blueFlr,k_ambient,k_redLED,k_greenLED,k_blueLED,k_whiteLED,k_redFlr,k_blueFlr,,,,,,,,,,,,,,,,,,,,,,,,,,,,,,,,,,,,,,,,,,,,,,,,,,,,,,,,,,,,,,,,,,,,,,,,,,,,,,,,,,,,,,,,,,,,,,,,,,,,,,,,,,,,,,,,,,,,,,,,,,,,,,,,,,,,,,,,,,,,,,,,,,,,,,,,,,,,,,,,,,
,standard,Sun+Sky,0.49,0.84,0.7,0.87,0.75,0.84,0.87,0.39,0.18,0.23,0.26,0.21,0.19,0.25,,,,,,,,,,,,,,,,,,,,,,,,,,,,,,,,,,,,,,,,,,,,,,,,,,,,,,,,,,,,,,,,,,,,,,,,,,,,,,,,,,,,,,,,,,,,,,,,,,,,,,,,,,,,,,,,,,,,,,,,,,,,,,,,,,,,,,,,,,,,,,,,,,,,,,,,,,,,,,,,,,
QConst,fQ_Amb_in,fQ_Amb_out,fQ_HeadLS,fQ_ConsoleLS,fQ_Flr,,,,,,,,,,,,,,,,,,,,,,,,,,,,,,,,,,,,,,,,,,,,,,,,,,,,,,,,,,,,,,,,,,,,,,,,,,,,,,,,,,,,,,,,,,,,,,,,,,,,,,,,,,,,,,,,,,,,,,,,,,,,,,,,,,,,,,,,,,,,,,,,,,,,,,,,,,,,,,,,,,,,,,,,,,,,,
,0,0,0,0,1,,,,,,,,,,,,,,,,,,,,,,,,,,,,,,,,,,,,,,,,,,,,,,,,,,,,,,,,,,,,,,,,,,,,,,,,,,,,,,,,,,,,,,,,,,,,,,,,,,,,,,,,,,,,,,,,,,,,,,,,,,,,,,,,,,,,,,,,,,,,,,,,,,,,,,,,,,,,,,,,,,,,,,,,,,,,,
LeakConst,fan_a,fan_b,fan_c,fan_d,Fs_meas,Fs_true,leak_wt,,,,,,,,,,,,,,,,,,,,,,,,,,,,,,,,,,,,,,,,,,,,,,,,,,,,,,,,,,,,,,,,,,,,,,,,,,,,,,,,,,,,,,,,,,,,,,,,,,,,,,,,,,,,,,,,,,,,,,,,,,,,,,,,,,,,,,,,,,,,,,,,,,,,,,,,,,,,,,,,,,,,,,,,,,,
,-6276,6.6,0.00001709,3.11,5.6392 89.0765 394.994 638.882 878.217 1039.84 1182.09 1267.46,0.0624164 104.955 401.002 600.96 800.381 1001.08 1200.39 1401.2,0,,,,,,,,,,,,,,,,,,,,,,,,,,,,,,,,,,,,,,,,,,,,,,,,,,,,,,,,,,,,,,,,,,,,,,,,,,,,,,,,,,,,,,,,,,,,,,,,,,,,,,,,,,,,,,,,,,,,,,,,,,,,,,,,,,,,,,,,,,,,,,,,,,,,,,,,,,,,,,,,,,,,,,,,,,,
SysObs,SysObs,SysObs,SysObs,SysObs,SysObs,UserDefCon,UserDefCon,UserDefCon,UserDefCon,UserDefCon,GasEx,GasEx,GasEx,GasEx,GasEx,GasEx,GasEx,GasEx,GasEx,GasEx,GasEx,GasEx,GasEx,GasEx,GasEx,GasEx,GasEx,GasEx,GasEx,GasEx,GasEx,GasEx,GasEx,GasEx,Leak,Leak,Leak,Leak,Leak,FLR,FLR,FLR,FLR,FLR,FLR,FLR,FLR,FLR,FLR,FLR,FLR,FLR,FLR,FLR,FLR,FLR,FLR,FLR,FLR,FLR,FLR,FLR,FLR,FLR,FLR,FLR,FLR,LeafQ,LeafQ,LeafQ,LeafQ,Const,Const,Const,Const,Meas,Meas,Meas,Meas,Meas,Meas,Meas,Meas,Meas,Meas,Meas,Meas,Meas,Meas,Meas,Meas,Meas,Meas,FlrLS,FlrLS,FlrLS,FlrLS,FlrLS,FlrLS,FlrLS,FlrLS,FlrLS,FlrLS,FlrLS,FlrLS,FlrLS,FlrLS,FlrLS,FlrLS,FlrLS,FlrLS,FlrStats,FlrStats,FlrStats,FlrStats,FlrStats,MchEvent,MchEvent,MchEvent,MchEvent,MchEvent,MchEvent,MchEvent,MchEvent,MchEvent,MchEvent,MchEvent,MchEvent,MchEvent,Stability,Stability,Stability,Stability,Stability,Stability,Stability,Stability,Stability,Stability,Stability,Stability,Stability,Stability,Stability,MchStatus,MchStatus,MchStatus,MchStatus,MchStatus,MchStatus,MchStatus,MchStatus,MchStatus,MchStatus,MchStatus,MchStatus,MchStatus,MchStatus,MchStatus,MchStatus,MchStatus,MchStatus,Status,Status,Status,Status,Status,Status,Status,Status,Status,Status,Status,Status,Status,Status,Status,Status
obs,time,elapsed,date,hhmmss,averaging,USER,BLOCK,SUB-BLOCK,VINE,LEAF,TIME,E,Emm,A,Ca,Ci,Pci,Pca,gsw,gbw,gtw,gtc,Rabs,TleafEB,TleafCnd,SVPleaf,RHcham,VPcham,SVPcham,VPDleaf,LatHFlux,SenHFlux,NetTherm,EBSum,Leak,LeakPct,CorrFact,CorrFactPct,Fan,DarkAdaptedID,Qmax_d,Fo,Fm,Fv/Fm,A_dark,LightAdaptedID,Qmax,Fs,Fm',PhiPS2,PS2/1,Qabs_fs,A_fs,ETR,PhiCO2,NPQ,alt. Fo',DarkPulseID,Fmin,Fo',Fv'/Fm',qP,qN,qP_Fo,qN_Fo,qL,1-qL,Qin,Qabs,alpha,convert,S,K,Geometry,Custom,TIME,CO2_s,CO2_r,H2O_s,H2O_r,CO2_a,H2O_a,Flow,Pa,ΔPcham,Tair,Tleaf,Tleaf2,Offset,Offset2,Fan_speed,Qamb_in,Qamb_out,Q,f_red,f_blue,f_farred,F,Q_modavg,F_dc,Pc,Tled,TDigital,TPreamp,TPwrSpy,TDrive,Q_red,Q_blue,Q_farred,TSPF,state,F_avg,dF/dt,dF_dc/dt,F_dc_avg,period,time,hhmmss,co2_t,h2o_t,count,co2_adj,h2o_adj,co2_match,h2o_match,co2_at,h2o_at,co2_cv,h2o_cv,A:MN,A:SLP,A:SD,A:OK,ΔCO2:MN,ΔCO2:SLP,ΔCO2:SD,ΔCO2:OK,ΔH2O:MN,ΔH2O:SLP,ΔH2O:SD,ΔH2O:OK,Stable,Total,State,MatchValveR,MatchValveS,MatchCO2,MatchH2O,cf_co2_a,cf_co2_b,cf_co2_c,cf_co2_d,cf_h2o_a,cf_h2o_b,cf_h2o_c,cf_h2o_d,co2_fit_low,co2_fit_high,h2o_fit_low,h2o_fit_high,co2_elapsed,h2o_elapsed,DIAG,Flow_s,Flow_r,Txchg,Tirga,Tchopper,Ts,Tr,CO2_%,Desiccant_%,Humidifier_%,Txchg_sp,CO2_r_sp,H2O_r_sp,SS_s,SS_r
,s,s,,,s,,,,,,s,mol m⁻² s⁻¹,mmol m⁻² s⁻¹,µmol m⁻² s⁻¹,µmol mol⁻¹,µmol mol⁻¹,Pa,Pa,mol m⁻² s⁻¹,mol m⁻² s⁻¹,mol m⁻² s⁻¹,mol m⁻² s⁻¹,W m⁻²,°C,°C,kPa,%,kPa,kPa,kPa,W m⁻²,W m⁻²,W m⁻²,W m⁻²,µmol s⁻¹,%,,%,µmol s⁻¹,,,,,,µmol m⁻² s⁻¹,,,,,,,µmol m⁻² s⁻¹,µmol m⁻² s⁻¹,µmol m⁻² s⁻¹,µmol µmol⁻¹,,,,,,,,,,,,,µmol m⁻² s⁻¹,µmol m⁻² s⁻¹,,J/µmol,cm²,,,mol m⁻² s⁻¹,s,µmol mol⁻¹,µmol mol⁻¹,mmol mol⁻¹,mmol mol⁻¹,µmol mol⁻¹,mmol mol⁻¹,µmol s⁻¹,kPa,kPa,°C,°C,°C,°C,°C,rpm,µmol m⁻² s⁻¹,µmol m⁻² s⁻¹,µmol m⁻² s⁻¹,,,,,µmol m⁻² s⁻¹,,,°C,°C,°C,°C,°C,µmol m⁻² s⁻¹,µmol m⁻² s⁻¹,µmol m⁻² s⁻¹,s,,,min⁻¹,min⁻¹,,s,secs,,s,s,,µmol/mol,mmol/mol,µmol/mol,mmol/mol,µmol/mol,mmol/mol,%,%,µmol m⁻² s⁻¹,µmol m⁻² s⁻¹ min⁻¹,µmol m⁻² s⁻¹,,µmol mol⁻¹,µmol mol⁻¹ min⁻¹,µmol mol⁻¹,,mmol mol⁻¹,mmol mol⁻¹ min⁻¹,mmol mol⁻¹,,,,,%,%,µmol/mol,mmol/mol,mmol/mol,,,,mmol/mol,,,,µmol mol⁻¹,µmol mol⁻¹,mmol mol⁻¹,mmol mol⁻¹,min,min,,µmol s⁻¹,µmol s⁻¹,°C,°C,°C,°C,°C,%,%,%,°C,µmol mol⁻¹,mmol mol⁻¹,%,%
1,1623960442,0,20210617 13:07:22,13:07:22,15,NR,B1R1,_NW,_5.14,_1,1623960434,0.004647238,4.64723778,7.749935059,388.5352903,267.3509332,26.8676635,39.0461904,0.124919549,2.93494369,0.122039165,0.076527738,372.3162715,45.44797486,44.79198387,9.535617735,64.01119364,6.004631872,9.380596629,3.530985863,-204.9431861,-50.16002414,-4.377721142,112.8353401,37,7,1,0,50120.17658,RECT-527-20200527-06_29_39,15254.6,718.7284615,3626.84,0.801830668,-0.406566687,RECT-233-20210617-13_07_12,15135.8,473.0922,582.98,0.188493259,0.5,1601.454583,7.749935059,150.9316965,0.005093183,5.221208275,353.2384824,DARK-234-20210617-13_07_19,392.68,392.68,0.326426292,0.577445087,0.941159374,-0.80949573,1.046679249,0.479295868,0.520704132,1899.726774,1601.454583,0.842992058,0.195984115,6,0.5,0: Broadleaf,2,1623960434,388.5352903,399.9992903,59.75003871,54.50777742,387.8854194,58.71603226,500.1160645,100.295871,0.199994839,44.47497419,44.79198387,999.9,0,0,10001.19,0,213.1216935,1899.726774,0.900001097,0.099998977,0,473.1850968,4.99938,13025.4,15163.69677,53.69919355,54.69512903,53.812,54.59858065,55.85874194,1705.257097,189.4696774,0,1623960445,0,473.0922,-1.626999989,68.41538535,13024.824,15,1623959996,12:59:56,1623959993,1623959996,3,0.225,0.904,0.657,1.034,400,58,0.61,0.12,7.750040958,-0.398602526,0.040697116,1,-11.46410323,0.278980645,0.040642235,1,5.242269355,0.373792258,0.028036216,1,3,3,3/3,100,100,0.65,1.034,0.523216801,-8.36417E-05,1.28013E-06,-5.74726E-10,1.034005,0,0,0,2,2145,1,27,7.5,7.4,18,470.131,492.641,43.2182,42.9776,29.9999,42.7879,42.7448,21.4338,0,100,-999.9,400,83.2719,97.6312,97.4947
2,1623960700,258,20210617 13:11:40,13:11:40,15,NR,B1R1,_NW,_5.14,_2,1623960692,0.003986003,3.986002922,3.983274791,393.3569667,298.9619429,30.04322865,39.52915603,0.092260813,2.937465575,0.090680699,0.05681515,372.362717,45.97308343,45.54137333,9.9109104,61.11731028,5.839818616,9.555097548,4.071091784,-175.7827288,-112.4183099,-9.854191782,74.30748652,10,2,1,0,50132.85189,RECT-527-20200527-06_29_39,15254.6,718.7284615,3626.84,0.801830668,-0.406566687,RECT-235-20210617-13_11_29,15124.1,506.91312,580.91,0.127380971,0.5,1601.654042,3.983274791,102.0101237,0.002740818,5.243376771,352.4774429,DARK-236-20210617-13_11_37,451.2,451.2,0.2232876,0.570479377,0.95915469,-0.536915586,1.047391051,0.507779903,0.492220097,1899.963333,1601.654042,0.84299208,0.19598416,6,0.5,0: Broadleaf,2,1623960692,393.3569667,400.0172,58.11238,53.60795333,392.7039667,57.07838,500.0903,100.2918667,0.199949633,44.83150333,45.54137333,999.9,0,0,10015.96067,0,560.1329333,1899.963333,0.900000333,0.09999976,0,507.0964667,4.99938,13884.4,15165.59667,54.125,55.25,54.3183,55.0767,56.25413333,1705.468667,189.4946667,0,257.1000001,0,506.91312,-18.8306923,-531.2769231,13878.944,15,1623959996,12:59:56,1623959993,1623959996,3,0.225,0.904,0.657,1.034,400,58,0.61,0.12,3.98596049,-0.464627293,0.040441586,1,-6.661415806,0.335850968,0.037078968,1,4.502688065,0.477372581,0.035775953,1,3,3,3/3,100,100,0.653,1.034,0.523216801,-8.36417E-05,1.28013E-06,-5.74726E-10,1.034005,0,0,0,2,2145,1,27,11.8,11.7,18,504.058,490.012,43.5428,43.032,30.0003,42.7369,42.6859,21.4282,0,100,-999.9,400,59.5091,97.6184,97.4836
3,1623960967,524.5,20210617 13:16:06,13:16:06,15,NR,B1R1,_NW,_5.14,_3,1623960959,0.00515973,5.159730299,8.262244469,387.7005,265.8102709,26.70896193,38.95665077,0.133405802,2.933744561,0.130125004,0.081616174,372.373115,45.43261657,44.8616,9.569955771,62.43868158,5.892214467,9.436801544,3.677741304,-227.5441062,-42.88934186,-3.747975115,98.19169189,3,1,1,0,50068.84891,RECT-527-20200527-06_29_39,15254.6,718.7284615,3626.84,0.801830668,-0.406566687,RECT-237-20210617-13_15_56,15177.6,439.50724,557.9,0.212211436,0.5,1601.697981,8.262244469,169.9493141,0.005412263,5.500878294,343.8718778,DARK-238-20210617-13_16_04,381.54,381.54,0.316113999,0.671312996,0.945656796,-0.736143086,1.055303402,0.582772563,0.417227437,1900.015333,1601.697981,0.842992134,0.195984268,6,0.5,0: Broadleaf,2,1623960959,387.7005,400.0138,58.63991,52.81221667,387.0512333,57.6059,500.0775333,100.2813,0.200001333,44.59043,44.8616,999.9,0,0,9995.814,0,674.4452667,1900.015333,0.899999133,0.100000993,0,439.5194667,4.99938,12047.43,15166.01333,54.062,55.12913333,54.312,54.87913333,56.187,1705.512333,189.5033333,0,265.7,0,439.50724,2.296769249,485.9692286,12055.392,15,1623959996,12:59:56,1623959993,1623959996,3,0.225,0.904,0.657,1.034,400,58,0.61,0.12,8.270053317,-0.405044107,0.035965679,1,-12.32030323,0.328959677,0.035199335,1,5.824144194,0.299688871,0.022440169,1,3,3,3/3,100,100,0.649,1.034,0.523216801,-8.36417E-05,1.28013E-06,-5.74726E-10,1.034005,0,0,0,2,2145,1,27,16.2,16.2,18,512.156,489.7,43.45,42.9873,30.0001,42.6798,42.6288,21.4104,0,100,-999.9,400,57.9151,97.6185,97.4953
4,1623961149,706.5,20210617 13:19:08,13:19:08,15,NR,B2R1,_NW,_5.5,_1,1623961141,0.003472845,3.47284549,7.459462266,389.4361333,220.6830919,22.17075751,39.12440233,0.08184109,2.933294498,0.080593389,0.050481384,372.3633637,45.85780399,45.02809667,9.652513803,59.92905945,5.653183324,9.433125392,3.999330479,-153.1524861,-70.40382692,-6.157951059,142.6490996,14,3,1,0,50057.37669,RECT-527-20200527-06_29_39,15254.6,718.7284615,3626.84,0.801830668,-0.406566687,RECT-239-20210617-13_18_58,15147.7,418.24588,525.61,0.204265748,0.5,1601.656352,7.459462266,163.5817667,0.004911184,5.900249234,331.3260226,DARK-240-20210617-13_19_06,353.83,353.83,0.326820266,0.625009431,0.947516201,-0.555949541,1.066406828,0.528748991,0.471251009,1899.966,1601.656352,0.842992112,0.195984225,6,0.5,0: Broadleaf,2,1623961141,389.4361333,400.0084,56.27060667,52.33845,388.8234333,55.43523333,500.096,100.2642,0.200032733,44.58289667,45.02809667,999.9,0,0,9994.956,0,1918.675333,1899.966,0.899999,0.100001,0,418.4262333,4.99938,11352.43333,15165.60333,54.125,55.27893333,54.25413333,55.02893333,56.25,1705.469,189.497,0,181.5,0,418.24588,-13.24076921,-322.6307687,11347.816,15,1623961046,13:17:25,1623961030,1623961046,4,-0.038,-0.199,0.62,0.835,400,53,0.17,0.02,7.47334324,-0.627253167,0.048518357,0,-10.57849355,0.241480645,0.028179642,1,3.916124194,1.282989194,0.095967061,0,1,3,1/3,100,100,0.613,0.8354,0.485447794,-8.36417E-05,1.28013E-06,-5.74726E-10,0.835380952,0,0,0,2,2145,1,27,2,1.7,18,499.303,488.41,43.4745,43.0455,30,42.7193,42.6595,21.4045,0,100,-999.9,400,58.4457,97.6013,97.4627
5,1623961312,870,20210617 13:21:52,13:21:52,15,NR,B2R1,_NW,_5.5,_2,1623961304,0.005900732,5.900732107,10.88605168,384.2115161,252.5524331,25.37220748,38.59909084,0.159121971,2.93157233,0.154474781,0.096952965,372.3652895,45.37251569,44.62066452,9.451567991,62.18115424,5.907354768,9.500233375,3.544213224,-260.2222859,15.70272698,1.372510564,129.2182412,26,5,1,0,49988.67263,RECT-527-20200527-06_29_39,15254.6,718.7284615,3626.84,0.801830668,-0.406566687,RECT-241-20210617-13_21_41,15157,451.60272,587.64,0.231497652,0.5,1601.665101,10.88605168,185.3908548,0.007050549,5.171873936,354.9439706,DARK-242-20210617-13_21_49,401.79,401.79,0.31626506,0.731973527,0.942372986,-1.037751747,1.045076834,0.651235323,0.348764677,1899.976452,1601.665101,0.84299208,0.19598416,6,0.5,0: Broadleaf,2,1623961304,384.2115161,399.9924194,58.80122258,52.13793871,383.6021935,57.96584516,500.0923226,100.263129,0.199999258,44.72001935,44.62066452,999.9,0,0,9985.260323,0,1893.16871,1899.976452,0.900000968,0.099999216,0,452.1756452,4.99938,12254.46129,15165.69677,54.1006129,55.57622581,54.25,55.19309677,56.25,1705.481613,189.496129,0,162.5999999,0,451.60272,-44.28200007,-1116.346156,12240.084,15,1623961046,13:17:25,1623961030,1623961046,4,-0.038,-0.199,0.62,0.835,400,53,0.17,0.02,10.89646711,-1.3080784,0.100232622,0,-15.78093548,1.161208065,0.090631016,0,6.663299032,0.79566629,0.059474255,1,1,3,1/3,100,100,0.61,0.8354,0.485447794,-8.36417E-05,1.28013E-06,-5.74726E-10,0.835380952,0,0,0,2,2145,1,27,4.7,4.4,18,483.62,487.916,43.6613,43.0679,30.0003,42.7384,42.6795,21.4037,0,100,-999.9,400,56.2029,97.5994,97.4721
6,1623961475,1032.5,20210617 13:24:34,13:24:34,15,NR,B2R1,_NW,_5.5,_3,1623961467,0.006979974,6.979973874,9.518980536,385.3583667,277.4223188,27.86834711,38.71101924,0.18052081,2.931006216,0.174563731,0.109621176,372.3717897,45.50402854,45.13269667,9.704694386,61.85993904,6.002010791,9.702581161,3.702683594,-307.8168479,-0.667882681,-0.058642289,63.8284169,9,2,1,0,49908.86637,RECT-527-20200527-06_29_39,15254.6,718.7284615,3626.84,0.801830668,-0.406566687,RECT-243-20210617-13_24_24,15156.8,487.2481154,610.78,0.202252668,0.5,1601.69111,9.518980536,161.9731502,0.006196917,4.938046432,363.256641,DARK-244-20210617-13_24_32,420.85,420.85,0.310963031,0.650407438,0.940757769,-1.144359844,1.03711978,0.561775329,0.438224671,1900.007,1601.69111,0.842992215,0.19598443,6,0.5,0: Broadleaf,2,1623961467,385.3583667,400.0068333,59.74849333,51.87408333,384.7484,58.91311,500.0703,100.2545333,0.2000632,45.12847,45.13269667,999.9,0,0,9982.895333,0,855.6576333,1900.007,0.899996833,0.100003247,0,487.3381,4.99938,13694.50667,15165.92,54.3666,55.75,54.50206667,55.5,56.50413333,1705.5,189.5076667,0,161.8,0,487.2481154,-22.90902564,-848.8444449,13692.48077,15,1623961046,13:17:25,1623961030,1623961046,4,-0.038,-0.199,0.62,0.835,400,53,0.17,0.02,9.538337849,-0.843701334,0.066309985,0,-14.66261935,0.767719355,0.065536301,1,7.865975484,0.671505484,0.050082565,1,2,3,2/3,100,100,0.611,0.8354,0.485447794,-8.36417E-05,1.28013E-06,-5.74726E-10,0.835380952,0,0,0,2,2145,1,27,7.4,7.2,18,505.364,486.924,43.9111,43.1892,30.0004,42.8383,42.7785,21.4033,0,100,-999.9,400,58.5651,97.5773,97.4633
7,1623961605,1162.5,20210617 13:26:44,13:26:44,15,NR,B2R1,_NW,_5.10,_1,1623961597,0.004991124,4.99112414,10.1013613,385.5649,226.3266137,22.73496389,38.73077027,0.119092997,2.93346858,0.116470719,0.073024992,372.3717297,46.05122929,45.16609667,9.721407527,59.12914779,5.74819332,9.721420881,3.973214207,-220.1085746,0.004217311,0.000370107,152.2677425,27,5,1,0,49970.12292,RECT-527-20200527-06_29_39,15254.6,718.7284615,3626.84,0.801830668,-0.406566687,RECT-247-20210617-13_26_34,15168.3,458.77324,620.42,0.260544083,0.5,1601.69257,10.1013613,208.655761,0.006560515,4.84578189,366.6448138,DARK-248-20210617-13_26_42,388.27,388.27,0.374182006,0.69630308,0.928317128,-1.64428125,1.033804914,0.589296788,0.410703212,1900.009,1601.69257,0.842992096,0.195984193,6,0.5,0: Broadleaf,2,1623961597,385.5649,399.9934,57.22327667,51.57760333,384.9546333,56.3879,500.0837333,100.2520333,0.199979467,45.16612333,45.16609667,999.9,0,0,9997.160333,0,532.8555,1900.009,0.900000333,0.099999833,0,459.061,4.99938,12446.27667,15165.94667,54.625,55.937,54.75,55.62913333,56.80373333,1705.509333,189.5003333,0,53.20000005,0,458.77324,-44.72523071,-1214.646152,12438.24,15,1623961046,13:17:25,1623961030,1623961046,4,-0.038,-0.199,0.62,0.835,400,53,0.17,0.02,10.12002203,-1.206841173,0.088329177,0,-14.43673226,0.7359,0.057443557,1,5.622733548,1.659074516,0.1255405,0,1,3,1/3,100,100,0.61,0.8354,0.485447794,-8.36417E-05,1.28013E-06,-5.74726E-10,0.835380952,0,0,0,2,2145,1,27,9.6,9.3,18,482.573,486.778,44.0437,43.2614,30,42.8825,42.8139,21.4069,0,100,-999.9,400,66.2474,97.5586,97.4446
8,1623961739,1297,20210617 13:28:59,13:28:59,15,NR,B2R1,_NW,_5.10,_2,1623961731,0.005603161,5.603160583,10.28646697,385.0478333,248.4836809,24.9591876,38.67650815,0.144621517,2.932182547,0.140772458,0.088320076,372.3716264,45.86546753,44.78227333,9.530836504,60.15012158,5.838664841,9.706821345,3.692171664,-247.0993817,56.06722557,4.91298319,186.2524534,27,5,1,0,49939.47203,RECT-527-20200527-06_29_39,15254.6,718.7284615,3626.84,0.801830668,-0.406566687,RECT-249-20210617-13_28_49,15160.9,466.61044,612.21,0.237826171,0.5,1601.69078,10.28646697,190.4619925,0.006676091,4.924176345,363.7619787,DARK-250-20210617-13_28_56,392.82,392.82,0.358357426,0.66365632,0.93216183,-1.366895071,1.036628052,0.558704764,0.441295236,1900.006667,1601.69078,0.842992189,0.195984379,6,0.5,0: Broadleaf,2,1623961731,385.0478333,399.9775667,58.12741,51.79573,384.4380667,57.29203333,500.1007667,100.2460333,0.199949733,45.13695,44.78227333,999.9,0,0,9990.436333,0,1896.507667,1900.006667,0.899997067,0.10000274,0,466.8307667,4.99938,12771.14333,15165.93667,54.6912,56,54.8162,55.75,56.8246,1705.501333,189.506,0,133.9000001,0,466.61044,-21.16992303,-560.8153837,12764.82,15,1623961046,13:17:25,1623961030,1623961046,4,-0.038,-0.199,0.62,0.835,400,53,0.17,0.02,10.2964951,-0.894539413,0.069042645,0,-14.93148065,0.412582258,0.038706492,1,6.325066774,1.411725484,0.105638588,0,1,3,1/3,100,100,0.61,0.8354,0.485447794,-8.36417E-05,1.28013E-06,-5.74726E-10,0.835380952,0,0,0,2,2145,1,27,11.8,11.6,18,482.683,487.099,44.0416,43.2705,30.0002,42.9224,42.8626,21.4149,0,100,-999.9,400,57.1032,97.5658,97.451
9,1623961854,1411.5,20210617 13:30:53,13:30:53,15,NR,B2R1,_NW,_5.10,_3,1623961846,0.00485466,4.854659831,6.715653789,389.6605667,275.058558,27.62994117,39.14184169,0.118517439,2.933851627,0.11592048,0.072678887,372.360877,46.21630761,45.00265333,9.639857917,58.80737857,5.755413752,9.786890508,3.884444165,-214.0904985,46.47503496,4.077433567,208.822847,0,0,1,0,49960.09454,RECT-527-20200527-06_29_39,15254.6,718.7284615,3626.84,0.801830668,-0.406566687,RECT-253-20210617-13_30_43,15140.9,468.793,596.35,0.213896202,0.5,1601.645672,6.715653789,171.292963,0.004446814,5.081730527,358.1031444,DARK-254-20210617-13_30_51,411.25,411.25,0.310388195,0.689124797,0.942436691,-1.042315767,1.042081763,0.604536699,0.395463301,1899.953333,1601.645672,0.842992111,0.195984223,6,0.5,0: Broadleaf,2,1623961846,389.6605667,399.9875667,57.29566333,51.80480333,389.0477333,56.46027667,500.0865667,100.2511667,0.1999568,45.29648333,45.00265333,999.9,0,0,9999.428333,0,455.6287667,1899.953333,0.899999633,0.100000407,0,468.7831667,4.99938,12854.23333,15165.5,54.92046667,56.0746,54.9958,55.93286667,57.01653333,1705.457667,189.4956667,0,32.0999999,0,468.793,-9.408888873,-210.8786322,12855.12308,15,1623961046,13:17:25,1623961030,1623961046,4,-0.038,-0.199,0.62,0.835,400,53,0.17,0.02,6.584625599,7.874124537,0.612121425,0,-10.18781806,-9.367946129,0.753604629,0,5.479924194,0.893221935,0.066592354,1,1,3,1/3,100,100,0.613,0.8353,0.485447794,-8.36417E-05,1.28013E-06,-5.74726E-10,0.835380952,0,0,0,2,2145,1,27,13.7,13.5,18,520.879,484.006,44.1303,43.3248,30.0004,42.9935,42.94,21.411,0,100,-999.9,400,56.3324,97.5588,97.4439
10,1623962097,1654.4,20210617 13:34:56,13:34:56,15,NR,B2R2,_NW,_5.4,_1,1623962089,0.006172691,6.172690621,10.33855215,384.7428,237.676143,23.8702159,38.6403683,0.136318787,2.934751724,0.132896273,0.083360513,372.3681304,45.87690875,46.02584333,10.16026683,59.95924645,5.867701871,9.786150123,4.292564963,-272.2156564,-115.6307057,-10.19055871,-25.66879044,0,0,1,0,49984.49782,RECT-527-20200527-06_29_39,15254.6,718.7284615,3626.84,0.801830668,-0.406566687,RECT-255-20210617-13_34_46,15099.4,383.2441923,503.48,0.238809501,0.5,1601.674877,10.33855215,191.2475893,0.006708677,6.203543338,322.3934345,DARK-256-20210617-13_34_54,332.39,332.39,0.339814888,0.702763503,0.948067204,-0.558590788,1.074016577,0.609511026,0.390488974,1899.987667,1601.674877,0.842992249,0.195984499,6,0.5,0: Broadleaf,2,1623962089,384.7428,399.9966667,58.42480667,51.45138333,384.1331333,57.58942333,500.0745333,100.2317,0.199986567,45.29501333,46.02584333,999.9,0,0,10006.499,0,1913.281333,1899.987667,0.899995867,0.100004243,0,383.2773,4.99938,10456.48,15165.77,55.0977,56.312,55.2143,56.18286667,57.25,1705.481333,189.508,0,242,0,383.2441923,-23.40947005,-538.1880336,10455.78462,15,1623961046,13:17:25,1623961030,1623961046,4,-0.038,-0.199,0.62,0.835,400,53,0.17,0.02,10.34804892,-0.834454999,0.06852574,0,-15.25395,0.66829188,0.059060668,1,6.973419,0.987283382,0.071298539,1,2,3,2/3,100,100,0.61,0.8354,0.485447794,-8.36417E-05,1.28013E-06,-5.74726E-10,0.835380952,0,0,0,2,2145,1,27,17.8,17.5,18,519.193,485.514,44.1853,43.4839,29.9999,43.1184,43.0537,21.4205,0,100,-999.9,400,57.1672,97.5177,97.4059
11,1623962347,1904.9,20210617 13:39:07,13:39:07,15,NR,B2R2,_NW,_5.4,_2,1623962339,0.008439723,8.439722991,2.39037312,391.6234,325.7835855,32.71568788,39.32742315,0.134526985,2.932141817,0.131189778,0.082286551,372.3654964,45.37205339,45.08425,9.68049613,37.14095617,3.648915909,9.824507189,6.031580222,-372.1917839,45.33561034,3.982717593,49.49204041,5,1,1,0,49901.14459,RECT-527-20200527-06_29_39,15254.6,718.7284615,3626.84,0.801830668,-0.406566687,RECT-259-20210617-13_38_57,15120.9,571.2953077,653.84,0.126246012,0.5,1601.6676,2.39037312,101.1020733,0.001746267,4.546983972,378.0646748,DARK-260-20210617-13_39_05,579.41,579.41,0.113835189,1.109024484,0.975576141,-1.272101239,1.02231292,1.124777094,-0.124777094,1899.979667,1601.6676,0.842991969,0.195983938,6,0.5,0: Broadleaf,2,1623962339,391.6234,398.4536333,36.33599,26.58267,391.0092667,35.50061,500.3254667,100.2215,0.200035467,45.37104333,45.08425,999.9,0,0,9992.65,0,1702.630333,1899.979667,0.900003733,0.099996147,0,571.2737667,4.99938,15567.53667,15165.74667,55.0662,56.6124,55.25,56.17666667,57.2311,1705.491,189.4893333,0,66.80000019,0,571.2953077,-48.00013676,-1300.194871,15568.78077,15,1623961046,13:17:25,1623961030,1623961046,4,-0.038,-0.199,0.62,0.835,400,53,0.17,0.02,2.699406807,-5.772263424,0.65765807,0,-7.149363533,15.76062877,1.700418689,0,10.063408,-13.60130616,1.456006491,0,0,3,0/3,100,100,0.614,0.8354,0.485447794,-8.36417E-05,1.28013E-06,-5.74726E-10,0.835380952,0,0,0,2,2145,1,27,21.9,21.7,18,510.222,480.539,44.3666,43.5506,30.0003,43.1501,43.112,21.0446,0,100,-999.9,400,54.7918,97.5804,97.4587
12,1623962509,2066.4,20210617 13:41:48,13:41:48,15,NR,B2R2,_NW,_5.4,_3,1623962507,0.004882192,4.882192176,4.093960409,392.7366667,303.5634609,30.48368716,39.43841479,0.105734248,2.93306733,0.103661468,0.064971264,372.3784905,46.67292187,45.8467,10.06743759,56.96442965,5.709460423,10.02285191,4.357977165,-215.304675,-13.68593737,-1.208461077,142.179417,6,1,1,0,49865.40602,RECT-527-20200527-06_29_39,15254.6,718.7284615,3626.84,0.801830668,-0.406566687,RECT-263-20210617-13_41_38,15179.9,446.37104,528.33,0.155128348,0.5,1601.720287,4.093960409,124.2361109,0.002809808,5.864724699,332.4047776,DARK-264-20210617-13_41_46,397.11,397.11,0.248367498,0.624591983,0.959371217,-0.430460201,1.065471513,0.555662667,0.444337333,1900.041667,1601.720287,0.842992191,0.195984381,6,0.5,0: Broadleaf,2,1623962507,392.7366667,399.9486667,56.8561,51.33183333,392.122,56.02071667,500.1145,100.2195,0.1999875,45.76015,45.8467,999.9,0,0,9998.12,0,1924.636667,1900.041667,0.8999975,0.10000235,0,445.5346667,4.99938,12252.01667,15166.2,55.312,56.75,55.437,56.4685,57.437,1705.536667,189.51,0,31.5,0,446.37104,-13.04515382,-391.5461538,12284.588,15,1623961046,13:17:25,1623961030,1623961046,4,-0.038,-0.199,0.62,0.835,400,53,0.17,0.02,3.479353739,7.881613569,0.600859624,0,-6.533746333,-8.977717909,0.68350222,0,5.458515,0.642461846,0.046415121,1,1,3,1/3,100,100,0.614,0.8354,0.485447794,-8.36417E-05,1.28013E-06,-5.74726E-10,0.835380952,0,0,0,2,2145,1,27,24.6,24.4,18,508.677,483.403,44.5737,43.6441,29.9988,43.2528,43.1884,21.4433,0,100,-999.9,400,56.2597,97.5464,97.4355
13,1623962727,2284.9,20210617 13:45:27,13:45:27,15,NR,B3R2,_NE,_5.7,_1,1623962719,0.006542531,6.542530659,9.39638291,385.7057,265.4778503,26.66055682,38.73441313,0.157302916,2.932408432,0.152760993,0.095872771,372.3645211,46.04841775,45.35940333,9.81862641,58.99828039,5.853179429,9.920932255,3.965446981,-288.5256021,31.87819854,2.806377925,118.5234955,41,8,1,0,49878.71495,RECT-527-20200527-06_29_39,15254.6,718.7284615,3626.84,0.801830668,-0.406566687,RECT-265-20210617-13_45_17,15201.1,469.7496538,598.62,0.215279052,0.5,1601.663139,9.39638291,172.4022611,0.006120481,5.05866827,358.9204411,DARK-266-20210617-13_45_24,398.09,398.09,0.334987137,0.642648712,0.937892373,-1.07294977,1.041301188,0.544613548,0.455386452,1899.974333,1601.663139,0.842991987,0.195983974,6,0.5,0: Broadleaf,2,1623962719,385.7057,400.0073333,58.28421,50.89191,385.0954,57.44883,500.0774667,100.2247333,0.2000546,45.56104667,45.35940333,999.9,0,0,9993.845667,0,1640.305333,1899.974333,0.9000038,0.09999602,0,470.2763667,4.99938,12777.77,15165.69333,55.187,56.39566667,55.312,56.2562,57.3603,1705.485333,189.49,0,218,0,469.7496538,-63.54191452,-1678.396581,12764.46538,15,1623961046,13:17:25,1623961030,1623961046,4,-0.038,-0.199,0.62,0.835,400,53,0.17,0.02,9.410569325,-0.719456405,0.053167186,0,-14.30773667,0.551660957,0.041839897,1,7.386438333,0.689615573,0.049872848,1,2,3,2/3,100,100,0.61,0.8354,0.485447794,-8.36417E-05,1.28013E-06,-5.74726E-10,0.835380952,0,0,0,2,2145,1,27,28.3,28,18,465.369,484.006,44.5173,43.6533,30.0001,43.2978,43.2199,21.4501,0,100,-999.9,400,56.6629,97.5295,97.4321
14,1623962872,2429.9,20210617 13:47:52,13:47:52,15,NR,B3R2,_NE,_5.7,_2,1623962864,0.006327613,6.327612713,9.97834883,385.1125484,256.7055276,25.7788076,38.67365998,0.153356158,2.928475792,0.149030296,0.093522433,372.3666076,46.20436581,45.26232258,9.769697499,58.53581631,5.837260255,9.972117283,3.932437244,-279.0477206,62.98392896,5.552281611,161.8550975,17,3,1,0,49755.83997,RECT-527-20200527-06_29_39,15254.6,718.7284615,3626.84,0.801830668,-0.406566687,RECT-267-20210617-13_47_42,15200.9,497.27452,647.67,0.232210045,0.5,1601.668644,9.97834883,185.9617742,0.00648381,4.599827072,375.9935494,DARK-268-20210617-13_47_49,422.62,422.62,0.347476338,0.66827585,0.929764498,-2.116503464,1.024434572,0.567949348,0.432050652,1899.980323,1601.668644,0.842992227,0.195984455,6,0.5,0: Broadleaf,2,1623962864,385.1125484,400.0079677,58.12747419,50.97705806,384.5027097,57.2921,500.0943548,100.2216774,0.200030839,45.66125806,45.26232258,999.9,0,0,9971.774194,0,1858.601613,1899.980323,0.899996613,0.100003432,0,498.4671613,4.99938,13524.61935,15165.71613,55.155,56.5,55.312,56.312,57.31606452,1705.475484,189.5058065,0,144.0999999,0,497.27452,-102.8786152,-2639.438457,13494.692,15,1623961046,13:17:25,1623961030,1623961046,4,-0.038,-0.199,0.62,0.835,400,53,0.17,0.02,10.00737064,-1.606035213,0.121142587,0,-14.90219667,1.19999733,0.090153552,0,7.143465,1.809137353,0.130928647,0,0,3,0/3,100,100,0.61,0.8354,0.485447794,-8.36417E-05,1.28013E-06,-5.74726E-10,0.835380952,0,0,0,2,2145,1,27,30.7,30.4,18,494.94,484.057,44.6263,43.6625,30.0001,43.3114,43.2437,21.4606,0,100,-999.9,400,58.0501,97.5279,97.4292
15,1623963003,2560.4,20210617 13:50:02,13:50:02,15,NR,B3R2,_NE,_5.7,_3,1623962995,0.005807539,5.807539449,8.763762509,386.8021,259.7375648,26.08198682,38.84138701,0.136964365,2.933776222,0.133508682,0.083746144,372.359545,46.26977221,45.31059333,9.793999658,58.0034939,5.764328441,9.937898656,4.029671218,-256.1124897,44.87478479,3.948394021,165.0702341,15,3,1,0,49910.62713,RECT-527-20200527-06_29_39,15254.6,718.7284615,3626.84,0.801830668,-0.406566687,RECT-269-20210617-13_49_52,15178.3,383.28128,489.78,0.217441954,0.5,1601.641281,8.763762509,174.1320045,0.005725582,6.405038997,316.7206041,DARK-270-20210617-13_50_00,325.92,325.92,0.334558373,0.649937264,0.950359294,-0.465164602,1.078727538,0.552668664,0.447331336,1899.948333,1601.641281,0.842992019,0.195984037,6,0.5,0: Broadleaf,2,1623962995,386.8021,400.0108,57.40408667,50.83681,386.1911,56.56871,500.1308667,100.2164333,0.2002578,45.59431333,45.31059333,999.9,0,0,10002.46433,0,1876.209667,1899.948333,0.9000029,0.09999719,0,383.4957667,4.99938,10520.86667,15165.48,55.2374,56.7416,55.3372,56.5,57.38326667,1705.459333,189.4893333,0,129.8,0,383.28128,-18.04930768,-410.5615383,10516.996,15,1623961046,13:17:25,1623961030,1623961046,4,-0.038,-0.199,0.62,0.835,400,53,0.17,0.02,8.78369036,-1.715386873,0.130043875,0,-13.20865667,1.412628254,0.1058251,0,6.567286667,1.365743626,0.098718588,0,0,3,0/3,100,100,0.611,0.8354,0.485447794,-8.36417E-05,1.28013E-06,-5.74726E-10,0.835380952,0,0,0,2,2145,1,27,32.9,32.6,18,497.423,483.69,44.6413,43.6855,30,43.3339,43.2724,21.4571,0,100,-999.9,400,57.9523,97.5256,97.4244
16,1623963108,2665.9,20210617 13:51:48,13:51:48,15,NR,B3R2,_NE,_5.14,_1,1623963100,0.006181476,6.181476098,9.800427631,385.4019333,258.2155517,25.92654145,38.69689154,0.151962163,2.932920553,0.147719659,0.092696093,372.3649817,46.31433441,45.07939,9.678071527,57.94687263,5.800312304,10.00970724,3.877759223,-272.6030959,103.5968079,9.113925651,212.4726194,0,0,1,0,49865.1463,RECT-527-20200527-06_29_39,15254.6,718.7284615,3626.84,0.801830668,-0.406566687,RECT-271-20210617-13_51_38,15159.8,477.95644,625.86,0.236320519,0.5,1601.663121,9.800427631,189.25293,0.006372747,4.794970121,368.5378703,DARK-272-20210617-13_51_45,404.34,404.34,0.353944972,0.667675876,0.93125834,-1.59261344,1.031934285,0.564838217,0.435161783,1899.974,1601.663121,0.842992126,0.195984251,6,0.5,0: Broadleaf,2,1623963100,385.4019333,400.0189,57.76824667,50.78012,384.7918,56.93285333,500.0810667,100.2066,0.199983867,45.73457,45.07939,999.9,0,0,9998.571,0,1884.948,1899.974,0.8999984,0.100001367,0,478.8167,4.99938,12987.60667,15165.66667,55.375,56.875,55.4874,56.687,57.5434,1705.475667,189.4986667,0,105,0,477.95644,-69.88476934,-1693.130772,12967.38,15,1623961046,13:17:25,1623961030,1623961046,4,-0.038,-0.199,0.62,0.835,400,53,0.17,0.02,9.821211623,-1.535967207,0.114953926,0,-14.62203333,0.970822692,0.078999634,1,6.969592333,2.224374727,0.160889793,0,1,3,1/3,100,100,0.61,0.8354,0.485447794,-8.36417E-05,1.28013E-06,-5.74726E-10,0.835380952,0,0,0,2,2145,1,27,34.6,34.4,18,517.359,482.496,44.7087,43.7365,30.0005,43.3794,43.3226,21.4637,0,100,-999.9,400,57.2483,97.5151,97.4133
17,1623963234,2791.9,20210617 13:53:54,13:53:54,15,NR,B3R2,_NE,_5.14,_2,1623963226,0.006216289,6.216288585,6.42251018,389.4001935,286.6455757,28.78021597,39.09713814,0.13564087,2.930973421,0.132247605,0.082952554,372.3703566,46.58089234,46.01487419,10.15456162,57.23368728,5.810317209,10.15191836,4.344244413,-274.1383266,-0.803326036,-0.071123576,97.3575804,9,2,1,0,49769.06411,RECT-527-20200527-06_29_39,15254.6,718.7284615,3626.84,0.801830668,-0.406566687,RECT-273-20210617-13_53_44,15123,487.30248,586.19,0.168695338,0.5,1601.684217,6.42251018,135.0983299,0.004263685,5.187140688,354.4144419,DARK-274-20210617-13_53_51,489.95,489.95,0.16417885,1.027509559,0.969319932,-0.74610433,1.04557544,1.033092031,-0.033092031,1899.99871,1601.684217,0.842992266,0.195984531,6,0.5,0: Broadleaf,2,1623963226,389.4001935,400.0108387,57.86967419,50.84254839,388.7876452,57.03429032,500.0525806,100.2034516,0.200037613,46.00979032,46.01487419,999.9,0,0,9987.797742,0,1107.168065,1899.99871,0.899994516,0.100005494,0,487.7149355,4.99938,13382.28065,15165.85484,55.59045161,57,55.653,56.931,57.73983871,1705.489032,189.51,0,125.3999999,0,487.30248,-21.4146154,-664.2923088,13371.748,15,1623961046,13:17:25,1623961030,1623961046,4,-0.038,-0.199,0.62,0.835,400,53,0.17,0.02,6.488904228,-3.861497653,0.290053306,0,-10.62556,3.84058198,0.279331412,0,7.022113333,1.372282625,0.09933152,0,0,3,0/3,100,100,0.612,0.8354,0.485447794,-8.36417E-05,1.28013E-06,-5.74726E-10,0.835380952,0,0,0,2,2145,1,27,36.7,36.5,18,503.959,484.731,44.9008,43.8185,30.0005,43.4597,43.4053,21.4531,0,100,-999.9,400,57.5893,97.5009,97.3801
18,1623963344,2901.9,20210617 13:55:44,13:55:44,15,NR,B3R2,_NE,_5.14,_3,1623963336,0.006276075,6.276075256,8.421330737,387.0122,263.1874946,26.42333313,38.85500829,0.138206271,2.932068921,0.134686511,0.08448784,372.3713904,46.73555627,45.98363667,10.13832968,56.95027291,5.832140972,10.24076036,4.306188711,-276.7749188,31.04620152,2.749487839,129.3921609,21,4,1,0,49772.1934,RECT-527-20200527-06_29_39,15254.6,718.7284615,3626.84,0.801830668,-0.406566687,RECT-275-20210617-13_55_34,15218.4,394.8915769,498.1,0.207204222,0.5,1601.690662,8.421330737,165.9385339,0.005511612,6.281349127,320.1790015,DARK-276-20210617-13_55_41,346.07,346.07,0.305219835,0.678868796,0.953660269,-0.467792878,1.075866575,0.594938302,0.405061698,1900.006667,1601.690662,0.842992127,0.195984255,6,0.5,0: Broadleaf,2,1623963336,387.0122,400.0298,58.09057333,50.99825,386.4011,57.25519667,500.1036333,100.1973667,0.200006567,46.18004,45.98363667,999.9,0,0,9994.641667,0,1938.087333,1900.006667,0.8999992,0.10000084,0,394.9671667,4.99938,10821.21333,15165.93667,55.75,57.25,55.8414,57.1187,57.9412,1705.504667,189.502,0,109.3,0,394.8915769,-22.43388037,-582.7589747,10818.60385,15,1623961046,13:17:25,1623961030,1623961046,4,-0.038,-0.199,0.62,0.835,400,53,0.17,0.02,8.452934017,-1.76649215,0.129599276,0,-13.02945,1.316371969,0.099809347,0,7.076803333,1.893322892,0.137355651,0,0,3,0/3,100,100,0.612,0.8354,0.485447794,-8.36417E-05,1.28013E-06,-5.74726E-10,0.835380952,0,0,0,2,2145,1,27,38.6,38.3,18,489.763,482.963,45.0954,43.9448,30.0005,43.5742,43.5142,21.4598,0,100,-999.9,400,57.678,97.4828,97.3857
19,1623963527,3084.4,20210617 13:58:46,13:58:46,15,NR,B1R3,_NE,_5.14,_1,1623963519,0.004472547,4.472546941,5.437224275,391.3698065,268.797361,26.97966595,39.28247882,0.091584232,2.934304374,0.09002535,0.056403693,372.3692715,47.28672691,46.10642903,10.20226561,54.51506352,5.608444379,10.28788011,4.593821234,-197.2393201,25.84740422,2.289618805,203.2669744,28,6,1,0,49818.48701,RECT-527-20200527-06_29_39,15254.6,718.7284615,3626.84,0.801830668,-0.406566687,RECT-279-20210617-13_58_36,15208.7,477.814,575.45,0.169668955,0.5,1601.684876,5.437224275,135.8780994,0.003648527,5.302615345,350.4597934,DARK-280-20210617-13_58_44,427.09,427.09,0.257815623,0.658101914,0.953633878,-0.681442269,1.049268558,0.588238826,0.411761174,1900.000323,1601.684876,0.842991897,0.195983794,6,0.5,0: Broadleaf,2,1623963519,391.3698065,399.9935161,55.8767129,50.81040968,390.7558065,55.04132581,500.0848387,100.1718065,0.199960032,46.26981935,46.10642903,999.9,0,0,10009.93129,0,400.0423871,1900.000323,0.900007355,0.099992784,0,478.2609355,4.99938,13081.05484,15165.92581,55.925,57.062,56,57.058,58.062,1705.513548,189.4867742,0,103.4000001,0,477.814,-37.19807687,-1101.684614,13068.144,15,1623961046,13:17:25,1623961030,1623961046,4,-0.038,-0.199,0.62,0.835,400,53,0.17,0.02,5.444571327,-1.263187272,0.093398769,0,-8.619930333,1.043986385,0.080438638,0,5.072212,1.273169299,0.092093174,0,0,3,0/3,100,100,0.614,0.8354,0.485447794,-8.36417E-05,1.28013E-06,-5.74726E-10,0.835380952,0,0,0,2,2145,1,27,41.6,41.3,18,482.143,482.186,45.155,44.1265,30.0002,43.7434,43.6749,21.4534,0,100,-999.9,400,78.2839,97.4383,97.3409
20,1623963684,3241.4,20210617 14:01:23,14:01:23,15,NR,B1R3,_NE,_5.14,_2,1623963676,0.005842887,5.842886594,4.68862805,391.6294839,302.9691963,30.40975679,39.30880599,0.123662803,2.93071616,0.120835406,0.075770775,372.3699037,47.10955198,46.2007871,10.25163266,55.74546854,5.785955899,10.37923987,4.465676761,-257.6712988,38.25147664,3.396812439,156.346894,23,5,1,0,49693.97133,RECT-527-20200527-06_29_39,15254.6,718.7284615,3626.84,0.801830668,-0.406566687,RECT-281-20210617-14_01_13,15128.7,531.50568,630.68,0.157249826,0.5,1601.68327,4.68862805,125.9322074,0.00318115,4.750681804,370.2039045,DARK-282-20210617-14_01_21,525.19,525.19,0.167263906,0.94013006,0.96598907,-1.126360623,1.030276852,0.928958852,0.071041148,1899.997742,1601.68327,0.842992196,0.195984393,6,0.5,0: Broadleaf,2,1623963676,391.6294839,400.0007419,57.64486774,51.03836129,391.0154194,56.80948387,500.0592258,100.1723548,0.200082903,46.44288387,46.2007871,999.9,0,0,9989.433548,0,415.6490452,1899.997742,0.899997065,0.100002965,0,531.7194839,4.99938,14434.94194,15165.85161,55.97154839,56.937,56.054,57.036,58.11890323,1705.492258,189.5054839,0,156.1999998,0,531.50568,-18.90061541,-419.7230777,14430.58,15,1623961046,13:17:25,1623961030,1623961046,4,-0.038,-0.199,0.62,0.835,400,53,0.17,0.02,4.695747435,-1.859336592,0.13976285,0,-8.363110333,1.909700823,0.14569266,0,6.609497667,0.672579577,0.048552492,1,1,3,1/3,100,100,0.615,0.8354,0.485447794,-8.36417E-05,1.28013E-06,-5.74726E-10,0.835380952,0,0,0,2,2145,1,27,44.2,44,18,488.229,480.51,45.2442,44.2247,30.0003,43.8361,43.7713,21.4521,0,100,-999.9,400,55.744,97.4267,97.3384
21,1623963807,3364.5,20210617 14:03:26,14:03:26,15,NR,B1R3,_NE,_5.14,_3,1623963799,0.004300947,4.300947485,5.765392782,391.0861667,251.6548998,25.25944241,39.25462412,0.083124949,2.931915032,0.081837532,0.051262466,372.3630804,47.54540305,46.63258667,10.48018709,54.11373245,5.628386433,10.40103164,4.851800659,-189.6717841,-23.49115334,-2.0898466,157.1102963,39,8,1,0,49720.17592,RECT-527-20200527-06_29_39,15254.6,718.7284615,3626.84,0.801830668,-0.406566687,RECT-283-20210617-14_03_16,15137.2,491.22192,601.55,0.183406334,0.5,1601.655962,5.765392782,146.8769239,0.003853486,5.029158008,359.9717037,DARK-284-20210617-14_03_24,450,450,0.251932508,0.727997888,0.952295363,-0.941538902,1.040293661,0.666906415,0.333093585,1899.965667,1601.655962,0.842992055,0.19598411,6,0.5,0: Broadleaf,2,1623963799,391.0861667,400.0218667,56.07451667,51.20345333,390.4724333,55.23914,500.0683,100.1733333,0.200005,46.48397,46.63258667,999.9,0,0,9996.163,0,1752.125667,1899.965667,0.900000733,0.099999337,0,491.8188333,4.99938,13607.24667,15165.60667,56.12913333,57.26653333,56.187,57.1912,58.25,1705.472333,189.4933333,0,122.6999998,0,491.22192,-42.88100007,-1106.530771,13592.288,15,1623961046,13:17:25,1623961030,1623961046,4,-0.038,-0.199,0.62,0.835,400,53,0.17,0.02,5.791727766,-2.178497863,0.163324685,0,-8.935640333,1.901347542,0.138558845,0,4.87107,1.718375973,0.124329713,0,0,3,0/3,100,100,0.614,0.8353,0.485447794,-8.36417E-05,1.28013E-06,-5.74726E-10,0.835380952,0,0,0,2,2145,1,27,46.3,46,18,468.202,481.08,45.3071,44.3546,30.0009,43.9598,43.8926,21.4485,0,100,-999.9,400,57.4261,97.4045,97.3255
22,1623964194,3752,20210617 14:09:54,14:09:54,15,SBB,B3R3,_NE,_5.9,_1,1623964186,0.005998571,5.99857115,5.280822862,390.8409355,298.9548281,29.9968561,39.21662472,0.130687289,2.9334562,0.127536837,0.079987253,372.3744024,47.1231152,46.0294,10.1621173,55.90549614,5.818584018,10.40789264,4.343533285,-264.5369877,73.93288891,6.555651709,188.3259553,1,0,1,0,49759.35417,RECT-527-20200527-06_29_39,15254.6,718.7284615,3626.84,0.801830668,-0.406566687,RECT-285-20210617-14_09_44,15103.9,554.6422308,634.77,0.126231185,0.5,1601.702582,5.280822862,101.0924074,0.00355084,4.713628558,371.6093872,DARK-286-20210617-14_09_52,-0.33,-0.33,1.000519873,0.126165595,0.824904816,-0.954373958,1.028870441,-7.50658E-05,1.000075066,1900.020645,1601.702582,0.842992199,0.195984398,6,0.5,0: Broadleaf,2,1623964186,390.8409355,399.9905484,57.98920323,51.20890323,390.5766774,57.18467097,500.0414839,100.1390645,0.200027839,46.49689032,46.0294,999.9,0,0,10008.36774,0,1486.341935,1900.020645,0.899997194,0.10000289,0,554.6379032,4.99938,15315.88065,15166.04516,56.788,57.913,56.96341935,57.66922581,58.937,1705.513871,189.5080645,0,386.5,0,554.6422308,-1.619145312,-86.98461558,15315.08846,15,1623963880,14:04:39,1623963874,1623963880,5,-0.35,-0.031,0.27,0.805,400,51,0.18,0.01,5.312645629,-2.879657706,0.209174158,0,-9.16049,3.179868654,0.231301884,0,6.779206667,0.422437909,0.031961896,1,1,3,1/3,100,100,0.265,0.8045,0.135902234,-8.36417E-05,1.28013E-06,-5.74726E-10,0.804525,0,0,0,2,2145,1,27,5.3,5.2,18,514.575,478.537,45.4594,44.8714,30.0003,44.4503,44.3816,21.4558,0,100,-999.9,400,55.9189,97.2196,97.1386
23,1623964329,3887,20210617 14:12:09,14:12:09,15,SBB,B3R3,_NE,_5.9,_2,1623964321,0.005478902,5.478901904,7.781964579,388.075129,256.6307636,25.75221882,38.94231347,0.11845497,2.930835484,0.115858109,0.072639894,372.3680863,47.00118031,45.98968387,10.14147024,56.19057436,5.772348339,10.27280537,4.369121899,-241.6195739,39.73116594,3.521230646,174.000909,36,7,1,0,49728.11693,RECT-527-20200527-06_29_39,15254.6,718.7284615,3626.84,0.801830668,-0.406566687,RECT-287-20210617-14_11_59,15162,383.9254615,416.46,0.078121641,0.5,1601.677314,7.781964579,62.56282978,0.005112473,7.708735533,284.3482025,DARK-288-20210617-14_12_07,-0.16,-0.16,1.000384191,0.078091639,0.885133719,-0.107634579,1.103939776,-3.25445E-05,1.000032544,1899.990968,1601.677314,0.842992067,0.195984135,6,0.5,0: Broadleaf,2,1623964321,388.075129,399.9620323,57.52367097,51.3287129,387.8126452,56.71916129,500.1230323,100.1474194,0.199937516,46.24113548,45.98968387,999.9,0,0,9992.600323,0,1123.784452,1899.990968,0.900001355,0.099998774,0,384.5687742,4.99938,10705.76129,15165.80968,56.47358065,57.437,56.687,57.25,58.536,1705.495484,189.4967742,0,134.4000001,0,383.9254615,-51.39705976,-1140.013674,10690.36923,15,1623963880,14:04:39,1623963874,1623963880,5,-0.35,-0.031,0.27,0.805,400,51,0.18,0.01,7.825140943,-3.427270931,0.247909818,0,-11.90132,3.282628699,0.237687393,0,6.188467667,1.877310167,0.136512447,0,0,3,0/3,100,100,0.263,0.8045,0.135902234,-8.36417E-05,1.28013E-06,-5.74726E-10,0.804525,0,0,0,2,2145,1,27,7.6,7.5,18,471.559,479.073,45.2726,44.9045,29.9999,44.5126,44.4336,21.4665,0,100,-999.9,400,57.9361,97.2221,97.1465
24,1623964420,3977.5,20210617 14:13:39,14:13:39,15,SBB,B3R3,_NE,_5.9,_3,1623964412,0.006361984,6.361984379,11.43947554,383.3562667,231.9416051,23.2743108,38.46810017,0.144883793,2.932960977,0.141021958,0.088477121,372.3654537,46.77642792,45.81562667,10.05141068,57.27086971,5.883926951,10.27385647,4.167483731,-280.5635111,67.59864738,5.981845206,165.3824352,20,4,1,0,49785.5678,RECT-527-20200527-06_29_39,15254.6,718.7284615,3626.84,0.801830668,-0.406566687,RECT-289-20210617-14_13_29,14998.1,509.49116,1.08,-470.7510741,0.5,1601.667082,11.43947554,-376993.2495,0.00739607,3357.185185,1.078700302,DARK-290-20210617-14_13_37,-0.7,-0.7,1.648148148,-285.6242472,0.999509309,0.708440396,1.246774738,0.392424813,0.607575187,1899.979,1601.667082,0.842991992,0.195983984,6,0.5,0: Broadleaf,2,1623964412,383.3562667,400.0086333,58.63664333,51.45064667,383.097,57.83211,500.0508,100.1455667,0.1999957,46.24313667,45.81562667,999.9,0,0,10004.895,0,1627.955333,1899.979,0.900003733,0.099996167,0,510.9887667,4.99938,14113.76333,15165.73,56.37706667,57.3582,56.55166667,57.187,58.4685,1705.488333,189.4906667,0,89.29999995,0,509.49116,-289.8308457,-7698.384604,14073.096,15,1623963880,14:04:39,1623963874,1623963880,5,-0.35,-0.031,0.27,0.805,400,51,0.18,0.01,11.49139072,-4.03337414,0.303683332,0,-16.65229667,2.587923471,0.201820299,0,7.18598,5.941743804,0.432890199,0,0,3,0/3,100,100,0.26,0.8045,0.135902234,-8.36417E-05,1.28013E-06,-5.74726E-10,0.804525,0,0,0,2,2145,1,27,9.1,9,18,491.118,478.548,45.2662,44.8976,29.9999,44.5221,44.4461,21.4663,0,100,-999.9,400,57.8075,97.2167,97.135
25,1623964541,4098.5,20210617 14:15:40,14:15:40,15,SBB,B3R3,_NE,_5.12,_1,1623964533,0.003416532,3.416531695,4.169701774,393.3908667,263.7581119,26.46562244,39.47303867,0.066019711,2.93082452,0.065204522,0.040825229,372.3736417,47.79212698,46.49018,10.40432881,53.45214454,5.565149035,10.41146072,4.839179776,-150.6690477,2.121502104,0.188696905,224.014793,31,6,1,0,49686.82788,RECT-527-20200527-06_29_39,15254.6,718.7284615,3626.84,0.801830668,-0.406566687,RECT-291-20210617-14_15_30,15111,571.0592,766.71,0.255182272,0.5,1601.700231,4.169701774,204.3627522,0.002857132,3.730393499,413.2405527,DARK-292-20210617-14_15_38,0.72,0.72,0.999060923,0.255422133,0.78875768,4.077626651,0.983500792,0.00032204,0.99967796,1900.018,1601.700231,0.842992135,0.195984271,6,0.5,0: Broadleaf,2,1623964533,393.3908667,400.0061,55.46263667,51.59091667,393.1249333,54.65811333,500.0943,100.1405,0.200006133,46.50360667,46.49018,999.9,0,0,9993.228333,0,1829.483,1900.018,0.899998933,0.10000124,0,571.0459667,4.99938,15685.29333,15166.01333,56.5248,57.6061,56.625,57.375,58.562,1705.514667,189.5036667,0,120.2,0,571.0592,2.624076899,58.68461528,15686.596,15,1623963880,14:04:39,1623963874,1623963880,5,-0.35,-0.031,0.27,0.805,400,51,0.18,0.01,4.230315376,-4.689094966,0.350157244,0,-6.615259667,4.524589188,0.326820127,0,3.871718667,2.299866874,0.166528085,0,0,3,0/3,100,100,0.266,0.8045,0.135902234,-8.36417E-05,1.28013E-06,-5.74726E-10,0.804525,0,0,0,2,2145,1,27,11.1,11,18,477.704,478.754,45.343,44.9652,30.0006,44.5885,44.5196,21.4693,0,100,-999.9,400,59.339,97.2001,97.115
26,1623964636,4193.5,20210617 14:17:15,14:17:15,15,SBB,B3R3,_NE,_5.12,_2,1623964628,0.006439243,6.43924257,9.658431897,385.4232258,259.1579543,26.00413842,38.67370748,0.152354655,2.932273689,0.148089626,0.092929267,372.3647708,46.94633419,45.63128065,9.956781836,57.25283534,5.939351432,10.37389921,4.017430404,-283.9705973,126.7084881,11.21543206,226.3180936,0,0,1,0,49737.22992,RECT-527-20200527-06_29_39,15254.6,718.7284615,3626.84,0.801830668,-0.406566687,RECT-293-20210617-14_17_05,15193.8,470.5616154,683.93,0.31197401,0.5,1601.6634,9.658431897,249.8386767,0.006284091,4.302940359,387.9334294,DARK-294-20210617-14_17_13,-1.29,-1.29,1.001886158,0.311386685,0.811136867,-6.131546487,1.011966,-0.000853637,1.000853637,1899.974516,1601.6634,0.842992043,0.195984087,6,0.5,0: Broadleaf,2,1623964628,385.4232258,399.9884839,59.19173871,51.92355484,385.1626129,58.38719677,500.1050645,100.140871,0.200013774,46.43280323,45.63128065,999.9,0,0,10001.4471,0,755.6625806,1899.974516,0.900001677,0.099998129,0,471.5664839,4.99938,13142.90968,15165.68387,56.61280645,57.687,56.75,57.48983871,58.677,1705.481613,189.4935484,0,94.4000001,0,470.5616154,-83.07282039,-2035.88376,13112.33846,15,1623963880,14:04:39,1623963874,1623963880,5,-0.35,-0.031,0.27,0.805,400,51,0.18,0.01,9.675759376,-1.925963492,0.144880036,0,-14.56001667,1.456388877,0.10950158,0,7.278662667,2.106932503,0.153878724,0,0,3,0/3,100,100,0.261,0.8046,0.135902234,-8.36417E-05,1.28013E-06,-5.74726E-10,0.804525,0,0,0,2,2145,1,27,12.7,12.6,18,517.928,478.165,45.4023,45.0661,30.0004,44.6752,44.6093,21.4715,0,100,-999.9,400,55.8498,97.1852,97.1086
27,1623964716,4274,20210617 14:18:36,14:18:36,15,SBB,B3R3,_NE,_5.12,_3,1623964708,0.005766027,5.766027014,9.063045241,386.4243226,247.8158762,24.86595449,38.77398723,0.12833637,2.934089652,0.125297464,0.078577955,372.3722263,47.10490892,46.02637419,10.16054301,57.03680663,5.912844072,10.36671655,4.24769894,-254.2817913,62.14434684,5.507079608,185.7418614,26,5,1,0,49788.70311,RECT-527-20200527-06_29_39,15254.6,718.7284615,3626.84,0.801830668,-0.406566687,RECT-295-20210617-14_18_26,15232.7,403.06876,496.51,0.188196089,0.5,1601.694524,9.063045241,150.7163224,0.005912246,6.304666573,319.5212752,DARK-296-20210617-14_18_34,1.07,1.07,0.997844958,0.188602535,0.863355922,-0.420492696,1.076413321,0.000500671,0.999499329,1900.01129,1601.694524,0.842992109,0.195984218,6,0.5,0: Broadleaf,2,1623964708,386.4243226,399.9720645,58.92782581,52.41713226,386.1630645,58.12331613,500.0617097,100.1404839,0.199957871,46.41923871,46.02637419,999.9,0,0,10011.83774,0,140.3882903,1900.01129,0.900000065,0.099999945,0,403.586871,4.99938,11162.67742,15165.97419,56.61890323,57.60467742,56.74390323,57.48780645,58.687,1705.51,189.5012903,0,79.89999986,0,403.06876,-35.67853852,-918.9307708,11146.988,15,1623963880,14:04:39,1623963874,1623963880,5,-0.35,-0.031,0.27,0.805,400,51,0.18,0.01,9.076837161,-1.337555773,0.099604381,0,-13.54637,0.00072881,0.031835747,1,6.497837333,3.626083915,0.263462873,0,1,3,1/3,100,100,0.262,0.8045,0.135902234,-8.36417E-05,1.28013E-06,-5.74726E-10,0.804525,0,0,0,2,2145,1,27,14,13.9,18,483.84,479.197,45.4125,45.1261,30,44.7316,44.6523,21.4765,0,100,-999.9,400,59.5748,97.1763,97.1016
28,1623965226,4783.5,20210617 14:27:05,14:27:05,15,SBB,B1R4,_NW,_5.14,_1,1623965218,0.001628325,1.628324802,3.704546219,394.7953548,179.1965581,17.98072518,39.61407995,0.031116487,2.931791516,0.030934173,0.019350149,372.3664908,47.58868492,46.26179677,10.28366194,53.80216353,5.415062577,10.06476733,4.868599364,-71.80912377,-66.42750138,-5.881786559,228.2480791,41,8,1,0,49816.33593,RECT-527-20200527-06_29_39,15254.6,718.7284615,3626.84,0.801830668,-0.406566687,RECT-297-20210617-14_26_55,15122.1,510.30868,623.13,0.181055831,0.5,1601.670989,3.704546219,144.995936,0.002566765,4.820358513,367.5895565,DARK-298-20210617-14_27_03,-0.81,-0.81,1.001299889,0.180820784,0.828004355,-1.180158322,1.032873038,-0.000287012,1.000287012,1899.983548,1601.670989,0.84299203,0.195984061,6,0.5,0: Broadleaf,2,1623965218,394.7953548,400.0114516,53.96670968,52.11844839,393.5255161,53.10996452,500.0752258,100.1408387,0.199956742,45.84152581,46.26179677,999.9,0,0,9998.702903,0,1658.146452,1899.983548,0.900002645,0.099997245,0,510.7227742,4.99938,14082.74194,15165.74516,56.133,57.12296774,56.312,56.875,58.125,1705.49,189.4935484,0,509,0,510.30868,-24.2517692,-688.353845,14071.48,15,1623964779,14:19:39,1623964768,1623964779,6,1.004,0.052,1.273,0.857,400,53,0.28,0.08,3.707542926,-0.299693234,0.042986639,1,-5.221092667,-1.206725339,0.097254092,0,1.866422,3.598195328,0.261885523,0,1,3,1/3,100,100,1.27,0.8568,1.139563638,-8.36417E-05,1.28013E-06,-5.74726E-10,0.85676,0,0,0,2,2145,1,27,7.6,7.4,18,466.052,479.398,44.7072,45.1953,29.9997,44.8994,44.8297,21.4899,0,100,-999.9,400,59.5885,97.1485,97.0698
29,1623965322,4879.4,20210617 14:28:41,14:28:41,15,SBB,B1R4,_NW,_5.14,_2,1623965314,0.003591655,3.591654837,6.227349028,390.8411,224.2959108,22.50572177,39.21676957,0.071252149,2.932736332,0.070304233,0.044024261,372.3690937,47.35271976,46.41271,10.36326101,55.33325683,5.6461273,10.20385863,4.717133712,-158.3919783,-47.94359861,-4.2521337,161.7813831,1,0,1,0,49800.18306,RECT-527-20200527-06_29_39,15254.6,718.7284615,3626.84,0.801830668,-0.406566687,RECT-299-20210617-14_28_31,15128.8,506.75912,664.06,0.236877511,0.5,1601.680822,6.227349028,189.7010833,0.004141846,4.461614914,381.4592571,DARK-300-20210617-14_28_39,-1.23,-1.23,1.001852242,0.236439568,0.816627022,-2.87736065,1.018798612,-0.000573883,1.000573883,1899.995,1601.680822,0.842992125,0.195984249,6,0.5,0: Broadleaf,2,1623965314,390.8411,399.9963333,56.27028,52.20375333,389.5738333,55.41352333,500.1149667,100.1394667,0.199954067,46.10948,46.41271,999.9,0,0,10004.224,0,169.9514333,1899.995,0.8999995,0.100000453,0,507.0751333,4.99938,14134.85667,15165.83667,56.2872,57.25,56.42873333,57.1082,58.30786667,1705.494333,189.5006667,0,95.4000001,0,506.75912,-24.18892304,-171.0923079,14128.404,15,1623964779,14:19:39,1623964768,1623964779,6,1.004,0.052,1.273,0.857,400,53,0.28,0.08,6.246843384,-1.146911138,0.083265719,0,-9.15915,0.264078387,0.022250141,1,4.03184871,2.647368387,0.198450749,0,1,3,1/3,100,100,1.267,0.8568,1.139563638,-8.36417E-05,1.28013E-06,-5.74726E-10,0.85676,0,0,0,2,2145,1,27,9.2,9,18,514.25,479.62,44.8641,45.17,29.9998,44.8754,44.8152,21.4907,0,100,-999.9,400,54.3928,97.1611,97.0902
30,1623965415,4972.9,20210617 14:30:15,14:30:15,15,SBB,B1R4,_NW,_5.14,_3,1623965407,0.00282597,2.825970439,4.855481387,392.8338,216.6893475,21.74170226,39.41529943,0.052368123,2.934756068,0.051854473,0.032454775,372.372495,47.81100933,46.93224667,10.64137378,54.30470547,5.616267471,10.3421378,5.02510631,-124.6252964,-88.52117986,-7.874464959,151.3515539,20,4,1,0,49813.97769,RECT-527-20200527-06_29_39,15254.6,718.7284615,3626.84,0.801830668,-0.406566687,RECT-301-20210617-14_30_05,15112.7,518.62764,695.32,0.254116608,0.5,1601.693201,4.855481387,203.5084218,0.003285303,4.216073175,391.5717073,DARK-302-20210617-14_30_13,0.33,0.33,0.999525398,0.25423727,0.808358449,-7.548226085,1.008049369,0.00016177,0.99983823,1900.009333,1601.693201,0.84299228,0.195984561,6,0.5,0: Broadleaf,2,1623965407,392.8338,399.9912333,55.97470333,52.77394333,391.5651333,55.11793667,500.0914,100.1358,0.200014867,46.37276,46.93224667,999.9,0,0,10016.107,0,580.3111,1900.009333,0.899995,0.100004987,0,518.8599,4.99938,14283.26333,15165.93,56.51653333,57.40806667,56.64153333,57.354,58.562,1705.497667,189.512,0,93,0,518.62764,-18.06499997,-629.561538,14275.196,15,1623964779,14:19:39,1623964768,1623964779,6,1.004,0.052,1.273,0.857,400,53,0.28,0.08,4.899997006,-3.459068701,0.2604608,0,-7.169542258,2.579460968,0.196742731,0,3.183688065,3.500969032,0.262930732,0,0,3,0/3,100,100,1.269,0.8567,1.139563638,-8.36417E-05,1.28013E-06,-5.74726E-10,0.85676,0,0,0,2,2145,1,27,10.8,10.6,18,491.629,479.192,45.065,45.2191,30.0002,44.9091,44.8489,21.5048,0,100,-999.9,400,56.7209,97.1525,97.0811
31,1623965811,5368.9,20210617 14:36:51,14:36:51,15,SBB,B2R3,_NW,_5.14,_1,1623965803,0.004276136,4.276135669,4.309351877,392.8150667,283.0881086,28.41229982,39.42510869,0.085065588,2.934529004,0.083719062,0.052443618,372.3689877,47.52580162,46.61713,10.47193048,55.45100898,5.760080518,10.38769289,4.711849957,-188.577583,-25.04406167,-2.225589424,156.5217536,46,9,1,0,49794.99211,RECT-527-20200527-06_29_39,15254.6,718.7284615,3626.84,0.801830668,-0.406566687,RECT-305-20210617-14_36_41,15128.7,550.9973077,1140.39,0.516834322,0.5,1601.682259,4.309351877,413.902182,0.002944353,2.180350582,501.8777963,DARK-306-20210617-14_36_49,1.41,1.41,0.998763581,0.517474137,0.685835887,1.39778623,0.855005032,0.001324214,0.998675786,1899.997,1601.682259,0.842991994,0.195983987,6,0.5,0: Broadleaf,2,1623965803,392.8150667,400.0004667,57.391,52.55514,391.4744,56.51505,500.1043,100.1655667,0.2000049,46.45883,46.61713,999.9,0,0,10011.83567,0,679.322,1899.997,0.900004033,0.099996127,0,551.0139,4.99938,15141.62,15165.87667,56.63326667,57.5,56.78306667,57.437,58.687,1705.505333,189.4926667,0,195.2,0,550.9973077,-2.829264963,-146.9538465,15141.16154,15,1623965477,14:31:17,1623965459,1623965477,7,0.072,0.019,1.345,0.876,400,53,0.26,0.05,4.344891022,-2.896341962,0.220766388,0,-7.198153226,2.385813387,0.186648984,0,4.826215806,2.096821452,0.156646789,0,0,3,0/3,100,100,1.341,0.8759,1.211716316,-8.36417E-05,1.28013E-06,-5.74726E-10,0.87595,0,0,0,2,2145,1,27,5.9,5.6,18,459.994,478.581,45.3015,45.6833,29.9994,45.3197,45.2372,21.4969,0,100,-999.9,400,78.1297,97.0666,97.0096
32,1623965897,5454.4,20210617 14:38:16,14:38:16,15,SBB,B2R3,_NW,_5.14,_2,1623965889,0.0064244,6.424399639,10.33752294,384.6485333,243.8319956,24.47189589,38.6047731,0.1436623,2.932368365,0.139863642,0.087747705,372.3723131,47.00308123,46.179,10.24021562,57.71246333,6.003233885,10.40197132,4.236981734,-283.3160241,48.49247854,4.304235224,141.8530027,15,3,1,0,49732.02586,RECT-527-20200527-06_29_39,15254.6,718.7284615,3626.84,0.801830668,-0.406566687,RECT-307-20210617-14_38_06,15150.8,473.5702692,638.05,0.257785018,0.5,1601.6946,10.33752294,206.4464357,0.006707951,4.68425672,372.7311088,DARK-308-20210617-14_38_14,1.11,1.11,0.998260324,0.258234262,0.824327791,-2.038706832,1.027742561,0.000605275,0.999394725,1900.011333,1601.6946,0.842992129,0.195984259,6,0.5,0: Broadleaf,2,1623965889,384.6485333,400.0149,59.81475667,52.56850333,383.3132667,58.93881667,500.1309333,100.1637333,0.2000267,46.48574,46.179,999.9,0,0,9999.703667,0,657.2675333,1900.011333,0.8999985,0.100001417,0,473.9494,4.99938,13063.38,15165.98333,56.687,57.53306667,56.812,57.4412,58.75,1705.509333,189.5026667,0,84.9000001,0,473.5702692,-61.73364101,-1557.388034,13054.05385,15,1623965477,14:31:17,1623965459,1623965477,7,0.072,0.019,1.345,0.876,400,53,0.26,0.05,10.35575198,-1.148500091,0.085052764,0,-15.35292903,-0.983990323,0.080821812,1,7.170693226,5.767327742,0.433672825,0,1,3,1/3,100,100,1.335,0.8759,1.211716316,-8.36417E-05,1.28013E-06,-5.74726E-10,0.87595,0,0,0,2,2145,1,27,7.3,7,18,497.154,478.369,45.3984,45.624,29.9996,45.2779,45.2028,21.4958,0,100,-999.9,400,57.5809,97.0813,97.0232
33,1623965972,5529.4,20210617 14:39:31,14:39:31,15,SBB,B2R3,_NW,_5.14,_3,1623965964,0.005330875,5.330875314,9.620807837,385.9822333,218.8055456,21.95969545,38.73783122,0.109409466,2.935690459,0.107193653,0.067191378,372.3719737,47.47583844,46.61639,10.47153532,56.04086756,5.887191944,10.50517631,4.58434338,-235.0916014,9.957226833,0.885430954,148.1230301,21,4,1,0,49792.13616,RECT-527-20200527-06_29_39,15254.6,718.7284615,3626.84,0.801830668,-0.406566687,RECT-309-20210617-14_39_21,15130.7,466.5438462,681.91,0.315827827,0.5,1601.695672,9.620807837,252.9300322,0.006260474,4.318649089,387.2827037,DARK-310-20210617-14_39_29,0.3,0.3,0.999560059,0.315966834,0.812049502,-5.849406652,1.012660608,0.000203175,0.999796825,1900.013,1601.695672,0.842991954,0.195983908,6,0.5,0: Broadleaf,2,1623965964,385.9822333,399.9939667,58.65975,52.63897333,384.6459667,57.78378667,500.0850667,100.1617,0.1999951,46.67930333,46.61639,999.9,0,0,10018.84667,0,1417.596,1900.013,0.9000045,0.099995617,0,466.7331667,4.99938,12806.04667,15166.00333,56.7624,57.687,56.875,57.562,58.8498,1705.521333,189.4916667,0,74.5,0,466.5438462,-35.5851624,-918.6564102,12801.58846,15,1623965477,14:31:17,1623965459,1623965477,7,0.072,0.019,1.345,0.876,400,53,0.26,0.05,9.640826055,-0.860227992,0.068881942,0,-13.99243871,-1.311222581,0.113067789,0,5.942200645,5.887241613,0.444276825,0,0,3,0/3,100,100,1.336,0.876,1.211716316,-8.36417E-05,1.28013E-06,-5.74726E-10,0.87595,0,0,0,2,2145,1,27,8.5,8.2,18,490.847,478.938,45.5169,45.6194,30.0004,45.273,45.2029,21.4962,0,100,-999.9,400,60.5603,97.0754,97.0102
34,1623966087,5644.9,20210617 14:41:27,14:41:27,15,SBB,B2R3,_NW,_5.7,_1,1623966079,0.004873539,4.873539463,8.11264961,388.0069,228.3580832,22.91858413,38.94133571,0.097885076,2.933252088,0.096105938,0.060223366,372.3644704,47.66003162,46.7115,10.52242857,55.48038096,5.848115164,10.5408706,4.674313408,-214.9230903,5.434658288,0.484037334,163.3600757,37,7,1,0,49715.5424,RECT-527-20200527-06_29_39,15254.6,718.7284615,3626.84,0.801830668,-0.406566687,RECT-311-20210617-14_41_17,15132,458.0386154,583.83,0.215458926,0.5,1601.660382,8.11264961,172.5460126,0.00531899,5.212150797,353.55037,DARK-312-20210617-14_41_25,-0.21,-0.21,1.000359694,0.215381454,0.838976579,-0.932489394,1.046386963,-9.87474E-05,1.000098747,1899.970667,1601.660382,0.842992163,0.195984326,6,0.5,0: Broadleaf,2,1623966079,388.0069,400.0090667,58.26993333,52.76346,386.7009,57.38046333,500.0905333,100.1625333,0.199949167,46.74586667,46.7115,999.9,0,0,10004.85933,0,169.78,1899.970667,0.899998133,0.100001907,0,458.4493,4.99938,12597.46667,15165.64333,56.875,57.8288,56.9916,57.6996,58.9496,1705.47,189.5006667,0,114.9000001,0,458.0386154,-52.78823925,-1502.810254,12585.15385,15,1623966022,14:40:22,1623966019,1623966022,8,-0.032,0.014,1.314,0.889,400,53,0.27,0.05,8.140263556,-2.20331716,0.165690617,0,-12.00390645,1.055366129,0.090158795,0,5.486492581,4.007224355,0.301969297,0,0,3,0/3,100,100,1.306,0.8895,1.18001094,-8.36417E-05,1.28013E-06,-5.74726E-10,0.889455,0,0,0,2,2145,1,27,1.1,1.1,18,471.043,478.585,45.6266,45.6244,29.9995,45.272,45.1932,21.4934,0,100,-999.9,400,59.4443,97.086,97.0271
35,1623966178,5735.4,20210617 14:42:57,14:42:57,15,SBB,B2R3,_NW,_5.7,_2,1623966170,0.006236907,6.236907267,10.43704838,384.6202667,232.8027048,23.36511904,38.6022075,0.13309525,2.932861272,0.12982855,0.081429666,372.3637104,47.36770907,46.55213,10.43727033,56.85998556,6.010886052,10.5713816,4.426384282,-275.0476105,39.6050001,3.52618792,140.4472879,23,5,1,0,49696.14812,RECT-527-20200527-06_29_39,15254.6,718.7284615,3626.84,0.801830668,-0.406566687,RECT-313-20210617-14_42_47,15160.8,487.1342308,729.71,0.332427635,0.5,1601.657767,10.43704838,266.2176514,0.006770245,3.970248455,402.2475424,DARK-314-20210617-14_42_55,-0.03,-0.03,1.000041112,0.332413968,0.798796207,22.0894158,0.996223825,-2.04716E-05,1.000020472,1899.967667,1601.657767,0.842992118,0.195984235,6,0.5,0: Broadleaf,2,1623966170,384.6202667,400.0208667,59.89058,52.85565667,383.3167333,59.00112667,500.0801,100.1644667,0.199998867,46.80261,46.55213,999.9,0,0,10002.439,0,1548.163167,1899.967667,0.899999667,0.100000407,0,487.464,4.99938,13375.22,15165.63,56.812,57.812,56.89153333,57.687,58.937,1705.471667,189.4976667,0,89.60000014,0,487.1342308,-110.1290257,-2874.43419,13367.10769,15,1623966022,14:40:22,1623966019,1623966022,8,-0.032,0.014,1.314,0.889,400,53,0.27,0.05,10.4387806,0.280380027,0.039521464,1,-15.36495161,-2.723593548,0.217370072,0,6.952860323,6.168112742,0.465143613,0,1,3,1/3,100,100,1.303,0.8895,1.18001094,-8.36417E-05,1.28013E-06,-5.74726E-10,0.889455,0,0,0,2,2145,1,27,2.6,2.6,18,487.864,478.235,45.6831,45.5646,29.9998,45.2141,45.1346,21.491,0,100,-999.9,400,58.5875,97.0953,97.0339
36,1623966258,5815.4,20210617 14:44:17,14:44:17,15,SBB,B2R3,_NW,_5.7,_3,1623966250,0.005187382,5.187381603,8.283849557,387.6165667,238.7169537,23.95780541,38.90147782,0.108340293,2.930216469,0.106163141,0.066543927,372.3759757,47.70656113,46.46203333,10.38939169,55.45484763,5.883085875,10.60878557,4.506305815,-228.7635287,64.76084514,5.770555632,214.1438478,9,2,1,0,49613.51611,RECT-527-20200527-06_29_39,15254.6,718.7284615,3626.84,0.801830668,-0.406566687,RECT-315-20210617-14_44_07,15208,448.1393077,558.99,0.198305323,0.5,1601.710338,8.283849557,158.8138427,0.00542571,5.488201936,344.2856694,DARK-316-20210617-14_44_15,-0.27,-0.27,1.000483014,0.198209585,0.845811128,-0.69395117,1.054928588,-0.00011942,1.00011942,1900.03,1601.710338,0.842992131,0.195984261,6,0.5,0: Broadleaf,2,1623966250,387.6165667,399.9679,58.61940667,52.76046333,386.3110667,57.72994333,500.0868,100.1607,0.200020267,46.87198,46.46203333,999.9,0,0,9987.751,0,1677.804,1900.03,0.899999,0.10000092,0,448.0595667,4.99938,12172.25667,15166.11,56.875,57.91013333,56.937,57.76653333,58.9622,1705.526667,189.5046667,0,78.79999995,0,448.1393077,-43.79029053,-1127.504272,12173.29615,15,1623966022,14:40:22,1623966019,1623966022,8,-0.032,0.014,1.314,0.889,400,53,0.27,0.05,8.30476833,-1.220204252,0.092863245,0,-12.34514516,-0.56535,0.04937069,1,5.794038065,4.838741613,0.365575801,0,1,3,1/3,100,100,1.305,0.8895,1.18001094,-8.36417E-05,1.28013E-06,-5.74726E-10,0.889455,0,0,0,2,2145,1,27,4,3.9,18,504.734,477.729,45.7783,45.5348,30,45.1787,45.109,21.4913,0,100,-999.9,400,60.6843,97.0989,97.0385
37,1623966820,6377.4,20210617 14:53:39,14:53:39,15,SBB,B3R1,_NW,_5.6,_1,1623966812,0.004350505,4.350504697,4.497266357,392.5590645,269.9445149,27.07746848,39.37663152,0.07847564,2.932036265,0.077327184,0.048431274,372.3687102,48.44634327,47.52373548,10.96582665,53.17272454,5.793883505,10.89634499,5.171943142,-191.8572571,-19.81967161,-1.778132293,158.9136491,29,6,1,0,49580.23449,RECT-527-20200527-06_29_39,15254.6,718.7284615,3626.84,0.801830668,-0.406566687,RECT-317-20210617-14_53_29,15132.1,599.81272,948.96,0.367926235,0.5,1601.678828,4.497266357,294.6498304,0.003061683,2.821910302,460.9550084,DARK-318-20210617-14_53_37,1.23,1.23,0.998703844,0.368403744,0.738601228,1.516505003,0.920831256,0.000755463,0.999244537,1899.992581,1601.678828,0.842992148,0.195984297,6,0.5,0: Broadleaf,2,1623966812,392.5590645,400.0038387,57.7612,52.84302903,391.2159032,56.89783548,500.0900968,100.1075806,0.199952871,47.39835161,47.52373548,999.9,0,0,10003.41968,0,532.1592581,1899.992581,0.899998935,0.100001039,0,600.436,4.99938,16694.34194,15165.82903,57.399,58.45732258,57.56606452,58.31606452,59.516,1705.490645,189.5019355,0,561.0999999,0,599.81272,-66.32692318,-1655.307695,16673.744,15,1623966375,14:46:15,1623966367,1623966375,9,0.034,-0.026,1.348,0.863,400,52,0.32,0.16,4.565579176,-4.22665109,0.317831501,0,-7.475522903,3.886031129,0.294592709,0,4.893549677,2.936060806,0.219935802,0,0,3,0/3,100,100,1.343,0.8634,1.214455448,-8.36417E-05,1.28013E-06,-5.74726E-10,0.86338,0,0,0,2,2145,1,27,7.5,7.4,18,480.652,476.279,46.3992,46.4428,29.9992,46.0379,45.9522,21.5058,0,100,-999.9,400,59.25,96.9376,96.9
38,1623966922,6480,20210617 14:55:22,14:55:22,15,SBB,B3R1,_NW,_5.6,_2,1623966914,0.006715988,6.715987881,10.23897604,384.6103871,243.5680559,24.43083469,38.57793564,0.143330372,2.934487337,0.139551652,0.087550988,372.3670979,47.73939663,46.64388065,10.48622365,55.87419763,6.057128524,10.84065415,4.429095122,-296.1750656,103.3822845,9.22477633,188.7990931,0,0,1,0,49662.24139,RECT-527-20200527-06_29_39,15254.6,718.7284615,3626.84,0.801830668,-0.406566687,RECT-319-20210617-14_55_12,15124.1,515.1126923,682.02,0.244724946,0.5,1601.675138,10.23897604,195.9849308,0.006646506,4.317791267,387.3181822,DARK-320-20210617-14_55_20,-0.32,-0.32,1.000469194,0.244610176,0.811880369,-4.546834727,1.012622783,-0.000151958,1.000151958,1899.98871,1601.675138,0.842991924,0.195983848,6,0.5,0: Broadleaf,2,1623966914,384.6103871,399.994,60.38774516,52.81661613,383.2723548,59.52436129,500.0911613,100.1039677,0.199968226,47.29735484,46.64388065,999.9,0,0,10017.75871,0,1596.816774,1899.98871,0.900006871,0.099993352,0,515.0864516,4.99938,14191.20968,15165.81935,57.377,58.312,57.5,58.25,59.46341935,1705.502258,189.4874194,0,101.6000001,0,515.1126923,-89.94352142,-2337.470087,14191.81538,15,1623966375,14:46:15,1623966367,1623966375,9,0.034,-0.026,1.348,0.863,400,52,0.32,0.16,10.2561929,-2.173734552,0.156781023,0,-15.38362258,1.382137004,0.101201418,0,7.571123226,2.88093476,0.207900645,0,0,3,0/3,100,100,1.338,0.8634,1.214455448,-8.36417E-05,1.28013E-06,-5.74726E-10,0.86338,0,0,0,2,2145,1,27,9.3,9.1,18,517.533,475.656,46.3609,46.3224,29.9992,45.9386,45.8621,21.5046,0,100,-999.9,400,58.2315,96.9531,96.9071
39,1623967028,6586,20210617 14:57:08,14:57:08,15,SBB,B3R1,_NW,_5.6,_3,1623967020,0.006228351,6.228350723,7.051543451,388.6408065,274.9283592,27.57582572,38.98139565,0.131018503,2.931814033,0.127850543,0.080184838,372.3711308,47.68474984,46.6908,10.51133388,56.11519228,6.027902985,10.74201609,4.483430894,-274.6702669,67.42327944,6.017889473,171.1420328,6,1,1,0,49617.61168,RECT-527-20200527-06_29_39,15254.6,718.7284615,3626.84,0.801830668,-0.406566687,RECT-321-20210617-14_56_58,15112.9,496.0538077,609,0.185461728,0.5,1601.687488,7.051543451,148.5258646,0.004656408,4.955402299,362.626278,DARK-322-20210617-14_57_06,-0.85,-0.85,1.001395731,0.185203234,0.831890266,-1.029324486,1.037731861,-0.00031735,1.00031735,1900.002581,1601.687488,0.84299227,0.195984539,6,0.5,0: Broadleaf,2,1623967020,388.6408065,400.0046774,60.09761935,53.07443226,387.3001935,59.23423226,500.1183871,100.101871,0.199988742,47.11736774,46.6908,999.9,0,0,10002.72355,0,1185.635806,1900.002581,0.899994935,0.100005052,0,496.172129,4.99938,13922.76774,15165.8871,57.375,58.254,57.5,58.187,59.391,1705.492258,189.5106452,0,105.2,0,496.0538077,-12.40311113,360.1128236,13931.89615,15,1623966375,14:46:15,1623966367,1623966375,9,0.034,-0.026,1.348,0.863,400,52,0.32,0.16,7.059008192,-1.723875255,0.124643098,0,-11.36385484,1.310637097,0.098236882,0,7.023187742,1.783774839,0.133080623,0,0,3,0/3,100,100,1.341,0.8633,1.214455448,-8.36417E-05,1.28013E-06,-5.74726E-10,0.86338,0,0,0,2,2145,1,27,11,10.9,18,508.767,476.764,46.2542,46.1932,29.9996,45.8369,45.7669,21.5131,0,100,-999.9,400,60.8065,96.9865,96.9491