SysConst,AvgTime,Oxygen,,,,,,,,,,,,,,,,,,,,,,,,,,,,,,,,,,,,,,,,,,,,,,,,,,,,,,,,,,,,,,,,,,,,,,,,,,,,,,,,,,,,,,,,,,,,,,,,,,,,,,,,,,,,,,,,,,,,,,,,,,,,,,,,,,,,,,,,,,,,,,,,,,,,,,,,,,,,,,,,,,,,,,,,,,,,,,,
,4,21,,,,,,,,,,,,,,,,,,,,,,,,,,,,,,,,,,,,,,,,,,,,,,,,,,,,,,,,,,,,,,,,,,,,,,,,,,,,,,,,,,,,,,,,,,,,,,,,,,,,,,,,,,,,,,,,,,,,,,,,,,,,,,,,,,,,,,,,,,,,,,,,,,,,,,,,,,,,,,,,,,,,,,,,,,,,,,,
ChambConst,Chamber,Aperture,blc_a,blc_b,blc_c,blc_d,blc_e,blc_minS,blc_maxS,blc_Po,,,,,,,,,,,,,,,,,,,,,,,,,,,,,,,,,,,,,,,,,,,,,,,,,,,,,,,,,,,,,,,,,,,,,,,,,,,,,,,,,,,,,,,,,,,,,,,,,,,,,,,,,,,,,,,,,,,,,,,,,,,,,,,,,,,,,,,,,,,,,,,,,,,,,,,,,,,,,,,,,,,,,,,
,6800-01A,6 cm²,0.578,0.5229739,0.003740252,-0.06197961,-0.005608586,1,6,96.9,,,,,,,,,,,,,,,,,,,,,,,,,,,,,,,,,,,,,,,,,,,,,,,,,,,,,,,,,,,,,,,,,,,,,,,,,,,,,,,,,,,,,,,,,,,,,,,,,,,,,,,,,,,,,,,,,,,,,,,,,,,,,,,,,,,,,,,,,,,,,,,,,,,,,,,,,,,,,,,,,,,,,,,
LTConst,deltaTw,fT1,fT2,fTeb,,,,,,,,,,,,,,,,,,,,,,,,,,,,,,,,,,,,,,,,,,,,,,,,,,,,,,,,,,,,,,,,,,,,,,,,,,,,,,,,,,,,,,,,,,,,,,,,,,,,,,,,,,,,,,,,,,,,,,,,,,,,,,,,,,,,,,,,,,,,,,,,,,,,,,,,,,,,,,,,,,,,,,,,,,,,,
,0,1,0,0,,,,,,,,,,,,,,,,,,,,,,,,,,,,,,,,,,,,,,,,,,,,,,,,,,,,,,,,,,,,,,,,,,,,,,,,,,,,,,,,,,,,,,,,,,,,,,,,,,,,,,,,,,,,,,,,,,,,,,,,,,,,,,,,,,,,,,,,,,,,,,,,,,,,,,,,,,,,,,,,,,,,,,,,,,,,,
LQConst,Leaf,Ambient,abs_ambient,abs_redLED,abs_greenLED,abs_blueLED,abs_whiteLED,abs_redFlr,abs_blueFlr,k_ambient,k_redLED,k_greenLED,k_blueLED,k_whiteLED,k_redFlr,k_blueFlr,,,,,,,,,,,,,,,,,,,,,,,,,,,,,,,,,,,,,,,,,,,,,,,,,,,,,,,,,,,,,,,,,,,,,,,,,,,,,,,,,,,,,,,,,,,,,,,,,,,,,,,,,,,,,,,,,,,,,,,,,,,,,,,,,,,,,,,,,,,,,,,,,,,,,,,,,,,,,,,,,
,standard,Sun+Sky,0.49,0.84,0.7,0.87,0.75,0.84,0.87,0.39,0.18,0.23,0.26,0.21,0.19,0.25,,,,,,,,,,,,,,,,,,,,,,,,,,,,,,,,,,,,,,,,,,,,,,,,,,,,,,,,,,,,,,,,,,,,,,,,,,,,,,,,,,,,,,,,,,,,,,,,,,,,,,,,,,,,,,,,,,,,,,,,,,,,,,,,,,,,,,,,,,,,,,,,,,,,,,,,,,,,,,,,,
QConst,fQ_Amb_in,fQ_Amb_out,fQ_HeadLS,fQ_ConsoleLS,fQ_Flr,,,,,,,,,,,,,,,,,,,,,,,,,,,,,,,,,,,,,,,,,,,,,,,,,,,,,,,,,,,,,,,,,,,,,,,,,,,,,,,,,,,,,,,,,,,,,,,,,,,,,,,,,,,,,,,,,,,,,,,,,,,,,,,,,,,,,,,,,,,,,,,,,,,,,,,,,,,,,,,,,,,,,,,,,,,,
,0,0,0,0,1,,,,,,,,,,,,,,,,,,,,,,,,,,,,,,,,,,,,,,,,,,,,,,,,,,,,,,,,,,,,,,,,,,,,,,,,,,,,,,,,,,,,,,,,,,,,,,,,,,,,,,,,,,,,,,,,,,,,,,,,,,,,,,,,,,,,,,,,,,,,,,,,,,,,,,,,,,,,,,,,,,,,,,,,,,,,
LeakConst,fan_a,fan_b,fan_c,fan_d,Fs_meas,Fs_true,leak_wt,,,,,,,,,,,,,,,,,,,,,,,,,,,,,,,,,,,,,,,,,,,,,,,,,,,,,,,,,,,,,,,,,,,,,,,,,,,,,,,,,,,,,,,,,,,,,,,,,,,,,,,,,,,,,,,,,,,,,,,,,,,,,,,,,,,,,,,,,,,,,,,,,,,,,,,,,,,,,,,,,,,,,,,,,,
,-6276,6.6,0.00001709,3.11,9.2066 88.6646 396.608 640.283 881.374 1048.49 1204.45 1286.9,0.16553 103.944 401.38 601.28 800.575 1000.73 1200.7 1400.47,0,,,,,,,,,,,,,,,,,,,,,,,,,,,,,,,,,,,,,,,,,,,,,,,,,,,,,,,,,,,,,,,,,,,,,,,,,,,,,,,,,,,,,,,,,,,,,,,,,,,,,,,,,,,,,,,,,,,,,,,,,,,,,,,,,,,,,,,,,,,,,,,,,,,,,,,,,,,,,,,,,,,,,,,,,,
SysObs,SysObs,SysObs,SysObs,SysObs,SysObs,UserDefCon,UserDefCon,UserDefCon,UserDefCon,GasEx,GasEx,GasEx,GasEx,GasEx,GasEx,GasEx,GasEx,GasEx,GasEx,GasEx,GasEx,GasEx,GasEx,GasEx,GasEx,GasEx,GasEx,GasEx,GasEx,GasEx,GasEx,GasEx,GasEx,Leak,Leak,Leak,Leak,Leak,FLR,FLR,FLR,FLR,FLR,FLR,FLR,FLR,FLR,FLR,FLR,FLR,FLR,FLR,FLR,FLR,FLR,FLR,FLR,FLR,FLR,FLR,FLR,FLR,FLR,FLR,FLR,FLR,LeafQ,LeafQ,LeafQ,LeafQ,Const,Const,Const,Const,Meas,Meas,Meas,Meas,Meas,Meas,Meas,Meas,Meas,Meas,Meas,Meas,Meas,Meas,Meas,Meas,Meas,Meas,FlrLS,FlrLS,FlrLS,FlrLS,FlrLS,FlrLS,FlrLS,FlrLS,FlrLS,FlrLS,FlrLS,FlrLS,FlrLS,FlrLS,FlrLS,FlrLS,FlrLS,FlrLS,FlrStats,FlrStats,FlrStats,FlrStats,FlrStats,MchEvent,MchEvent,MchEvent,MchEvent,MchEvent,MchEvent,MchEvent,MchEvent,MchEvent,MchEvent,MchEvent,MchEvent,MchEvent,Stability,Stability,Stability,Stability,Stability,Stability,Stability,Stability,Stability,Stability,Stability,Stability,Stability,Stability,Stability,MchStatus,MchStatus,MchStatus,MchStatus,MchStatus,MchStatus,MchStatus,MchStatus,MchStatus,MchStatus,MchStatus,MchStatus,MchStatus,MchStatus,MchStatus,MchStatus,MchStatus,MchStatus,Status,Status,Status,Status,Status,Status,Status,Status,Status,Status,Status,Status,Status,Status,Status,Status
obs,time,elapsed,date,hhmmss,averaging,BLOCK,SUB-BLOCK,VINE,LEAF,TIME,E,Emm,A,Ca,Ci,Pci,Pca,gsw,gbw,gtw,gtc,Rabs,TleafEB,TleafCnd,SVPleaf,RHcham,VPcham,SVPcham,VPDleaf,LatHFlux,SenHFlux,NetTherm,EBSum,Leak,LeakPct,CorrFact,CorrFactPct,Fan,DarkAdaptedID,Qmax_d,Fo,Fm,Fv/Fm,A_dark,LightAdaptedID,Qmax,Fs,Fm',PhiPS2,PS2/1,Qabs_fs,A_fs,ETR,PhiCO2,NPQ,alt. Fo',DarkPulseID,Fmin,Fo',Fv'/Fm',qP,qN,qP_Fo,qN_Fo,qL,1-qL,Qin,Qabs,alpha,convert,S,K,Geometry,Custom,TIME,CO2_s,CO2_r,H2O_s,H2O_r,CO2_a,H2O_a,Flow,Pa,ΔPcham,Tair,Tleaf,Tleaf2,Offset,Offset2,Fan_speed,Qamb_in,Qamb_out,Q,f_red,f_blue,f_farred,F,Q_modavg,F_dc,Pc,Tled,TDigital,TPreamp,TPwrSpy,TDrive,Q_red,Q_blue,Q_farred,TSPF,state,F_avg,dF/dt,dF_dc/dt,F_dc_avg,period,time,hhmmss,co2_t,h2o_t,count,co2_adj,h2o_adj,co2_match,h2o_match,co2_at,h2o_at,co2_cv,h2o_cv,A:MN,A:SLP,A:SD,A:OK,ΔCO2:MN,ΔCO2:SLP,ΔCO2:SD,ΔCO2:OK,ΔH2O:MN,ΔH2O:SLP,ΔH2O:SD,ΔH2O:OK,Stable,Total,State,MatchValveR,MatchValveS,MatchCO2,MatchH2O,cf_co2_a,cf_co2_b,cf_co2_c,cf_co2_d,cf_h2o_a,cf_h2o_b,cf_h2o_c,cf_h2o_d,co2_fit_low,co2_fit_high,h2o_fit_low,h2o_fit_high,co2_elapsed,h2o_elapsed,DIAG,Flow_s,Flow_r,Txchg,Tirga,Tchopper,Ts,Tr,CO2_%,Desiccant_%,Humidifier_%,Txchg_sp,CO2_r_sp,H2O_r_sp,SS_s,SS_r
,s,s,,,s,,,,,s,mol m⁻² s⁻¹,mmol m⁻² s⁻¹,µmol m⁻² s⁻¹,µmol mol⁻¹,µmol mol⁻¹,Pa,Pa,mol m⁻² s⁻¹,mol m⁻² s⁻¹,mol m⁻² s⁻¹,mol m⁻² s⁻¹,W m⁻²,°C,°C,kPa,%,kPa,kPa,kPa,W m⁻²,W m⁻²,W m⁻²,W m⁻²,µmol s⁻¹,%,,%,µmol s⁻¹,,,,,,µmol m⁻² s⁻¹,,,,,,,µmol m⁻² s⁻¹,µmol m⁻² s⁻¹,µmol m⁻² s⁻¹,µmol µmol⁻¹,,,,,,,,,,,,,µmol m⁻² s⁻¹,µmol m⁻² s⁻¹,,J/µmol,cm²,,,mol m⁻² s⁻¹,s,µmol mol⁻¹,µmol mol⁻¹,mmol mol⁻¹,mmol mol⁻¹,µmol mol⁻¹,mmol mol⁻¹,µmol s⁻¹,kPa,kPa,°C,°C,°C,°C,°C,rpm,µmol m⁻² s⁻¹,µmol m⁻² s⁻¹,µmol m⁻² s⁻¹,,,,,µmol m⁻² s⁻¹,,,°C,°C,°C,°C,°C,µmol m⁻² s⁻¹,µmol m⁻² s⁻¹,µmol m⁻² s⁻¹,s,,,min⁻¹,min⁻¹,,s,secs,,s,s,,µmol/mol,mmol/mol,µmol/mol,mmol/mol,µmol/mol,mmol/mol,%,%,µmol m⁻² s⁻¹,µmol m⁻² s⁻¹ min⁻¹,µmol m⁻² s⁻¹,,µmol mol⁻¹,µmol mol⁻¹ min⁻¹,µmol mol⁻¹,,mmol mol⁻¹,mmol mol⁻¹ min⁻¹,mmol mol⁻¹,,,,,%,%,µmol/mol,mmol/mol,mmol/mol,,,,mmol/mol,,,,µmol mol⁻¹,µmol mol⁻¹,mmol mol⁻¹,mmol mol⁻¹,min,min,,µmol s⁻¹,µmol s⁻¹,°C,°C,°C,°C,°C,%,%,%,°C,µmol mol⁻¹,mmol mol⁻¹,%,%
1,1623791019,0,20210615 14:03:39,14:03:39,15,B1R1,_NW,_5.14,_1,1623791011,0.003969768,3.969768046,10.3585325,385.7478,188.4569606,19.11957587,39.13537769,0.094670641,2.950843439,0.093015103,0.058280772,293.9633144,34.82648247,34.15920667,5.390642696,22.31898996,1.201414419,5.382924679,4.189228277,-175.0667708,-4.090628042,-0.321063627,114.4848519,69,14,1,0,52279.3232,RECT-527-20200527-06_29_39,14901,718.7284615,3626.84,0.801830668,-0.406566687,RECT-44-20210615-14_03_32,15156.3,574.7719231,803.19,0.284388597,0.5,1264.454589,10.3585325,179.798233,0.008513631,3.515544267,423.6104635,DARK-45-20210615-14_03_39,441.13,441.13,0.450777525,0.630884596,0.886348726,2.704403461,0.970956568,0.484195749,0.515804251,1499.963667,1264.454589,0.842990145,0.19598029,6,0.5,0: Broadleaf,2,1623791011,385.7478,400.0135,11.84204667,7.135441333,385.3353,11.78616,500.0748,101.2532667,0.200008467,34.13349333,34.15920667,999.9,0,0,9996.606667,0,1066.138033,1499.963667,0.899995667,0.100004133,0,575.0629,4.99938,11779.24333,11964.34,42.13093333,44.2663,42.60183333,44.52686667,44.56436667,1345.461,149.5036667,0,1623791021,0,574.7719231,-42.73593164,-819.6512826,11774.33846,15,0,--:--:--,1623708625,1623708625,0,0.037,-0.008,0.433,0.25,416,33,0.08,0.02,10.37374358,-0.848165576,0.063993143,0,-14.27491333,1.131278309,0.084301806,0,4.708486,-0.336996841,0.025884535,1,1,3,1/3,100,100,0.413,0.056,0.287636789,-8.36417E-05,1.28013E-06,-5.74726E-10,0.007510507,-0.003609489,0.000797407,-1.21258E-05,2,2145,1,27,1373.2,1373.2,18,432.69,479.985,33.2507,34.0237,30.0017,33.753,33.7188,20.2142,69.699,0,-999.9,400,7.25832,99.3385,98.9138
2,1623791514,494.5,20210615 14:11:53,14:11:53,15,B1R1,_NW,_5.14,_2,1623791506,0.000824157,0.824156633,7.147332491,391.0409667,29.96739334,3.040817138,39.67926271,0.032610599,2.952730069,0.032411828,0.02027515,293.9655497,38.15359215,37.51532667,6.484401936,65.26259928,4.038016591,6.187336445,2.446385345,-36.34530753,-136.8503818,-11.04532829,109.7245321,18,4,1,0,51907.1789,RECT-527-20200527-06_29_39,14901,718.7284615,3626.84,0.801830668,-0.406566687,RECT-46-20210615-14_11_46,15127.6,475.77996,659.21,0.278257369,0.5,1264.46564,7.147332491,175.9234409,0.005973985,4.501797606,379.8538863,DARK-47-20210615-14_11_54,388.28,388.28,0.410991945,0.677038497,0.916342448,-3.081901569,1.020466361,0.552525389,0.447474611,1499.977,1264.46564,0.842990019,0.195980038,6,0.5,0: Broadleaf,2,1623791506,391.0409667,400.0026,39.79484,38.84541,390.4327333,39.40319,500.1060333,101.2708667,0.199992133,36.65564667,37.51532667,999.9,0,0,10005.582,0,1843.652,1499.977,0.899999333,0.100000667,0,475.8365667,4.99938,9998.666,11964.45333,47.06223333,49.40816667,47.57056667,49.26643333,49.39353333,1345.479,149.4986667,0,493.4000001,0,475.77996,-7.280384606,-48.66384599,9998.1536,15,1623791247,14:07:26,1623791239,1623791247,1,0.193,0.142,0.614,0.392,400,38,0.15,0.02,7.14803041,-0.105935132,0.017276307,1,-8.961494333,-0.048628165,0.019126401,1,0.9494341,0.382820423,0.02770266,1,3,3,3/3,100,100,0.609,0.3917,0.480075348,-8.36417E-05,1.28013E-06,-5.74726E-10,0.391645,0,0,0,2,2145,1,27,4.6,4.5,18,494.54,519.091,35.4163,35.6325,30.0011,35.3575,35.321,20.7391,0,100,-999.9,400,44.2371,99.0571,98.6815
3,1623791731,711.5,20210615 14:15:30,14:15:30,15,B1R1,_NW,_5.14,_3,1623791723,0.001962816,1.962815676,9.761536269,387.361871,164.3335807,16.67481516,39.30534204,0.074803236,2.952585644,0.073766141,0.046195819,293.9671747,38.91585185,38.40515161,6.804845338,64.8799392,4.251989963,6.553628155,2.552855376,-86.56017131,-110.5365051,-9.006143666,87.86435455,14,3,1,0,51726.81592,RECT-527-20200527-06_29_39,14901,718.7284615,3626.84,0.801830668,-0.406566687,RECT-48-20210615-14_15_23,15066.8,518.6186,722.28,0.28197015,0.5,1264.471812,9.761536269,178.2716532,0.008041384,4.021376751,399.9794331,DARK-49-20210615-14_15_31,422.54,422.54,0.414991416,0.679460199,0.906456948,57.34455707,0.998778748,0.553584296,0.446415704,1499.984194,1264.471812,0.842990091,0.195980182,6,0.5,0: Broadleaf,2,1623791723,387.361871,399.9857097,41.90419677,39.64794516,386.7559355,41.51253871,500.0946129,101.2693226,0.199988129,37.71073871,38.40515161,999.9,0,0,10004.91419,0,1956.99129,1499.984194,0.899996677,0.100003565,0,518.727129,4.99938,11087.66774,11964.50323,48.659,51.04003226,49.22354839,50.81403226,50.93516129,1345.48129,149.5029032,0,216.0999999,0,518.6186,-9.439153871,-185.4692312,11085.62,15,1623791247,14:07:26,1623791239,1623791247,1,0.193,0.142,0.614,0.392,400,38,0.15,0.02,9.76219041,-0.397473447,0.0418059,1,-12.62295333,0.429907008,0.047755117,1,2.256634333,0.10208703,0.007393981,1,3,3,3/3,100,100,0.605,0.3917,0.480075348,-8.36417E-05,1.28013E-06,-5.74726E-10,0.391645,0,0,0,2,2145,1,27,8.2,8.1,18,500.034,515.992,36.4107,36.2402,30.001,35.9303,35.8909,20.7367,0,100,-999.9,400,39.7268,98.9478,98.5818
4,1623792091,1072,20210615 14:21:31,14:21:31,15,B2R1,_NW,_5.5,_1,1623792083,0.002413152,2.413151827,10.40073706,386.3802667,189.0049351,19.17104166,39.19110465,0.09126127,2.952095773,0.089722423,0.056212612,293.9705484,39.56800867,38.84429,6.967987937,64.29639056,4.39269045,6.831939417,2.575297486,-106.4199956,-58.18329534,-4.769015113,124.5982424,65,13,1,0,51584.72911,RECT-527-20200527-06_29_39,14901,718.7284615,3626.84,0.801830668,-0.406566687,RECT-50-20210615-14_21_23,15116,529.6351538,756.41,0.299804136,0.5,1264.486516,10.40073706,189.5491434,0.008546792,3.794807049,410.2297732,DARK-51-20210615-14_21_31,427.9,427.9,0.434301503,0.690313373,0.897306608,6.018194994,0.987042609,0.557714287,0.442285713,1500.001667,1264.486516,0.842990074,0.195980148,6,0.5,0: Broadleaf,2,1623792083,386.3802667,399.9783,43.30699333,40.53697,385.775,42.91534333,500.0634,101.2315,0.199934333,38.47871,38.84429,999.9,0,0,10005.869,0,1966.715667,1500.001667,0.899997,0.100003,0,529.6867333,4.99938,11196.03333,11964.65,49.05796667,51.2934,49.61236667,50.7311,51.28513333,1345.499667,149.504,0,359.6999998,0,529.6351538,-17.47466667,-367.0700853,11194.5,15,1623791247,14:07:26,1623791239,1623791247,1,0.193,0.142,0.614,0.392,400,38,0.15,0.02,10.40641965,-0.142192747,0.024594636,1,-13.60019667,0.153474527,0.028698136,1,2.769787,0.043694149,0.003579583,1,3,3,3/3,100,100,0.605,0.3916,0.480075348,-8.36417E-05,1.28013E-06,-5.74726E-10,0.391645,0,0,0,2,2145,1,27,14.2,14.1,18,437.661,513.652,37.3744,36.7538,30.0007,36.4954,36.4466,20.7732,0,100,-999.9,400,41.7743,98.8662,98.5187
5,1623792315,1296,20210615 14:25:15,14:25:15,15,B2R1,_NW,_5.5,_2,1623792307,0.002384029,2.384028687,11.83058391,384.6883871,161.6705129,16.39910088,39.02099122,0.090859668,2.948937283,0.089332608,0.055967943,293.9732502,39.79835919,39.06295161,7.050479533,65.04748896,4.497556214,6.914265695,2.552923319,-105.1356651,-57.59547681,-4.735919948,126.5061883,25,5,1,0,51459.45518,RECT-527-20200527-06_29_39,14901,718.7284615,3626.84,0.801830668,-0.406566687,RECT-52-20210615-14_25_07,15099.4,492.66584,751.12,0.344091703,0.5,1264.49792,11.83058391,217.5516214,0.009677478,3.828575993,408.6688276,DARK-53-20210615-14_25_15,409.25,409.25,0.455146981,0.756001287,0.89374967,7.979064048,0.988861659,0.62799874,0.37200126,1500.015161,1264.49792,0.842990093,0.195980186,6,0.5,0: Broadleaf,2,1623792307,384.6883871,399.9827097,44.33915161,41.60568387,384.0842258,43.94750645,500.0950645,101.2353226,0.200001516,38.70067742,39.06295161,999.9,0,0,9987.559355,0,1880.386452,1500.015161,0.899996871,0.100003148,0,493.0684516,4.99938,10363.86774,11964.77097,48.36280645,50.937,48.94106452,50.23574194,50.70935484,1345.509355,149.506129,0,223.4000001,0,492.66584,-21.84146151,-398.2076914,10356.956,15,1623791247,14:07:26,1623791239,1623791247,1,0.193,0.142,0.614,0.392,400,38,0.15,0.02,11.84607994,-0.73104955,0.059217183,0,-15.29852667,0.90378287,0.069917532,1,2.734069,-0.276758443,0.021753117,1,2,3,2/3,100,100,0.604,0.3917,0.480075348,-8.36417E-05,1.28013E-06,-5.74726E-10,0.391645,0,0,0,2,2145,1,27,17.9,17.8,18,486.544,512.299,37.7629,36.9938,29.9999,36.7244,36.674,20.8126,0,100,-999.9,400,43.1631,98.8269,98.5138
6,1623792516,1497,20210615 14:28:36,14:28:36,15,B2R1,_NW,_5.5,_3,1623792508,0.003260541,3.260541015,9.9329853,386.5406333,257.3967229,26.10782599,39.20693114,0.139116636,2.949121827,0.13557105,0.085042937,293.9737124,39.85527045,38.87041333,6.977798905,66.64537167,4.678527209,7.020033187,2.299271696,-143.7898588,17.82206161,1.465997058,169.4719123,13,3,1,0,51418.03642,RECT-527-20200527-06_29_39,14901,718.7284615,3626.84,0.801830668,-0.406566687,RECT-54-20210615-14_28_28,15101.6,484.1827692,647.72,0.252481367,0.5,1264.500018,9.9329853,159.6313463,0.008176791,4.5993948,376.0103997,DARK-55-20210615-14_28_36,387.29,387.29,0.402071883,0.627950815,0.919609205,-2.303066807,1.024417379,0.502287745,0.497712255,1500.017667,1264.500018,0.842990083,0.195980167,6,0.5,0: Broadleaf,2,1623792508,386.5406333,399.9706,46.12554,42.39392333,385.9353333,45.7339,500.0749667,101.2302667,0.200030067,38.98250667,38.87041333,999.9,0,0,9989.105333,0,1915.596,1500.017667,0.899997167,0.100002967,0,484.4890333,4.99938,10276.51,11964.78333,48.04753333,50.6061,48.562,50.1436,50.4246,1345.513,149.506,0,200.3999999,0,484.1827692,-27.06885469,-649.5042729,10269.12308,15,1623791247,14:07:26,1623791239,1623791247,1,0.193,0.142,0.614,0.392,400,38,0.15,0.02,9.952780403,-0.887514616,0.067779789,0,-13.43955667,1.089079422,0.080058827,0,3.733838333,-0.280082136,0.020309543,1,1,3,1/3,100,100,0.606,0.3916,0.480075348,-8.36417E-05,1.28013E-06,-5.74726E-10,0.391645,0,0,0,2,2145,1,27,21.3,21.2,18,500.871,511.306,38.0025,37.0678,30.0005,36.8193,36.7809,20.8357,0,100,-999.9,400,44.2725,98.8068,98.4849
7,1623792760,1740.4,20210615 14:32:39,14:32:39,15,B2R1,_NW,_5.10,_1,1623792752,0.001323374,1.323373611,6.23941872,391.8473226,152.4451142,15.46309587,39.74658516,0.044422652,2.95104461,0.044054474,0.027566871,293.9736166,40.65084427,39.88129032,7.366766143,63.04725494,4.497950547,7.134252794,2.868815596,-58.36077624,-95.2255437,-7.877370576,132.5099261,29,6,1,0,51422.51576,RECT-527-20200527-06_29_39,14901,718.7284615,3626.84,0.801830668,-0.406566687,RECT-56-20210615-14_32_32,15091.8,525.9154231,659.19,0.202179306,0.5,1264.500747,6.23941872,127.8279419,0.005255818,4.501964532,379.8472455,DARK-57-20210615-14_32_40,429.65,429.65,0.348215234,0.580615914,0.928205706,-2.238461886,1.020473239,0.474337919,0.525662081,1500.01871,1264.500747,0.842989983,0.195979967,6,0.5,0: Broadleaf,2,1623792752,391.8473226,399.9559355,44.34368065,42.82623226,391.2384839,43.95203226,500.0593226,101.2338065,0.200050226,39.28275161,39.88129032,999.9,0,0,9999.670645,0,1550.725871,1500.01871,0.900001032,0.099999148,0,525.9457097,4.99938,11173.89032,11964.8,47.87093548,50.23374194,48.375,49.87296774,50.22764516,1345.517742,149.5009677,0,242.3999999,0,525.9154231,-11.53733333,-266.8136754,11172.84231,15,1623791247,14:07:26,1623791239,1623791247,1,0.193,0.142,0.614,0.392,400,38,0.15,0.02,6.238830382,0.189382682,0.022995929,1,-8.107977333,-0.318625495,0.031818532,1,1.517035333,0.145713904,0.010789672,1,3,3,3/3,100,100,0.609,0.3916,0.480075348,-8.36417E-05,1.28013E-06,-5.74726E-10,0.391645,0,0,0,2,2145,1,27,25.3,25.2,18,481.475,508.5,38.2959,37.3151,30.0007,37.051,37.0094,20.8636,0,100,-999.9,400,45.9804,98.7722,98.4603
8,1623793059,2039.9,20210615 14:37:39,14:37:39,15,B2R1,_NW,_5.10,_2,1623793051,0.002377775,2.377774843,10.91072503,385.8155667,181.1134939,18.36999593,39.13253638,0.091888551,2.95141519,0.090328319,0.056593173,293.969007,40.29967535,39.41807333,7.186256621,65.77800799,4.672376294,7.103249912,2.513880327,-104.8598706,-34.43338334,-2.840650379,151.8351028,20,4,1,0,51446.13449,RECT-527-20200527-06_29_39,14901,718.7284615,3626.84,0.801830668,-0.406566687,RECT-58-20210615-14_37_32,15097.6,474.1294231,663.74,0.285669956,0.5,1264.480282,10.91072503,180.6120136,0.008950153,4.464248049,381.3536433,DARK-59-20210615-14_37_39,395.17,395.17,0.404631332,0.706000584,0.916894361,-3.448188431,1.018908649,0.588426361,0.411573639,1499.994333,1264.480282,0.842990039,0.195980078,6,0.5,0: Broadleaf,2,1623793051,385.8155667,400.0068,46.0659,43.34449,385.2106333,45.67426667,500.0879333,101.2281,0.199990933,39.20167,39.41807333,999.9,0,0,10002.339,0,272.2829333,1499.994333,0.899997433,0.10000252,0,474.1255,4.99938,9987.676333,11964.58,47.4958,49.75,48,49.42873333,49.88326667,1345.493,149.5013333,0,298.4000001,0,474.1294231,-3.422871798,-122.6099145,9987.380769,15,1623791247,14:07:26,1623791239,1623791247,1,0.193,0.142,0.614,0.392,400,38,0.15,0.02,10.91448956,-0.139996466,0.02743309,1,-14.19123,-0.14618109,0.031358424,1,2.721428667,0.600811034,0.043573342,1,3,3,3/3,100,100,0.605,0.3916,0.480075348,-8.36417E-05,1.28013E-06,-5.74726E-10,0.391645,0,0,0,2,2145,1,27,30.3,30.2,18,492.922,506.527,38.3773,37.4893,30.0002,37.2264,37.1781,20.8986,0,100,-999.9,400,44.2393,98.7387,98.4364
9,1623793402,2382.9,20210615 14:43:22,14:43:22,15,B2R1,_NW,_5.10,_3,1623793394,0.000930099,0.930099393,5.313146955,393.1832903,123.0049299,12.47539622,39.87740439,0.033061328,2.950830845,0.032856912,0.02055383,293.9705566,40.83462743,39.75009032,7.315244663,64.37307152,4.613067105,7.166144159,2.702177558,-41.01738323,-61.12874181,-5.055966925,186.7684646,20,4,1,0,51402.60533,RECT-527-20200527-06_29_39,14901,718.7284615,3626.84,0.801830668,-0.406566687,RECT-60-20210615-14_43_14,15094.9,449.8116923,603.29,0.254402207,0.5,1264.490565,5.313146955,160.8445955,0.004523334,5.011768801,360.5940589,DARK-61-20210615-14_43_22,378.71,378.71,0.372258781,0.683401495,0.930858679,-1.329524888,1.039695335,0.575376284,0.424623716,1500.007097,1264.490565,0.842989722,0.195979444,6,0.5,0: Broadleaf,2,1623793394,393.1832903,399.9966129,45.48392581,44.41877419,392.4875161,44.97917742,500.0949032,101.2219032,0.200017226,39.36583871,39.75009032,999.9,0,0,9999.632581,0,1758.703548,1500.007097,0.900008839,0.099990987,0,449.8090323,4.99938,9465.244194,11964.72581,47.625,49.70732258,48,49.625,50.018,1345.520645,149.4867742,0,342.0999999,0,449.8116923,-2.670017096,1.062563766,9465.238462,15,1623793272,14:41:11,1623793267,1623793272,2,0.086,0.113,0.7,0.505,400,44,0.25,0.1,5.313019356,0.237823476,0.028767286,1,-6.814505667,-0.535961646,0.047426323,1,1.0677317,0.61709988,0.044552826,1,3,3,3/3,100,100,0.696,0.5048,0.566228828,-8.36417E-05,1.28013E-06,-5.74726E-10,0.50474,0,0,0,2,2145,1,27,2.3,2.2,18,492.743,504.517,38.5711,37.6175,30.0001,37.3386,37.2867,20.9411,0,100,-999.9,400,45.933,98.7204,98.4264
10,1623793790,2770.9,20210615 14:49:50,14:49:50,15,B2R2,_NW,_5.4,_1,1623793782,0.002753382,2.753381872,12.0115112,384.3218333,198.207432,20.09818223,38.9701343,0.112144642,2.950307519,0.109829197,0.0688473,293.9662037,40.64919718,39.61416333,7.262196653,66.97126456,4.872241661,7.275122686,2.389954992,-121.4241405,5.280691701,0.437149382,178.2599042,17,3,1,0,51341.22221,RECT-527-20200527-06_29_39,14901,718.7284615,3626.84,0.801830668,-0.406566687,RECT-62-20210615-14_49_42,15114.9,515.2318462,780.8,0.340123148,0.5,1264.468202,12.0115112,215.0374526,0.009820791,3.645030738,417.2992871,DARK-63-20210615-14_49_50,428.66,428.66,0.450998975,0.754155034,0.889893627,4.278420681,0.978655723,0.627438113,0.372561887,1499.98,1264.468202,0.842990041,0.195980082,6,0.5,0: Broadleaf,2,1623793782,384.3218333,400.0023,48.04984333,44.90518,383.6318333,47.54507667,500.1010333,101.1997333,0.2000075,39.64736333,39.61416333,999.9,0,0,9998.851,0,1927.912,1499.98,0.899996633,0.100003353,0,515.4050667,4.99938,10796.76667,11964.45667,47.875,50.13533333,48.3624,49.87913333,50.312,1345.48,149.5,0,387.1999998,0,515.2318462,-40.62632479,-842.2529915,10792.71154,15,1623793272,14:41:11,1623793267,1623793272,2,0.086,0.113,0.7,0.505,400,44,0.25,0.1,12.01780892,-0.667033888,0.054044773,0,-15.68048667,0.760327475,0.06018231,1,3.144651667,0.208705762,0.015597356,1,2,3,2/3,100,100,0.69,0.5047,0.566228828,-8.36417E-05,1.28013E-06,-5.74726E-10,0.50474,0,0,0,2,2145,1,27,8.7,8.6,18,496.081,502.841,38.8125,37.7454,30.0003,37.4503,37.3958,20.9784,0,100,-999.9,400,45.4214,98.6753,98.386
11,1623794018,2998.4,20210615 14:53:37,14:53:37,15,B2R2,_NW,_5.4,_2,1623794010,0.002717599,2.717598972,12.22371135,384.0754839,197.1490814,19.99024626,38.94394766,0.113422957,2.950718738,0.111055348,0.069618196,293.9716779,40.39155712,39.50297742,7.219052595,68.12709291,4.885918087,7.171769524,2.333134508,-119.8461146,-19.4897615,-1.610263658,153.0255381,17,3,1,0,51396.5355,RECT-527-20200527-06_29_39,14901,718.7284615,3626.84,0.801830668,-0.406566687,RECT-64-20210615-14_53_30,15167.8,470.91556,722.76,0.348448226,0.5,1264.490886,12.22371135,220.3048031,0.009988429,4.01804195,400.1265886,DARK-65-20210615-14_53_38,379.03,379.03,0.475579722,0.732681,0.894165607,62.46856936,0.998613692,0.58971948,0.41028052,1500.006774,1264.490886,0.842990117,0.195980234,6,0.5,0: Broadleaf,2,1623794010,384.0754839,399.9939032,48.1862129,45.08273226,383.3855161,47.68146452,500.0800968,101.1966129,0.199985677,39.38046129,39.50297742,999.9,0,0,10001.49484,0,1794.604516,1500.006774,0.899995968,0.100003874,0,471.1282903,4.99938,9875.393226,11964.69677,47.875,50.125,48.37093548,49.792,50.2256129,1345.500323,149.5064516,0,227,0,470.91556,-12.38423075,-227.7992294,9870.4176,15,1623793272,14:41:11,1623793267,1623793272,2,0.086,0.113,0.7,0.505,400,44,0.25,0.1,12.22809441,-0.302049624,0.039352106,1,-15.91903,0.335410011,0.047263461,1,3.102899,-0.002067631,0.004986807,1,3,3,3/3,100,100,0.69,0.5047,0.566228828,-8.36417E-05,1.28013E-06,-5.74726E-10,0.50474,0,0,0,2,2145,1,27,12.5,12.4,18,495.982,503.408,38.6452,37.7751,30,37.4869,37.4348,21.0029,0,100,-999.9,400,47.8659,98.6716,98.3842
12,1623794297,3277.5,20210615 14:58:16,14:58:16,15,B2R2,_NW,_5.4,_3,1623794289,0.00181099,1.81099046,9.399271966,387.9064,169.9795148,17.23123009,39.32299983,0.073579886,2.948562395,0.072574841,0.045448431,293.9677304,40.88090231,39.48478333,7.212013847,66.46446273,4.832704442,7.271110369,2.379309405,-79.86467929,24.20686978,2.003750246,240.3136711,50,10,1,0,51293.54911,RECT-527-20200527-06_29_39,14901,718.7284615,3626.84,0.801830668,-0.406566687,RECT-66-20210615-14_58_09,15157,416.1132692,590.56,0.295392053,0.5,1264.475422,9.399271966,186.7579954,0.007754867,5.141357356,356.0071977,DARK-67-20210615-14_58_17,339.97,339.97,0.424326063,0.696144023,0.923760295,-1.361073767,1.044072746,0.5687588,0.4312412,1499.988667,1264.475422,0.842989984,0.195979968,6,0.5,0: Broadleaf,2,1623794289,387.9064,400.0269,47.67278667,45.60347667,387.2140333,47.16805333,500.0668333,101.1723333,0.200059167,39.63706333,39.48478333,999.9,0,0,9991.649333,0,1799.963,1499.988667,0.9000004,0.099999403,0,416.1221,4.99938,8770.295333,11964.55667,48.125,50.5641,48.687,50.062,50.562,1345.490667,149.498,0,278,0,416.1132692,-13.06020511,-278.8994867,8769.808077,15,1623793272,14:41:11,1623793267,1623793272,2,0.086,0.113,0.7,0.505,400,44,0.25,0.1,9.416584713,-0.951493482,0.071969991,0,-12.12667419,0.670920968,0.05219513,1,2.05488871,1.142740161,0.085271114,0,1,3,1/3,100,100,0.692,0.5047,0.566228828,-8.36417E-05,1.28013E-06,-5.74726E-10,0.50474,0,0,0,2,2145,1,27,17.2,17.1,18,456.019,501.679,38.8888,38.1263,30.0002,37.8245,37.7584,21.0144,0,100,-999.9,400,48.0275,98.6017,98.3233
13,1623794694,3674.5,20210615 15:04:53,15:04:53,15,B3R2,_NE,_5.7,_1,1623794686,0.002194567,2.194566912,10.15035731,386.8169032,186.8041729,18.93578426,39.21048077,0.087447496,2.94974275,0.086032395,0.053895481,293.9677295,40.62404065,39.66188387,7.280782355,67.2673745,4.849766923,7.209686656,2.431015432,-96.78040083,-29.12083579,-2.409762089,165.6567308,14,3,1,0,51352.44446,RECT-527-20200527-06_29_39,14901,718.7284615,3626.84,0.801830668,-0.406566687,RECT-68-20210615-15_04_46,15193,452.9062,627.12,0.277799783,0.5,1264.474492,10.15035731,175.6353699,0.008348863,4.783326955,368.9744073,DARK-69-20210615-15_04_54,369.23,369.23,0.411229111,0.675535306,0.9208346,-1.901721709,1.031501014,0.550727504,0.449272496,1499.987419,1264.474492,0.842990065,0.19598013,6,0.5,0: Broadleaf,2,1623794686,386.8169032,400.0118065,47.84363226,45.33694516,386.1253548,47.3388871,500.1591613,101.1670968,0.199933581,39.47876452,39.66188387,999.9,0,0,9998.86871,0,1382.664871,1499.987419,0.899996806,0.100003339,0,453.011129,4.99938,9613.461613,11964.52581,47.772,49.625,48.26,49.47967742,50.187,1345.485484,149.5019355,0,396.3,0,452.9062,-8.105923087,-206.4738464,9610.3456,15,1623793272,14:41:11,1623793267,1623793272,2,0.086,0.113,0.7,0.505,400,44,0.25,0.1,10.15203477,-0.32753405,0.031875734,1,-13.19472581,0.253766129,0.028896154,1,2.502774194,0.474118065,0.035367325,1,3,3,3/3,100,100,0.692,0.5047,0.566228828,-8.36417E-05,1.28013E-06,-5.74726E-10,0.50474,0,0,0,2,2145,1,27,23.8,23.7,18,499.639,498.989,38.6436,38.0063,30,37.7602,37.7119,21.0309,0,100,-999.9,400,47.6633,98.6313,98.3532
14,1623794979,3959.5,20210615 15:09:38,15:09:38,15,B3R2,_NE,_5.7,_2,1623794971,0.002188533,2.188532557,12.0738335,384.5065667,180.9743713,18.34610171,38.97898101,0.101407673,2.951082202,0.09951082,0.062361732,293.9690744,40.2467366,38.72771,6.924350439,68.28488364,4.824030982,7.064566454,2.100319457,-96.51428576,59.24200819,4.869271298,261.5660682,31,6,1,0,51452.42427,RECT-527-20200527-06_29_39,14901,718.7284615,3626.84,0.801830668,-0.406566687,RECT-70-20210615-15_09_31,15152.3,477.2428077,723.5,0.340369305,0.5,1264.482054,12.0738335,215.1954391,0.00986997,4.012909468,400.3532826,DARK-71-20210615-15_09_39,382.79,382.79,0.470919143,0.722776532,0.894973875,51.60960019,0.998359231,0.579729279,0.420270721,1499.996667,1264.482054,0.842989909,0.195979818,6,0.5,0: Broadleaf,2,1623794971,384.5065667,400.0016333,47.58645667,45.08573,383.8164333,47.08172333,500.1077667,101.1740333,0.1999987,39.10007,38.72771,999.9,0,0,10005.792,0,465.2930667,1499.996667,0.900003,0.0999971,0,477.3946,4.99938,9941.711,11964.61,47.3435,49.1498,47.781,48.9184,49.7416,1345.504,149.4953333,0,284.3000002,0,477.2428077,-22.05193163,-491.9114531,9940.297308,15,1623793272,14:41:11,1623793267,1623793272,2,0.086,0.113,0.7,0.505,400,44,0.25,0.1,12.07462365,0.087819195,0.012085264,1,-15.49184194,-0.462890323,0.036671073,1,2.489643226,0.890074839,0.06670499,1,3,3,3/3,100,100,0.691,0.5048,0.566228828,-8.36417E-05,1.28013E-06,-5.74726E-10,0.50474,0,0,0,2,2145,1,27,28.5,28.5,18,478.571,501.038,38.4299,37.7044,29.9995,37.5247,37.4714,21.044,0,100,-999.9,400,47.7135,98.6799,98.4116
15,1623795159,4140,20210615 15:12:39,15:12:39,15,B3R2,_NE,_5.7,_3,1623795151,0.000849897,0.849897424,4.319289595,394.4270323,167.8775744,17.01686046,39.98097897,0.032360304,2.951258769,0.032164466,0.020120287,293.9680979,40.85808623,39.41156129,7.183746551,65.04269179,4.661838223,7.167351311,2.521908329,-37.48047641,-6.77544573,-0.559415227,249.1527606,14,3,1,0,51412.89565,RECT-527-20200527-06_29_39,14901,718.7284615,3626.84,0.801830668,-0.406566687,RECT-72-20210615-15_12_32,15129,440.06584,576.02,0.236023333,0.5,1264.478041,4.319289595,149.2231606,0.003737397,5.296378598,350.6711267,DARK-73-20210615-15_12_40,373.3,373.3,0.351932225,0.670649961,0.937692483,-0.95267063,1.049072554,0.568900395,0.431099605,1499.991935,1264.478041,0.842989893,0.195979786,6,0.5,0: Broadleaf,2,1623795151,394.4270323,400.0107742,45.99074516,45.01806452,393.6695484,45.44384516,500.1497742,101.1654839,0.199219097,39.36897742,39.41156129,999.9,0,0,10007.64097,0,976.7521613,1499.991935,0.900003645,0.099996445,0,440.3387097,4.99938,9492.58871,11964.5871,47.312,49.183,47.75,49.008,49.69716129,1345.499032,149.493871,0,179.4000001,0,440.06584,-29.17569226,-1195.516919,9479.6792,15,1623795142,15:12:21,1623795136,1623795142,3,0.061,0.032,0.761,0.537,400,45,0.14,0.14,4.294756868,16.16856174,1.584314389,0,-5.583726971,-20.08381899,2.03991924,0,0.972674419,4.457012976,0.41206696,0,0,3,0/3,100,100,0.757,0.5372,0.627011472,-8.36417E-05,1.28013E-06,-5.74726E-10,0.537147619,0,0,0,2,2145,1,27,0.4,0.3,18,499.718,499.964,38.3519,37.5676,30.0004,37.4013,37.3641,21.0473,0,100,-999.9,400,47.3607,98.7053,98.4247
16,1623795415,4396,20210615 15:16:55,15:16:55,15,B1R3,_NE,_5.14,_1,1623795407,0.001714267,1.714267247,7.956930661,389.6251,173.2610278,17.55392639,39.47483407,0.063043206,2.948138753,0.062303732,0.039005548,293.9736704,40.48819143,39.845,7.352483772,66.54244484,4.731073902,7.109858847,2.621409871,-75.59918557,-99.49965414,-8.235097147,110.6397335,25,5,1,0,51349.19069,RECT-527-20200527-06_29_39,14901,718.7284615,3626.84,0.801830668,-0.406566687,RECT-74-20210615-15_16_48,15121.2,480.76908,689.79,0.303021093,0.5,1264.500742,7.956930661,191.5851987,0.006614071,4.257890082,389.8117999,DARK-75-20210615-15_16_55,401.25,401.25,0.418301222,0.724408817,0.910546598,-7.222945136,1.009950946,0.604591788,0.395408212,1500.018667,1264.500742,0.842990004,0.195980008,6,0.5,0: Broadleaf,2,1623795407,389.6251,399.9729,46.69671667,44.73604,388.8707333,46.15957333,500.0977333,101.1149333,0.199982133,39.21898,39.845,999.9,0,0,9994.915333,0,883.5811667,1500.018667,0.900000333,0.099999717,0,480.9035667,4.99938,10112.00667,11964.78667,47.2458,48.8162,47.6374,48.812,49.6103,1345.516667,149.502,0,255,0,480.76908,-16.80338464,-340.7384621,10108.304,15,1623795142,15:12:21,1623795136,1623795142,3,0.061,0.032,0.761,0.537,400,45,0.14,0.14,7.958580062,-0.579032446,0.056346711,0,-10.34894839,0.647782258,0.068099391,1,1.960867097,-0.085705645,0.008399103,1,2,3,2/3,100,100,0.754,0.5372,0.627011472,-8.36417E-05,1.28013E-06,-5.74726E-10,0.537147619,0,0,0,2,2145,1,27,4.7,4.6,18,486.597,498.778,38.3085,37.6485,30.0002,37.4442,37.406,21.056,0,100,-999.9,400,46.186,98.6774,98.4039
17,1623795630,4610.5,20210615 15:20:29,15:20:29,15,B1R3,_NE,_5.14,_2,1623795622,0.002930728,2.930728155,12.58271048,383.5753871,212.3654736,21.51343348,38.85765156,0.128347486,2.950430408,0.125324467,0.078593468,293.9674192,40.31622709,39.20659677,7.105130405,68.06791895,4.876220764,7.163757669,2.228909641,-129.2451117,24.34237563,2.008326526,191.0730097,7,1,1,0,51389.95921,RECT-527-20200527-06_29_39,14901,718.7284615,3626.84,0.801830668,-0.406566687,RECT-76-20210615-15_20_22,15146.7,501.26256,759.25,0.339792479,0.5,1264.473135,12.58271048,214.8292309,0.010272482,3.776871913,411.0636705,DARK-77-20210615-15_20_30,408.21,408.21,0.462351004,0.7349232,0.890934963,6.366674361,0.98606603,0.598494728,0.401505272,1499.985806,1264.473135,0.842990067,0.195980134,6,0.5,0: Broadleaf,2,1623795622,383.5753871,400.0206774,48.13461935,44.78762903,382.825129,47.59745806,500.0896452,101.1038387,0.199980226,39.35963226,39.20659677,999.9,0,0,10009.03323,0,1472.155323,1499.985806,0.899996839,0.100003458,0,501.7017742,4.99938,10490.31613,11964.52258,47.5,49.417,47.875,49.171,49.875,1345.484516,149.5019355,0,213.8,0,501.26256,-27.17600003,-540.6923085,10481.472,15,1623795142,15:12:21,1623795136,1623795142,3,0.061,0.032,0.761,0.537,400,45,0.14,0.14,12.58753216,-0.247653887,0.029690285,1,-16.44620968,0.076204839,0.028782694,1,3.342026129,0.582173226,0.043471628,1,3,3,3/3,100,100,0.751,0.5372,0.627011472,-8.36417E-05,1.28013E-06,-5.74726E-10,0.537147619,0,0,0,2,2145,1,27,8.2,8.1,18,508.975,499.515,38.4332,37.7969,30.0003,37.5644,37.5197,21.0601,0,100,-999.9,400,46.6123,98.6301,98.3667
18,1623795787,4767.5,20210615 15:23:06,15:23:06,15,B1R3,_NE,_5.14,_3,1623795779,0.002634855,2.634855294,11.17614696,385.377871,188.0734584,19.05285985,39.04086535,0.098289826,2.94789882,0.096504827,0.060473192,293.9682102,40.61583596,40.07760645,7.444445736,66.84553021,4.846306963,7.250009011,2.598138773,-116.1971185,-78.63611423,-6.527501921,92.60747554,27,5,1,0,51282.51849,RECT-527-20200527-06_29_39,14901,718.7284615,3626.84,0.801830668,-0.406566687,RECT-78-20210615-15_22_59,15134,472.1793462,680.5,0.306128808,0.5,1264.477376,11.17614696,193.5464759,0.00916008,4.329669361,386.8274963,DARK-79-20210615-15_23_07,385.19,385.19,0.433960323,0.705430408,0.908901331,-5.449360122,1.013145459,0.575469345,0.424530655,1499.990968,1264.477376,0.842989993,0.195979987,6,0.5,0: Broadleaf,2,1623795779,385.377871,400.0048387,47.83857742,44.82860645,384.6263548,47.30141935,500.0993548,101.1053871,0.200028419,39.5828129,40.07760645,999.9,0,0,9994.496452,0,92.68481613,1499.990968,0.900000935,0.099999035,0,472.2054839,4.99938,9945.530645,11964.57419,47.687,49.754,48.125,49.49796774,50.06606452,1345.492258,149.4987097,0,156.0999999,0,472.1793462,-10.34123077,-235.3230766,9944.456923,15,1623795142,15:12:21,1623795136,1623795142,3,0.061,0.032,0.761,0.537,400,45,0.14,0.14,11.1790787,-0.293678898,0.03157644,1,-14.62606129,0.04785,0.027806876,1,3.00375129,0.738155323,0.05547689,1,3,3,3/3,100,100,0.751,0.5372,0.627011472,-8.36417E-05,1.28013E-06,-5.74726E-10,0.537147619,0,0,0,2,2145,1,27,10.8,10.8,18,483.621,499.005,38.6318,37.9414,30.0011,37.6945,37.6512,21.0622,0,100,-999.9,400,47.9412,98.6199,98.3516
19,1623796180,5160.9,20210615 15:29:40,15:29:40,15,B3R3,_NE,_5.12,_1,1623796172,0.001237407,1.237406836,5.314869886,393.0433871,197.0948991,19.96175929,39.80741013,0.046729123,2.946656155,0.046321308,0.028987161,293.9711534,41.00893654,39.55614839,7.239657,64.61841206,4.693498255,7.263406984,2.546158746,-54.56964146,9.710453352,0.804512491,249.9164778,19,4,1,0,51241.61577,RECT-527-20200527-06_29_39,14901,718.7284615,3626.84,0.801830668,-0.406566687,RECT-80-20210615-15_29_33,15160.4,459.0691923,584.01,0.213936076,0.5,1264.489182,5.314869886,135.2599268,0.004524702,5.210236126,353.6163709,DARK-81-20210615-15_29_41,385.66,385.66,0.339634595,0.629900719,0.938803152,-0.927421574,1.046325067,0.529174067,0.470825933,1500.004839,1264.489182,0.842990068,0.195980137,6,0.5,0: Broadleaf,2,1623796172,393.0433871,400.0035484,46.34183548,44.92602581,392.2869032,45.80469032,500.0939677,101.0799032,0.200035419,39.61727419,39.55614839,999.9,0,0,9989.959355,0,643.2191935,1500.004839,0.89999671,0.100003194,0,459.1945484,4.99938,9708.905161,11964.66774,47.98780645,49.562,48.375,49.635,50.312,1345.50129,149.503871,0,392.4000001,0,459.0691923,-25.88837603,-619.2902559,9707.365385,15,1623795142,15:12:21,1623795136,1623795142,3,0.061,0.032,0.761,0.537,400,45,0.14,0.14,5.329886151,-0.753703206,0.059973606,0,-6.965545333,0.957839199,0.074075856,1,1.415504333,0.056888543,0.004464316,1,2,3,2/3,100,100,0.756,0.5372,0.627011472,-8.36417E-05,1.28013E-06,-5.74726E-10,0.537147619,0,0,0,2,2145,1,27,17.4,17.3,18,493.911,498.226,38.7043,38.13,29.9996,37.9071,37.8586,21.0676,0,100,-999.9,400,47.6729,98.5878,98.331
20,1623796377,5357.9,20210615 15:32:57,15:32:57,15,B3R3,_NE,_5.12,_2,1623796369,0.00142064,1.420639812,6.546246922,391.4818667,171.2189135,17.34047432,39.64796364,0.050869596,2.947625597,0.050386871,0.031534783,293.9736837,40.83641914,39.98097,7.406119759,65.44362828,4.721630196,7.214805047,2.684489563,-62.6502157,-77.70339192,-6.44487922,147.1751969,36,7,1,0,51289.18778,RECT-527-20200527-06_29_39,14901,718.7284615,3626.84,0.801830668,-0.406566687,RECT-82-20210615-15_32_50,15112.7,420.43676,540.29,0.221831313,0.5,1264.501742,6.546246922,140.2530407,0.005498461,5.712765367,337.0996581,DARK-83-20210615-15_32_57,360.43,360.43,0.332895297,0.666369621,0.94493649,-0.671678286,1.061358878,0.571262138,0.428737862,1500.02,1264.501742,0.842989921,0.195979843,6,0.5,0: Broadleaf,2,1623796369,391.4818667,400.0033,46.62112333,44.99611,390.7263,46.08397667,500.085,101.0766,0.200028667,39.492,39.98097,999.9,0,0,9995.791,0,37.60341667,1500.02,0.900003267,0.099996627,0,420.5596333,4.99938,9001.905667,11964.81333,47.812,49.312,48.187,49.312,50.187,1345.522,149.498,0,196.3000002,0,420.43676,-9.730230753,-235.8776919,8999.3712,15,1623795142,15:12:21,1623795136,1623795142,3,0.061,0.032,0.761,0.537,400,45,0.14,0.14,6.550104944,-0.321029563,0.031516066,1,-8.522325,0.173493838,0.028117929,1,1.621777,0.412060245,0.02987114,1,3,3,3/3,100,100,0.755,0.5372,0.627011472,-8.36417E-05,1.28013E-06,-5.74726E-10,0.537147619,0,0,0,2,2145,1,27,20.7,20.6,18,472.975,499.277,38.6153,37.9773,29.9999,37.7888,37.7441,21.0723,0,100,-999.9,400,46.2895,98.6258,98.3685
21,1623796513,5493.4,20210615 15:35:12,15:35:12,15,B3R3,_NE,_5.12,_3,1623796505,0.001732927,1.732926631,8.982037356,388.4168065,154.8370071,15.68069371,39.33584799,0.065433587,2.947773351,0.064637258,0.040469025,293.9655476,40.74201234,39.82405484,7.344251552,66.46739155,4.791823757,7.209285103,2.552427795,-76.42206442,-55.03873341,-4.561048528,157.9437012,50,10,1,0,51295.57155,RECT-527-20200527-06_29_39,14901,718.7284615,3626.84,0.801830668,-0.406566687,RECT-84-20210615-15_35_05,15122.5,476.16236,648.71,0.265985787,0.5,1264.467153,8.982037356,168.1651455,0.007424949,4.590849532,376.3438123,DARK-85-20210615-15_35_13,397.19,397.19,0.387723328,0.686019561,0.922121592,-2.464316356,1.024076952,0.572242017,0.427757983,1499.979032,1264.467153,0.842989886,0.195979771,6,0.5,0: Broadleaf,2,1623796505,388.4168065,400.002,47.31625161,45.3353,387.6633871,46.77909677,500.0418065,101.0722581,0.200002387,39.47772581,39.82405484,999.9,0,0,9997.059677,0,123.1822871,1499.979032,0.900004935,0.099994935,0,476.7447097,4.99938,10120.82581,11964.48065,47.687,49.25,48.06606452,49.183,50.054,1345.488065,149.4922581,0,134.8000002,0,476.16236,-33.01323073,-731.6999989,10107.708,15,1623795142,15:12:21,1623795136,1623795142,3,0.061,0.032,0.761,0.537,400,45,0.14,0.14,8.985914828,-0.945927799,0.083307644,0,-11.5775,0.75891257,0.077008194,1,1.983221333,0.602814861,0.044177011,1,2,3,2/3,100,100,0.754,0.5371,0.627011472,-8.36417E-05,1.28013E-06,-5.74726E-10,0.537147619,0,0,0,2,2145,1,27,22.9,22.8,18,455.471,499.557,38.6588,37.9447,29.9997,37.7538,37.7048,21.0809,0,100,-999.9,400,46.5358,98.62,98.3615
22,1623797046,6026.4,20210615 15:44:05,15:44:05,15,B1R4,_NE,_5.14,_1,1623797038,0.001616044,1.616043891,8.200261198,389.3814667,164.996802,16.70868386,39.43138139,0.062285748,2.950775244,0.061564464,0.038541899,293.9698937,40.33075888,39.49297667,7.215182866,66.94640252,4.713532087,7.040754858,2.501650778,-71.26753559,-72.49163514,-5.979070691,144.2316523,26,5,1,0,51451.92986,RECT-527-20200527-06_29_39,14901,718.7284615,3626.84,0.801830668,-0.406566687,RECT-86-20210615-15_43_58,15159.6,441.32052,613.89,0.281108146,0.5,1264.481222,8.200261198,177.7279862,0.006806608,4.907963967,364.3544396,DARK-87-20210615-15_44_06,358.48,358.48,0.416051736,0.675656709,0.921853774,-1.646051244,1.036050358,0.548828813,0.451171187,1499.995,1264.481222,0.842990291,0.195980582,6,0.5,0: Broadleaf,2,1623797038,389.3814667,399.9748333,46.54572,44.69709,388.6502667,46.01677,500.0970333,101.0667333,0.199980067,39.03729,39.49297667,999.9,0,0,10014.669,0,596.1559133,1499.995,0.899988667,0.100011277,0,441.4011,4.99938,9232.872667,11964.56,47.2206,48.625,47.562,48.7395,49.562,1345.481,149.514,0,531.9000001,0,441.32052,-14.5173846,-318.3176916,9230.9128,15,1623797025,15:43:44,1623797020,1623797025,4,-0.023,-0.008,0.738,0.529,400,45,0.16,0.07,8.174839159,0.419956069,0.147365804,1,-10.59332333,0.165252948,0.042706242,1,1.848624667,0.267543137,0.030684816,1,3,3,3/3,100,100,0.731,0.5289,0.604138109,-8.36417E-05,1.28013E-06,-5.74726E-10,0.528955,0,0,0,2,2145,1,27,0.4,0.3,18,485.311,499.797,38.11,37.6839,29.9999,37.5089,37.4599,21.0916,0,100,-999.9,400,47.2136,98.649,98.3869
23,1623797168,6148.4,20210615 15:46:07,15:46:07,15,B1R4,_NE,_5.14,_2,1623797160,0.001807149,1.80714946,9.894526266,387.2791935,139.3957852,14.1159456,39.21791482,0.067667301,2.949338581,0.066816502,0.041835864,293.9761631,40.50744029,39.76336774,7.320444383,66.5787285,4.744739343,7.126509397,2.57570504,-79.69529118,-79.6357296,-6.587169924,128.0579724,11,2,1,0,51374.57194,RECT-527-20200527-06_29_39,14901,718.7284615,3626.84,0.801830668,-0.406566687,RECT-88-20210615-15_46_00,15200.9,435.90684,612.55,0.288373455,0.5,1264.50947,9.894526266,182.3254826,0.008146315,4.920888091,363.881988,DARK-89-20210615-15_46_08,347.99,347.99,0.431899437,0.667686574,0.919313174,-1.663643996,1.036511138,0.533022723,0.466977277,1500.02871,1264.50947,0.842990179,0.195980358,6,0.5,0: Broadleaf,2,1623797160,387.2791935,399.9897097,46.85457742,44.78805484,386.5493548,46.32560645,500.1086129,101.0651935,0.200031839,39.26252903,39.76336774,999.9,0,0,10006.6529,0,1203.168742,1500.02871,0.89999629,0.100003665,0,436.3201613,4.99938,9167.293871,11964.85806,47.312,48.796,47.635,48.812,49.635,1345.51871,149.5119355,0,121.4000001,0,435.90684,-22.20623075,-406.8107686,9158.7896,15,1623797025,15:43:44,1623797020,1623797025,4,-0.023,-0.008,0.738,0.529,400,45,0.16,0.07,9.896364574,-0.980819944,0.074648797,0,-12.70792333,0.426332369,0.043271243,1,2.074026333,1.63225762,0.11788082,0,1,3,1/3,100,100,0.73,0.529,0.604138109,-8.36417E-05,1.28013E-06,-5.74726E-10,0.528955,0,0,0,2,2145,1,27,2.5,2.4,18,503.154,499.375,38.2725,37.7351,30.0009,37.5411,37.5099,21.0886,0,100,-999.9,400,46.4756,98.6456,98.3784
24,1623797301,6281.9,20210615 15:48:21,15:48:21,15,B1R4,_NE,_5.14,_3,1623797293,0.002034521,2.034521294,10.81249511,386.0936129,145.810485,14.76502185,39.0965069,0.076533449,2.949993635,0.075447259,0.047250842,293.9708553,40.65559294,39.79121613,7.331360812,66.10825614,4.763802849,7.206063398,2.567557963,-89.72238906,-51.18319456,-4.237511092,148.8277606,104,21,1,0,51358.80883,RECT-527-20200527-06_29_39,14901,718.7284615,3626.84,0.801830668,-0.406566687,RECT-90-20210615-15_48_14,15149.3,485.3184231,701.6,0.308269066,0.5,1264.488312,10.81249511,194.9013156,0.008872412,4.169384265,393.5555291,DARK-91-20210615-15_48_22,394.06,394.06,0.438340935,0.70326324,0.904868256,-12.62702879,1.005889892,0.571022857,0.428977143,1500.003871,1264.488312,0.842990032,0.195980064,6,0.5,0: Broadleaf,2,1623797293,386.0936129,400.0088387,47.04445484,44.71828387,385.3644194,46.51548065,500.0857742,101.0616774,0.200051839,39.46939032,39.79121613,999.9,0,0,10010.72516,0,225.9152581,1500.003871,0.89999771,0.100002058,0,485.5480645,4.99938,10597.76774,11964.67097,47.45122581,49.062,47.86280645,49.062,49.81403226,1345.501935,149.5019355,0,132.8,0,485.3184231,-20.71470087,-407.6273529,10599.76538,15,1623797025,15:43:44,1623797020,1623797025,4,-0.023,-0.008,0.738,0.529,400,45,0.16,0.07,10.82017315,-0.605724667,0.05325624,0,-13.9152,0.000224249,0.031520406,1,2.319731667,1.764961335,0.128029306,0,1,3,1/3,100,100,0.729,0.529,0.604138109,-8.36417E-05,1.28013E-06,-5.74726E-10,0.528955,0,0,0,2,2145,1,27,4.7,4.6,18,391.276,501.442,38.4985,37.8977,30.0002,37.6781,37.612,21.0872,0,100,-999.9,400,46.8387,98.6212,98.383
25,1623797587,6567.4,20210615 15:53:06,15:53:06,15,B2R3,_NW,_5.14,_1,1623797579,0.00095541,0.955409753,6.43912397,391.8080323,77.41083159,7.842240087,39.69280002,0.034096435,2.950137559,0.033879014,0.021193802,293.9719476,40.9929404,40.16220323,7.478137773,66.31345837,4.794267633,7.229705327,2.68387014,-42.1335701,-100.4735838,-8.335171256,143.0296225,25,5,1,0,51353.73572,RECT-527-20200527-06_29_39,14901,718.7284615,3626.84,0.801830668,-0.406566687,RECT-92-20210615-15_52_59,15114.8,568.78776,727.99,0.2186874,0.5,1264.495827,6.43912397,138.2646521,0.005413771,3.981991511,401.7243346,DARK-93-20210615-15_53_07,476.52,476.52,0.345430569,0.633086412,0.920176363,17.18961063,0.996815274,0.530388237,0.469611763,1500.013226,1264.495827,0.842989785,0.19597957,6,0.5,0: Broadleaf,2,1623797579,391.8080323,399.9826452,47.32426452,46.23223548,391.0751613,46.7953,500.0942258,101.1067742,0.19998,39.53048387,40.16220323,999.9,0,0,10007.07806,0,287.6030968,1500.013226,0.900007065,0.099992881,0,570.4069355,4.99938,11987.96129,11964.78065,47.625,49.375,48.012,49.437,50,1345.523871,149.4906452,0,284.5999999,0,568.78776,-121.6723079,-2500.492312,11955.436,15,1623797025,15:43:44,1623797020,1623797025,4,-0.023,-0.008,0.738,0.529,400,45,0.16,0.07,6.44311766,-0.607685116,0.050608096,0,-8.171876667,0.393109321,0.041618979,1,1.096033233,0.835932414,0.060384707,1,2,3,2/3,100,100,0.733,0.5289,0.604138109,-8.36417E-05,1.28013E-06,-5.74726E-10,0.528955,0,0,0,2,2145,1,27,9.4,9.4,18,486.956,502.065,38.5974,38.0513,30.0004,37.8126,37.7686,21.0964,0,100,-999.9,400,46.959,98.5839,98.3449
26,1623797796,6777,20210615 15:56:36,15:56:36,15,B2R3,_NW,_5.14,_2,1623797788,0.002318716,2.318716161,9.288265407,387.7853871,196.0201069,19.85769922,39.28436577,0.084273316,2.948752302,0.082957814,0.051965116,293.9719102,40.97203312,40.44464839,7.591585178,67.07359771,4.935136302,7.357792739,2.656448876,-102.2553827,-93.18235897,-7.756589123,90.77757935,37,7,1,0,51261.13984,RECT-527-20200527-06_29_39,14901,718.7284615,3626.84,0.801830668,-0.406566687,RECT-94-20210615-15_56_29,15143.5,445.59132,630.57,0.293351539,0.5,1264.491002,9.288265407,185.4701908,0.007666984,4.751684983,370.1660002,DARK-95-20210615-15_56_37,364.11,364.11,0.422570056,0.694208061,0.918332194,-2.098252133,1.030314677,0.56726441,0.43273559,1500.006774,1264.491002,0.842990194,0.195980388,6,0.5,0: Broadleaf,2,1623797788,387.7853871,400.0153548,48.7159129,46.06790968,387.0551613,48.18695484,499.7934516,101.1040968,0.20030271,39.85849677,40.44464839,999.9,0,0,9999.471613,0,224.5998774,1500.006774,0.899992129,0.100007923,0,445.8688065,4.99938,9454.678065,11964.67419,47.812,49.437,48.25,49.554,50.163,1345.496452,149.5103226,0,209,0,445.59132,-15.59592304,264.2438439,9448.7756,15,1623797025,15:43:44,1623797020,1623797025,4,-0.023,-0.008,0.738,0.529,400,45,0.16,0.07,9.292823378,-0.417136823,0.036661041,1,-12.23219333,0.572524138,0.044396358,1,2.648994667,-0.105271635,0.012381793,1,3,3,3/3,100,100,0.73,0.529,0.604138109,-8.36417E-05,1.28013E-06,-5.74726E-10,0.528955,0,0,0,2,2145,1,27,12.9,12.9,18,471.947,499.769,38.8621,38.1592,30.0001,37.9179,37.867,21.0951,0,100,-999.9,400,47.3093,98.5709,98.3235
27,1623797929,6910,20210615 15:58:49,15:58:49,15,B2R3,_NW,_5.14,_3,1623797921,0.001548265,1.548265433,8.639408515,388.9228387,123.6461343,12.52517519,39.39732301,0.054984236,2.949758898,0.054421131,0.034063319,293.9654405,41.32418203,40.54438387,7.631999843,66.43285458,4.928760125,7.419160529,2.703239718,-68.27850559,-84.36147164,-7.028515198,134.2969481,15,3,1,0,51263.67865,RECT-527-20200527-06_29_39,14901,718.7284615,3626.84,0.801830668,-0.406566687,RECT-96-20210615-15_58_42,15121.4,474.7244,657.05,0.277491211,0.5,1264.465898,8.639408515,175.4390864,0.007153989,4.519884331,379.1356906,DARK-97-20210615-15_58_50,394.14,394.14,0.400136976,0.693490548,0.918671699,-2.95606595,1.021209111,0.575770625,0.424229375,1499.977419,1264.465898,0.842989955,0.195979911,6,0.5,0: Broadleaf,2,1623797921,388.9228387,400.0111935,48.65577742,46.8885,388.191871,48.12682581,500.0686452,101.0984839,0.200074839,40.0139,40.54438387,999.9,0,0,10005.74645,0,98.31743226,1499.977419,0.900000903,0.099999052,0,474.8482903,4.99938,10118.2771,11964.46129,48.09858065,49.625,48.407,49.95325806,50.48577419,1345.482258,149.4954839,0,132.2,0,474.7244,-8.735384614,-405.9192308,10116.2236,15,1623797025,15:43:44,1623797020,1623797025,4,-0.023,-0.008,0.738,0.529,400,45,0.16,0.07,8.649144939,-0.511634157,0.041245312,0,-11.09019667,0.325607119,0.031776779,1,1.764006,0.807545806,0.058346307,1,2,3,2/3,100,100,0.731,0.5289,0.604138109,-8.36417E-05,1.28013E-06,-5.74726E-10,0.528955,0,0,0,2,2145,1,27,15.2,15.1,18,498.785,504.16,38.9945,38.1775,30.0001,37.9215,37.8732,21.1023,0,100,-999.9,400,48.5667,98.5713,98.3404
28,1623798086,7066.5,20210615 16:01:25,16:01:25,15,B2R3,_NW,_5.7,_1,1623798078,0.002314652,2.314651889,12.12172727,384.3807333,167.5200835,16.96905387,38.93609193,0.095596425,2.949727418,0.093908034,0.058841733,293.9754704,40.91033563,39.9538,7.395374999,68.89219171,5.052035234,7.333247948,2.343339765,-102.0761483,-25.0900155,-2.082296201,164.7270104,30,6,1,0,51298.44663,RECT-527-20200527-06_29_39,14901,718.7284615,3626.84,0.801830668,-0.406566687,RECT-98-20210615-16_01_18,15167.9,507.1985,771.93,0.342947547,0.5,1264.507602,12.12172727,216.8298901,0.009907646,3.698405296,414.7522091,DARK-99-20210615-16_01_26,404.83,404.83,0.475561256,0.72114274,0.88606491,4.976012116,0.981705812,0.57559361,0.42440639,1500.026667,1264.507602,0.842990081,0.195980163,6,0.5,0: Broadleaf,2,1623798078,384.3807333,399.9920333,49.87416333,47.23552,383.6527333,49.34521667,500.0775667,101.0956333,0.200005467,39.79602667,39.9538,999.9,0,0,10005.84967,0,123.9885667,1500.026667,0.899996133,0.100003653,0,507.2703667,4.99938,10480.85,11964.84,48.0809,49.50413333,48.4769,49.73316667,50.51033333,1345.52,149.5066667,0,155.5,0,507.1985,-50.88311114,-1051.678633,10478.73077,15,1623797025,15:43:44,1623797020,1623797025,4,-0.023,-0.008,0.738,0.529,400,45,0.16,0.07,12.13838373,-1.372108011,0.102738857,0,-15.61129,1.424694994,0.103557077,0,2.638649333,0.42750861,0.031981204,1,1,3,1/3,100,100,0.728,0.5289,0.604138109,-8.36417E-05,1.28013E-06,-5.74726E-10,0.528955,0,0,0,2,2145,1,27,17.8,17.7,18,480.65,502.907,39.0408,38.1787,29.9999,37.9287,37.8703,21.1045,0,100,-999.9,400,48.5232,98.5762,98.3426
29,1623798279,7259.5,20210615 16:04:38,16:04:38,15,B2R3,_NW,_5.7,_2,1623798271,0.001857217,1.857217258,8.094242697,389.3726667,188.1845698,19.06206583,39.44131772,0.069404669,2.948507524,0.068509684,0.042898002,293.9677737,41.19244746,40.35076333,7.553710801,67.28189162,4.977589459,7.398111645,2.576121342,-81.90328108,-62.00073408,-5.161632864,144.9021257,4,1,1,0,51237.36381,RECT-527-20200527-06_29_39,14901,718.7284615,3626.84,0.801830668,-0.406566687,RECT-100-20210615-16_04_32,15119.9,440.30524,614.91,0.283951733,0.5,1264.476437,8.094242697,179.5251377,0.00672279,4.898163959,364.7135053,DARK-101-20210615-16_04_39,377.66,377.66,0.38582882,0.735952624,0.926981577,-1.681827658,1.035699615,0.631243607,0.368756393,1499.99,1264.476437,0.842989911,0.195979822,6,0.5,0: Broadleaf,2,1623798271,389.3726667,399.9511333,49.13977,47.02110667,388.6414,48.61080333,500.1136333,101.0945667,0.199954233,39.96072333,40.35076333,999.9,0,0,9999.023667,0,1408.146667,1499.99,0.9000023,0.09999774,0,440.4132333,4.99938,9271.313333,11964.55667,47.875,49.25,48.1622,49.5372,50.25,1345.497,149.4946667,0,192.3000002,0,440.30524,-12.92653843,-305.830769,9268.4064,15,1623797025,15:43:44,1623797020,1623797025,4,-0.023,-0.008,0.738,0.529,400,45,0.16,0.07,8.105907537,-0.354788978,0.056378799,1,-10.57850667,0.153733482,0.043683261,1,2.118660667,-0.047217264,0.003757917,1,3,3,3/3,100,100,0.731,0.529,0.604138109,-8.36417E-05,1.28013E-06,-5.74726E-10,0.528955,0,0,0,2,2145,1,27,21,20.9,18,511.745,502.795,39.0327,38.0572,30,37.7995,37.7548,21.1052,0,100,-999.9,400,49.7017,98.5886,98.3437
30,1623798454,7435,20210615 16:07:34,16:07:34,15,B2R3,_NW,_5.7,_3,1623798446,0.003587693,3.587693107,11.76893899,384.2392258,226.1296904,22.90516711,38.92042511,0.132964772,2.9480727,0.12972077,0.08136035,293.9757766,41.38581195,40.86438065,7.762929774,67.1566369,5.139914997,7.653621793,2.623014777,-158.217266,-42.40835857,-3.550558951,89.79959311,7,1,1,0,51121.14982,RECT-527-20200527-06_29_39,14901,718.7284615,3626.84,0.801830668,-0.406566687,RECT-102-20210615-16_07_27,15114.7,497.9199615,712.08,0.300752778,0.5,1264.510479,11.76893899,190.1525199,0.009628632,4.093304123,396.8316144,DARK-103-20210615-16_07_35,420.85,420.85,0.408984946,0.735363934,0.909160665,-32.21196922,1.002286178,0.621541484,0.378458516,1500.030323,1264.510479,0.842989945,0.195979889,6,0.5,0: Broadleaf,2,1623798446,384.2392258,400.0130968,50.74345806,46.65749032,383.5113226,50.21449677,500.0980968,101.0921613,0.200009032,40.59755484,40.86438065,999.9,0,0,9996.791613,0,100.3286677,1500.030323,0.900000903,0.099998994,0,498.1403226,4.99938,10480.99677,11964.87742,48,49.24593548,48.21951613,49.762,50.45325806,1345.53129,149.5003226,0,174.8,0,497.9199615,-16.58054697,-267.6068372,10478.62692,15,1623797025,15:43:44,1623797020,1623797025,4,-0.023,-0.008,0.738,0.529,400,45,0.16,0.07,11.77336275,-0.112783243,0.021407524,1,-15.77536333,0.122736374,0.026086478,1,4.085440333,0.098641068,0.007398637,1,3,3,3/3,100,100,0.728,0.529,0.604138109,-8.36417E-05,1.28013E-06,-5.74726E-10,0.528955,0,0,0,2,2145,1,27,23.9,23.8,18,509.121,501.277,39.3455,37.9983,29.9998,37.7398,37.6873,21.1053,0,100,-999.9,400,49.0235,98.5934,98.3713
31,1623799004,7984.5,20210615 16:16:43,16:16:43,15,B3R2,_NE,_5.14,_1,1623798996,0.001500813,1.500812545,8.674305392,388.8895,124.8422609,12.64326433,39.38436156,0.055388454,2.947928742,0.054816734,0.034311334,293.9726984,40.61936663,39.95464,7.395706986,67.09190343,4.78976729,7.13911373,2.605939696,-66.18583326,-104.7663514,-8.679362006,114.3411517,16,3,1,0,51329.89477,RECT-527-20200527-06_29_39,14901,718.7284615,3626.84,0.801830668,-0.406566687,RECT-104-20210615-16_16_37,15141.9,491.50764,688.83,0.286460172,0.5,1264.496531,8.674305392,181.1139466,0.007181413,4.265217833,389.5050317,DARK-105-20210615-16_16_44,400.51,400.51,0.418564813,0.684386654,0.910635304,-6.599749614,1.010281057,0.557679426,0.442320574,1500.013667,1264.496531,0.842990007,0.195980013,6,0.5,0: Broadleaf,2,1623798996,388.8895,399.9970333,47.29517333,45.57968667,388.1585667,46.76620333,500.0906333,101.0739333,0.1999801,39.29543667,39.95464,999.9,0,0,9997.776667,0,160.3159,1500.013667,0.8999994,0.100000543,0,492.4528333,4.99938,10245.44667,11964.74667,47.4958,49.04546667,47.875,49.03926667,49.812,1345.512333,149.5016667,0,548.8999999,0,491.50764,-67.28738473,-1326.276925,10227.084,15,1623797025,15:43:44,1623797020,1623797025,4,-0.023,-0.008,0.738,0.529,400,45,0.16,0.07,8.691514215,-1.378239052,0.103405754,0,-11.10761,1.191646719,0.087172294,0,1.715491667,1.173641913,0.085250844,0,0,3,0/3,100,100,0.731,0.529,0.604138109,-8.36417E-05,1.28013E-06,-5.74726E-10,0.528955,0,0,0,2,2145,1,27,33.1,33,18,498.033,499.859,38.3933,37.9975,30.0003,37.7801,37.7388,21.1313,0,100,-999.9,400,50.5749,98.5619,98.315
32,1623799133,8114,20210615 16:18:53,16:18:53,15,B3R2,_NE,_5.14,_2,1623799125,0.001442966,1.442965871,9.204911455,388.2865484,100.0167632,10.12934806,39.32430396,0.053503339,2.949648509,0.052969979,0.033153714,293.9735295,40.73090001,39.87056452,7.362542408,66.45068895,4.768886106,7.176578875,2.593656302,-63.6347949,-75.95018363,-6.288822076,148.0997289,55,11,1,0,51362.02862,RECT-527-20200527-06_29_39,14901,718.7284615,3626.84,0.801830668,-0.406566687,RECT-106-20210615-16_18_46,14955.7,424.9617308,0.03,-14164.39103,0.5,1264.501424,9.204911455,-8955446.314,0.007601002,120893.6667,0.029998996,DARK-107-20210615-16_18_54,1.17,1.17,-38,372.7471323,1.000314425,0.591251761,1.247135797,1.026243337,-0.026243337,1500.019677,1264.501424,0.842989891,0.195979782,6,0.5,0: Broadleaf,2,1623799125,388.2865484,400.0024839,47.08778387,45.43808387,387.5560645,46.55881613,500.098129,101.0764839,0.200019581,39.39295484,39.87056452,999.9,0,0,10007.29677,0,254.5961613,1500.019677,0.900002419,0.099997755,0,424.9823871,4.99938,8876.496129,11964.80323,47.56606452,49.187,47.937,49.25,49.937,1345.523226,149.4964516,0,128.3999999,0,424.9617308,-6.418837599,-144.4034188,8876.131538,15,1623797025,15:43:44,1623797020,1623797025,4,-0.023,-0.008,0.738,0.529,400,45,0.16,0.07,9.213177173,-0.330171321,0.037971342,1,-11.71486333,-0.43447475,0.04447168,1,1.642515667,1.887637375,0.136405126,0,2,3,2/3,100,100,0.731,0.5289,0.604138109,-8.36417E-05,1.28013E-06,-5.74726E-10,0.528955,0,0,0,2,2145,1,27,35.2,35.1,18,450.285,500.899,38.4602,38.1216,30.0008,37.9088,37.8636,21.1353,0,100,-999.9,400,47.2987,98.5563,98.3159
33,1623799218,8198.5,20210615 16:20:17,16:20:17,15,B3R2,_NE,_5.14,_3,1623799210,0.001326591,1.326590574,10.15999447,387.1847333,37.44858071,3.792486121,39.21090465,0.048139799,2.950512999,0.047707674,0.029855797,293.9693137,40.86721389,39.92114333,7.382478341,65.59983172,4.734920304,7.217884834,2.647558037,-58.50264429,-66.9968144,-5.550033859,162.9198212,11,2,1,0,51368.52401,RECT-527-20200527-06_29_39,14901,718.7284615,3626.84,0.801830668,-0.406566687,RECT-108-20210615-16_20_11,15111.8,558.26276,776.16,0.280737528,0.5,1264.483912,10.15999447,177.494044,0.008356422,3.672799423,415.9702508,DARK-109-20210615-16_20_18,462.89,462.89,0.403615234,0.695557315,0.900987689,3.794034529,0.98025126,0.576729362,0.423270638,1499.999,1264.483912,0.842989837,0.195979673,6,0.5,0: Broadleaf,2,1623799210,387.1847333,399.9919667,46.75456667,45.23722,386.4547667,46.22559667,500.0438333,101.0718333,0.1999919,39.49996,39.92114333,999.9,0,0,10012.67233,0,118.1773667,1499.999,0.900005167,0.099994653,0,559.1457667,4.99938,11767.76667,11964.66,47.687,49.2311,48.062,49.375,50.062,1345.507333,149.4916667,0,83.5,0,558.26276,-170.7754618,-3428.81539,11749.976,15,1623797025,15:43:44,1623797020,1623797025,4,-0.023,-0.008,0.738,0.529,400,45,0.16,0.07,10.17064952,-0.852481971,0.065482572,0,-12.80728667,-0.325470968,0.029233117,1,1.517330333,3.303344249,0.239167592,0,1,3,1/3,100,100,0.729,0.5289,0.604138109,-8.36417E-05,1.28013E-06,-5.74726E-10,0.528955,0,0,0,2,2145,1,27,36.6,36.6,18,502.784,501.416,38.5417,38.1994,30.0001,37.9612,37.9094,21.1391,0,100,-999.9,400,47.2987,98.5531,98.3135
34,1623799452,8432.9,20210615 16:24:12,16:24:12,15,B3R3,_NE,_5.9,_1,1623799444,0.00146162,1.461619968,7.563396956,390.2530333,137.375862,13.90599091,39.50370216,0.050705875,2.948716213,0.050226412,0.031434207,293.9686191,41.07192593,40.14101,7.469684845,64.30262166,4.701036623,7.310800869,2.768648221,-64.4574406,-63.94986989,-5.312522496,160.2487861,36,7,1,0,51278.13738,RECT-527-20200527-06_29_39,14901,718.7284615,3626.84,0.801830668,-0.406566687,RECT-110-20210615-16_24_05,15162.9,454.6486538,576.44,0.211281913,0.5,1264.480088,7.563396956,133.5808862,0.006302957,5.291790993,350.8267413,DARK-111-20210615-16_24_13,385.21,385.21,0.331743113,0.636884098,0.941008073,-0.85594675,1.048928131,0.539612559,0.460387441,1499.994333,1264.480088,0.84298991,0.19597982,6,0.5,0: Broadleaf,2,1623799444,390.2530333,400.0123333,46.44106,44.76878667,389.4903667,45.89723,500.0644667,101.0259333,0.199934967,39.73873667,40.14101,999.9,0,0,10007.003,0,775.2668667,1499.994333,0.900002333,0.09999784,0,455.9652,4.99938,9574.105333,11964.61,47.75,49.1808,48.1124,49.3393,50.125,1345.500667,149.495,0,234,0,454.6486538,-135.4238974,-2899.381198,9545.828462,15,1623799372,16:22:52,1623799371,1623799372,6,0.003,0.015,0.769,0.544,400,45,0.28,0.17,7.571256621,-1.122393194,0.089723181,0,-9.759269,0.645688899,0.055256645,1,1.672255333,2.060676841,0.149285869,0,1,3,1/3,100,100,0.763,0.5438,0.634934786,-8.36417E-05,1.28013E-06,-5.74726E-10,0.543825,0,0,0,2,2145,1,27,1.4,1.3,18,472.875,500.351,38.7018,38.2188,30.0007,37.9947,37.9534,21.135,0,100,-999.9,400,46.7634,98.5543,98.3208
35,1623799571,8551.9,20210615 16:26:11,16:26:11,15,B3R3,_NE,_5.9,_2,1623799563,0.00145191,1.451910466,8.665737334,388.9216667,96.18267426,9.736479056,39.37016402,0.049683167,2.949073577,0.04922281,0.030805262,293.9673624,41.26631446,40.40700667,7.576380333,64.61346765,4.772584794,7.386362266,2.803795539,-64.02925156,-75.68316622,-6.300302746,147.9546419,8,2,1,0,51256.67729,RECT-527-20200527-06_29_39,14901,718.7284615,3626.84,0.801830668,-0.406566687,RECT-112-20210615-16_26_04,15152.4,556.8528846,728.73,0.235858432,0.5,1264.472258,8.665737334,149.1182222,0.007174775,3.976932472,401.9495714,DARK-113-20210615-16_26_12,450.45,450.45,0.381869828,0.617640921,0.912391111,17.18506768,0.996560813,0.49962272,0.50037728,1499.984667,1264.472258,0.842990122,0.195980245,6,0.5,0: Broadleaf,2,1623799563,388.9216667,399.9957667,47.14640333,45.48661333,388.1600333,46.60258,500.1083667,101.0290333,0.199999133,39.93098333,40.40700667,999.9,0,0,10008.72767,0,134.6614967,1499.984667,0.899996333,0.10000366,0,558.4282333,4.99938,11635.13667,11964.5,47.875,49.354,48.2416,49.5496,50.26653333,1345.481333,149.5046667,0,118.3,0,556.8528846,-196.9090937,-3985.791448,11604.76154,15,1623799372,16:22:52,1623799371,1623799372,6,0.003,0.015,0.769,0.544,400,45,0.28,0.17,8.672470225,-0.823474671,0.077006079,0,-11.07403667,0.422712347,0.071368618,1,1.659784333,1.706716352,0.124495634,0,1,3,1/3,100,100,0.762,0.5439,0.634934786,-8.36417E-05,1.28013E-06,-5.74726E-10,0.543825,0,0,0,2,2145,1,27,3.3,3.3,18,506.824,501.103,38.9303,38.3081,30.0003,38.0659,38.0177,21.1463,0,100,-999.9,400,46.3872,98.5359,98.3065
36,1623799675,8655.9,20210615 16:27:55,16:27:55,15,B3R3,_NE,_5.9,_3,1623799667,0.001930351,1.930351253,9.789325575,387.3689667,145.295029,14.70764073,39.21182735,0.068856858,2.948963957,0.067975983,0.042563194,293.972785,41.28560702,40.37537667,7.563624249,65.37444216,4.865531618,7.442559289,2.698092631,-85.12849024,-48.09547456,-4.006006459,156.7428138,18,4,1,0,51230.32865,RECT-527-20200527-06_29_39,14901,718.7284615,3626.84,0.801830668,-0.406566687,RECT-114-20210615-16_27_48,15130.5,510.8359615,683.03,0.252103185,0.5,1264.495581,9.789325575,159.3916817,0.008063209,4.309927822,387.6437077,DARK-115-20210615-16_27_56,436.63,436.63,0.360745502,0.698839442,0.922763705,-4.82357029,1.012275479,0.597323385,0.402676615,1500.012333,1264.495581,0.842990123,0.195980245,6,0.5,0: Broadleaf,2,1623799667,387.3689667,400.0098333,48.06600667,45.86156,386.6082333,47.52218333,500.1437333,101.0261,0.199942167,40.07286,40.37537667,999.9,0,0,10008.395,0,781.4303,1500.012333,0.8999955,0.1000045,0,511.3743,4.99938,10798.52,11964.73667,48.062,49.5,48.375,49.687,50.437,1345.505333,149.5073333,0,103.2,0,510.8359615,-121.5374018,-2217.541883,10790.25,15,1623799372,16:22:52,1623799371,1623799372,6,0.003,0.015,0.769,0.544,400,45,0.28,0.17,9.797679978,-0.812923821,0.064798313,0,-12.64096,-0.032233148,0.030575062,1,2.204453,2.622691435,0.189827882,0,1,3,1/3,100,100,0.761,0.5438,0.634934786,-8.36417E-05,1.28013E-06,-5.74726E-10,0.543825,0,0,0,2,2145,1,27,5.1,5,18,494.605,501.654,39.1452,38.3867,30.0002,38.1348,38.083,21.1408,0,100,-999.9,400,47.0798,98.5229,98.2997