Year,Month,Day,Hour,Minute,DOY,Tair_C_sonic,Tair_C_hmp
2020,5,19,0,30,140,11.64,11.39
2020,5,19,1,30,140,11.36,11.2
2020,5,19,2,30,140,10.93,10.9
2020,5,19,3,30,140,10.37,10.35
2020,5,19,4,30,140,10.17,10.03
2020,5,19,5,30,140,11.12,10.86
2020,5,19,6,30,140,11.97,11.65
2020,5,19,7,30,140,12.69,12.69
2020,5,19,8,30,140,13.9,14.02
2020,5,19,9,30,140,14.95,15.27
2020,5,19,10,30,140,16.48,16.67
2020,5,19,11,30,140,17.82,18.16
2020,5,19,12,30,140,18.6,18.71
2020,5,19,13,30,140,19.53,19.89
2020,5,19,14,30,140,20.37,20.85
2020,5,19,15,30,140,20.63,21.07
2020,5,19,16,30,140,20.98,21.42
2020,5,19,17,30,140,21,21.43
2020,5,19,18,30,140,20.13,20.53
2020,5,19,19,30,140,17.89,17.98
2020,5,19,20,30,140,16.01,15.99
2020,5,19,21,30,140,14.03,13.99
2020,5,19,22,30,140,12.8,12.7
2020,5,19,23,30,140,12.01,11.84
2020,5,20,0,30,141,11.38,11.29
2020,5,20,1,30,141,10.81,10.76
2020,5,20,2,30,141,10.69,10.63
2020,5,20,3,30,141,10.14,10.11
2020,5,20,4,30,141,9.37,9.35
2020,5,20,5,30,141,9.63,9.56
2020,5,20,6,30,141,12.08,12.05
2020,5,20,7,30,141,14.26,14.64
2020,5,20,8,30,141,15.74,16.31
2020,5,20,9,30,141,17.06,17.39
2020,5,20,10,30,141,18.4,18.76
2020,5,20,11,30,141,19.48,19.76
2020,5,20,12,30,141,20.7,21.24
2020,5,20,13,30,141,21.77,22.39
2020,5,20,14,30,141,22.78,23.31
2020,5,20,15,30,141,23.27,23.81
2020,5,20,16,30,141,23.47,24.06
2020,5,20,17,30,141,23.4,24.02
2020,5,20,18,30,141,22.47,23.1
2020,5,20,19,30,141,19.24,19.52
2020,5,20,20,30,141,18.12,18.07
2020,5,20,21,30,141,16.75,16.62
2020,5,20,22,30,141,15.61,15.52
2020,5,20,23,30,141,14.38,14.24
2020,5,21,0,30,142,13.27,13.23
2020,5,21,1,30,142,12.1,11.93
2020,5,21,2,30,142,11.3,11.25
2020,5,21,3,30,142,10.66,10.55
2020,5,21,4,30,142,10.33,10.25
2020,5,21,5,30,142,10.86,11.08
2020,5,21,6,30,142,14.05,14.76
2020,5,21,7,30,142,16.67,17.18
2020,5,21,8,30,142,18.98,19.35
2020,5,21,9,30,142,21.15,21.34
2020,5,21,10,30,142,22.82,23.06
2020,5,21,11,30,142,24.04,24.38
2020,5,21,12,30,142,25.49,25.86
2020,5,21,13,30,142,26.21,26.84
2020,5,21,14,30,142,26.56,27.1
2020,5,21,15,30,142,26.89,27.55
2020,5,21,16,30,142,26.83,27.61
2020,5,21,17,30,142,26.24,26.92
2020,5,21,18,30,142,24.55,25.06
2020,5,21,19,30,142,21.62,21.85
2020,5,21,20,30,142,19.28,19.4
2020,5,21,21,30,142,18.33,18.49
2020,5,21,22,30,142,17.26,17.37
2020,5,21,23,30,142,16.73,16.77
2020,5,22,0,30,143,15.99,16.06
2020,5,22,1,30,143,15.84,15.92
2020,5,22,2,30,143,14.48,14.57
2020,5,22,3,30,143,13.21,13.2
2020,5,22,4,30,143,11.98,12.06
2020,5,22,5,30,143,12.17,12.48
2020,5,22,6,30,143,14.02,14.31
2020,5,22,7,30,143,15.72,15.91
2020,5,22,8,30,143,17.99,18.25
2020,5,22,9,30,143,19.78,19.96
2020,5,22,10,30,143,20.81,21.02
2020,5,22,11,30,143,22.11,22.36
2020,5,22,12,30,143,23.31,23.64
2020,5,22,13,30,143,23.92,24.51
2020,5,22,14,30,143,24.22,25.13
2020,5,22,15,30,143,24.22,25.21
2020,5,22,16,30,143,23.97,24.96
2020,5,22,17,30,143,23.39,24.52
2020,5,22,18,30,143,22.22,23.33
2020,5,22,19,30,143,18.98,19.78
2020,5,22,20,30,143,15.96,16.9
2020,5,22,21,30,143,13.53,13.82
2020,5,22,22,30,143,12.2,12.51
2020,5,22,23,30,143,10.77,11.09
2020,5,23,0,30,144,10.91,11.07
2020,5,23,1,30,144,9.95,10.07
2020,5,23,2,30,144,10.17,10.35
2020,5,23,3,30,144,9.22,9.47
2020,5,23,4,30,144,7.83,8.09
2020,5,23,5,30,144,8.29,8.79
2020,5,23,6,30,144,12.95,13.32
2020,5,23,7,30,144,16.04,16.37
2020,5,23,8,30,144,19.04,19.4
2020,5,23,9,30,144,21.53,21.93
2020,5,23,10,30,144,23.3,23.89
2020,5,23,11,30,144,24.6,25.33
2020,5,23,12,30,144,25.68,26.51
2020,5,23,13,30,144,26.38,27.4
2020,5,23,14,30,144,26.87,27.97
2020,5,23,15,30,144,27.17,28.38
2020,5,23,16,30,144,27.27,28.52
2020,5,23,17,30,144,27.07,28.37
2020,5,23,18,30,144,24.56,25.41
2020,5,23,19,30,144,20.82,21.41
2020,5,23,20,30,144,18.04,18.55
2020,5,23,21,30,144,15.99,16.26
2020,5,23,22,30,144,14.43,14.53
2020,5,23,23,30,144,13.97,14.32
2020,5,24,0,30,145,12.41,12.62
2020,5,24,1,30,145,11.8,11.88
2020,5,24,2,30,145,11.77,11.88
2020,5,24,3,30,145,11.38,11.56
2020,5,24,4,30,145,10.99,11.06
2020,5,24,5,30,145,11.43,11.82
2020,5,24,6,30,145,15.35,15.77
2020,5,24,7,30,145,18.81,20.19
2020,5,24,8,30,145,20.97,21.8
2020,5,24,9,30,145,23.66,24.35
2020,5,24,10,30,145,25.55,26.14
2020,5,24,11,30,145,26.99,27.56
2020,5,24,12,30,145,28.18,28.79
2020,5,24,13,30,145,29.25,29.96
2020,5,24,14,30,145,30.21,31.11
2020,5,24,15,30,145,30.68,31.74
2020,5,24,16,30,145,30.67,31.71
2020,5,24,17,30,145,30.48,31.53
2020,5,24,18,30,145,28.98,30
2020,5,24,19,30,145,24.71,25.3
2020,5,24,20,30,145,23.24,23.56
2020,5,24,21,30,145,20.36,20.66
2020,5,24,22,30,145,17.48,17.64
2020,5,24,23,30,145,17.37,17.35
2020,5,25,0,30,146,16.94,16.98
2020,5,25,1,30,146,16.21,16.25
2020,5,25,2,30,146,15.69,15.66
2020,5,25,3,30,146,15.11,15.03
2020,5,25,4,30,146,14.05,14.11
2020,5,25,5,30,146,14.87,15.13
2020,5,25,6,30,146,18.76,18.88
2020,5,25,7,30,146,22.82,23.33
2020,5,25,8,30,146,24.78,25.54
2020,5,25,9,30,146,26.68,27.22
2020,5,25,10,30,146,28.46,29.13
2020,5,25,11,30,146,30.14,30.91
2020,5,25,12,30,146,31.38,32.1
2020,5,25,13,30,146,32.61,33.51
2020,5,25,14,30,146,33.24,34.22
2020,5,25,15,30,146,33.68,34.64
2020,5,25,16,30,146,34.19,35.3
2020,5,25,17,30,146,33.86,34.92
2020,5,25,18,30,146,31.83,33.08
2020,5,25,19,30,146,28.66,29.02
2020,5,25,20,30,146,25.88,25.99
2020,5,25,21,30,146,22.1,22.17
2020,5,25,22,30,146,21.28,21.16
2020,5,25,23,30,146,20.61,20.52
2020,5,26,0,30,147,19.94,19.79
2020,5,26,1,30,147,19.77,19.57
2020,5,26,2,30,147,19.26,19.06
2020,5,26,3,30,147,19.07,18.88
2020,5,26,4,30,147,18.74,18.68
2020,5,26,5,30,147,18.35,18.5
2020,5,26,6,30,147,22.2,22.62
2020,5,26,7,30,147,25.87,26.96
2020,5,26,8,30,147,28.88,29.77
2020,5,26,9,30,147,30.67,31.19
2020,5,26,10,30,147,32.15,32.59
2020,5,26,11,30,147,33.4,33.85
2020,5,26,12,30,147,34.49,35.02
2020,5,26,13,30,147,35.56,36.28
2020,5,26,14,30,147,36.26,37.18
2020,5,26,15,30,147,36.66,37.52
2020,5,26,16,30,147,36.59,37.35
2020,5,26,17,30,147,35.76,36.55
2020,5,26,18,30,147,33.61,34.24
2020,5,26,19,30,147,29.92,29.94
2020,5,26,20,30,147,27.79,27.51
2020,5,26,21,30,147,23.85,23.61
2020,5,26,22,30,147,23.69,23.26
2020,5,26,23,30,147,23.35,22.95
2020,5,27,0,30,148,22.7,22.34
2020,5,27,1,30,148,21.71,21.33
2020,5,27,2,30,148,20.59,20.22
2020,5,27,3,30,148,19.92,19.52
2020,5,27,4,30,148,19.03,18.63
2020,5,27,5,30,148,19.58,19.41
2020,5,27,6,30,148,23.37,23.75
2020,5,27,7,30,148,26.69,27.63
2020,5,27,8,30,148,29,29.37
2020,5,27,9,30,148,30.64,30.61
2020,5,27,10,30,148,32.5,32.44
2020,5,27,11,30,148,34.01,34.11
2020,5,27,12,30,148,35.1,35.21
2020,5,27,13,30,148,36.13,36.61
2020,5,27,14,30,148,36.61,37.27
2020,5,27,15,30,148,36.77,37.59
2020,5,27,16,30,148,36.78,37.71
2020,5,27,17,30,148,35.58,36.61
2020,5,27,18,30,148,32.47,33.31
2020,5,27,19,30,148,27.86,28.16
2020,5,27,20,30,148,24.94,24.78
2020,5,27,21,30,148,21.53,21.46
2020,5,27,22,30,148,20.26,20.13
2020,5,27,23,30,148,19.37,19.18
2020,5,28,0,30,149,18.73,18.63
2020,5,28,1,30,149,17.36,17.21
2020,5,28,2,30,149,17.17,17
2020,5,28,3,30,149,16.98,16.86
2020,5,28,4,30,149,16.18,16.13
2020,5,28,5,30,149,16.7,16.88
2020,5,28,6,30,149,21.15,21.45
2020,5,28,7,30,149,25.69,26.12
2020,5,28,8,30,149,28.43,29.01
2020,5,28,9,30,149,29.08,29.38
2020,5,28,10,30,149,30.71,31.06
2020,5,28,11,30,149,32.31,32.66
2020,5,28,12,30,149,34,34.42
2020,5,28,13,30,149,35.34,36.08
2020,5,28,14,30,149,35.88,36.73
2020,5,28,15,30,149,35.72,36.76
2020,5,28,16,30,149,34.86,35.78
2020,5,28,17,30,149,33.45,34.36
2020,5,28,18,30,149,30.61,31.67
2020,5,28,19,30,149,27.45,27.82
2020,5,28,20,30,149,25.44,25.54
2020,5,28,21,30,149,23.06,23.1
2020,5,28,22,30,149,21.68,21.68
2020,5,28,23,30,149,20.59,20.52
2020,5,29,0,30,150,17.62,17.61
2020,5,29,1,30,150,16.93,16.74
2020,5,29,2,30,150,16.21,16.09
2020,5,29,3,30,150,15.97,15.87
2020,5,29,4,30,150,15.09,14.94
2020,5,29,5,30,150,15.78,15.72
2020,5,29,6,30,150,17.58,17.62
2020,5,29,7,30,150,18.4,18.34
2020,5,29,8,30,150,20.32,20.25
2020,5,29,9,30,150,21.65,21.74
2020,5,29,10,30,150,23.57,23.56
2020,5,29,11,30,150,25.66,25.75
2020,5,29,12,30,150,27.51,27.61
2020,5,29,13,30,150,27.87,28
2020,5,29,14,30,150,28.37,28.66
2020,5,29,15,30,150,27.81,28.06
2020,5,29,16,30,150,25.32,25.47
2020,5,29,17,30,150,23.34,23.47
2020,5,29,18,30,150,20.66,20.67
2020,5,29,19,30,150,19.22,19.14
2020,5,29,20,30,150,17.91,17.82
2020,5,29,21,30,150,16.69,16.52
2020,5,29,22,30,150,16.33,16.16
2020,5,29,23,30,150,15.96,15.78
2020,5,30,0,30,151,16.02,15.82
2020,5,30,1,30,151,15.88,15.67
2020,5,30,2,30,151,15.95,15.7
2020,5,30,3,30,151,16.2,15.95
2020,5,30,4,30,151,16.4,16.15
2020,5,30,5,30,151,16.65,16.42
2020,5,30,6,30,151,17.49,17.3
2020,5,30,7,30,151,18.29,18.14
2020,5,30,8,30,151,19.8,19.73
2020,5,30,9,30,151,20.78,21.04
2020,5,30,10,30,151,22.08,22.42
2020,5,30,11,30,151,23.22,23.66
2020,5,30,12,30,151,23.92,24.34
2020,5,30,13,30,151,24.87,25.28
2020,5,30,14,30,151,25.15,25.54
2020,5,30,15,30,151,24.95,25.29
2020,5,30,16,30,151,22.58,22.54
2020,5,30,17,30,151,22.59,22.74
2020,5,30,18,30,151,21.27,21.38
2020,5,30,19,30,151,19.91,19.88
2020,5,30,20,30,151,18.22,18.06
2020,5,30,21,30,151,18,17.85
2020,5,30,22,30,151,17.1,16.98
2020,5,30,23,30,151,15.95,15.74
2020,5,31,0,30,152,15.42,15.21
2020,5,31,1,30,152,14.23,14.09
2020,5,31,2,30,152,13.6,13.44
2020,5,31,3,30,152,13,12.82
2020,5,31,4,30,152,12.73,12.55
2020,5,31,5,30,152,13.43,13.28
2020,5,31,6,30,152,15.74,15.78
2020,5,31,7,30,152,17.2,17.14
2020,5,31,8,30,152,18.94,18.77
2020,5,31,9,30,152,20.88,20.69
2020,5,31,10,30,152,22.15,22.1
2020,5,31,11,30,152,23.29,23.41
2020,5,31,12,30,152,23.85,23.94
2020,5,31,13,30,152,24.19,24.4
2020,5,31,14,30,152,24.45,24.76
2020,5,31,15,30,152,24.6,25.02
2020,5,31,16,30,152,24.51,24.73
2020,5,31,17,30,152,24.22,24.34
2020,5,31,18,30,152,23.42,23.39
2020,5,31,19,30,152,22.05,22.03
2020,5,31,20,30,152,20.34,20.3
2020,5,31,21,30,152,18.75,18.65
2020,5,31,22,30,152,18.22,18.12
2020,5,31,23,30,152,17.82,17.74
2020,6,1,0,30,153,17.51,17.45
2020,6,1,1,30,153,17.27,17.15
2020,6,1,2,30,153,17.06,16.96
2020,6,1,3,30,153,16.8,16.73
2020,6,1,4,30,153,16.51,16.33
2020,6,1,5,30,153,16.45,16.3
2020,6,1,6,30,153,17.03,16.93
2020,6,1,7,30,153,18.14,18.27
2020,6,1,8,30,153,19.87,20.11
2020,6,1,9,30,153,22.42,22.75
2020,6,1,10,30,153,24.37,24.64
2020,6,1,11,30,153,25.62,25.81
2020,6,1,12,30,153,26.44,26.73
2020,6,1,13,30,153,27.19,27.55
2020,6,1,14,30,153,27.94,28.72
2020,6,1,15,30,153,28.07,28.78
2020,6,1,16,30,153,28.31,29.08
2020,6,1,17,30,153,28.36,29.32
2020,6,1,18,30,153,26.89,27.6
2020,6,1,19,30,153,24.12,24.42
2020,6,1,20,30,153,22.95,23.03
2020,6,1,21,30,153,20.71,20.73
2020,6,1,22,30,153,19.67,19.56
2020,6,1,23,30,153,17.82,17.85
2020,6,2,0,30,154,16.68,16.56
2020,6,2,1,30,154,16.02,15.9
2020,6,2,2,30,154,15.08,14.92
2020,6,2,3,30,154,14.71,14.5
2020,6,2,4,30,154,14.51,14.38
2020,6,2,5,30,154,15.38,15.6
2020,6,2,6,30,154,18.36,18.87
2020,6,2,7,30,154,21.89,22.62
2020,6,2,8,30,154,25.24,25.48
2020,6,2,9,30,154,27.41,27.47
2020,6,2,10,30,154,29.28,29.38
2020,6,2,11,30,154,30.85,31.05
2020,6,2,12,30,154,32.18,32.56
2020,6,2,13,30,154,32.91,33.49
2020,6,2,14,30,154,33.65,34.41
2020,6,2,15,30,154,34.02,34.86
2020,6,2,16,30,154,34.1,34.88
2020,6,2,17,30,154,33.6,34.41
2020,6,2,18,30,154,31.85,32.68
2020,6,2,19,30,154,28.03,28.29
2020,6,2,20,30,154,25.81,25.86
2020,6,2,21,30,154,24.09,24.12
2020,6,2,22,30,154,20.26,20.2
2020,6,2,23,30,154,20.39,20.23
2020,6,3,0,30,155,18.86,18.73
2020,6,3,1,30,155,17.78,17.64
2020,6,3,2,30,155,17.73,17.52
2020,6,3,3,30,155,17.64,17.43
2020,6,3,4,30,155,16.88,16.71
2020,6,3,5,30,155,17.45,17.5
2020,6,3,6,30,155,21.88,21.91
2020,6,3,7,30,155,25.72,26.23
2020,6,3,8,30,155,28.8,29.26
2020,6,3,9,30,155,30.16,30.52
2020,6,3,10,30,155,32.04,32.38
2020,6,3,11,30,155,33.66,34.08
2020,6,3,12,30,155,34.93,35.51
2020,6,3,13,30,155,35.68,36.52
2020,6,3,14,30,155,36.16,37.15
2020,6,3,15,30,155,36.28,37.53
2020,6,3,16,30,155,36.14,37.3
2020,6,3,17,30,155,35.12,36.23
2020,6,3,18,30,155,32.75,33.66
2020,6,3,19,30,155,29.4,29.69
2020,6,3,20,30,155,26.45,26.66
2020,6,3,21,30,155,23.44,23.57
2020,6,3,22,30,155,21.97,21.85
2020,6,3,23,30,155,21.59,21.69
2020,6,4,0,30,156,19.45,19.56
2020,6,4,1,30,156,18.12,18.02
2020,6,4,2,30,156,17.85,17.74
2020,6,4,3,30,156,17.23,17.11
2020,6,4,4,30,156,16.97,16.91
2020,6,4,5,30,156,16.87,17.26
2020,6,4,6,30,156,21.45,22.17
2020,6,4,7,30,156,25.34,26.4
2020,6,4,8,30,156,28.46,29.1
2020,6,4,9,30,156,30.17,30.61
2020,6,4,10,30,156,31.87,32.39
2020,6,4,11,30,156,33.51,34.17
2020,6,4,12,30,156,34.73,35.77
2020,6,4,13,30,156,35.77,36.93
2020,6,4,14,30,156,36.32,37.61
2020,6,4,15,30,156,36.37,37.62
2020,6,4,16,30,156,35.87,37.01
2020,6,4,17,30,156,34.84,36.02
2020,6,4,18,30,156,32.49,33.5
2020,6,4,19,30,156,29.23,29.56
2020,6,4,20,30,156,24.86,25.15
2020,6,4,21,30,156,21.05,20.99
2020,6,4,22,30,156,20.67,20.61
2020,6,4,23,30,156,19.58,19.57
2020,6,5,0,30,157,17.93,17.96
2020,6,5,1,30,157,16.81,16.79
2020,6,5,2,30,157,15.25,15.17
2020,6,5,3,30,157,14.75,14.59
2020,6,5,4,30,157,14.77,14.84
2020,6,5,5,30,157,15.55,15.89
2020,6,5,6,30,157,17.22,18.03
2020,6,5,7,30,157,18.98,19.49
2020,6,5,8,30,157,21.39,21.57
2020,6,5,9,30,157,22.99,23.23
2020,6,5,10,30,157,24.07,24.38
2020,6,5,11,30,157,25.49,25.84
2020,6,5,12,30,157,26.38,26.78
2020,6,5,13,30,157,26.38,26.98
2020,6,5,14,30,157,24.43,24.97
2020,6,5,15,30,157,23.81,24.43
2020,6,5,16,30,157,22.75,23.52
2020,6,5,17,30,157,20.78,21.47
2020,6,5,18,30,157,18.31,18.83
2020,6,5,19,30,157,16.74,17.01
2020,6,5,20,30,157,15.71,15.9
2020,6,5,21,30,157,14.97,15.13
2020,6,5,22,30,157,13.97,14.08
2020,6,5,23,30,157,13.21,13.32
2020,6,6,0,30,158,12.82,12.9
2020,6,6,1,30,158,12.77,12.8
2020,6,6,2,30,158,13.07,13.13
2020,6,6,3,30,158,13.15,13.31
2020,6,6,4,30,158,12.47,12.55
2020,6,6,5,30,158,13.36,13.45
2020,6,6,6,30,158,14.17,14.29
2020,6,6,7,30,158,15.21,15.47
2020,6,6,8,30,158,16.91,17.2
2020,6,6,9,30,158,18.58,18.87
2020,6,6,10,30,158,20.4,20.69
2020,6,6,11,30,158,22.04,22.33
2020,6,6,12,30,158,22.8,23.17
2020,6,6,13,30,158,22.8,23.34
2020,6,6,14,30,158,22.76,23.32
2020,6,6,15,30,158,22.38,23.03
2020,6,6,16,30,158,21.63,22.28
2020,6,6,17,30,158,20.34,20.97
2020,6,6,18,30,158,18.66,19.25
2020,6,6,19,30,158,16.53,16.92
2020,6,6,20,30,158,15.28,15.54
2020,6,6,21,30,158,14.35,14.56
2020,6,6,22,30,158,13.24,13.48
2020,6,6,23,30,158,12.12,12.28
2020,6,7,0,30,159,10.64,10.88
2020,6,7,1,30,159,9.77,9.95
2020,6,7,2,30,159,8.82,8.99
2020,6,7,3,30,159,8.45,8.57
2020,6,7,4,30,159,7.42,7.63
2020,6,7,5,30,159,8.16,8.76
2020,6,7,6,30,159,11.8,12.28
2020,6,7,7,30,159,13.84,14.36
2020,6,7,8,30,159,15.6,16.02
2020,6,7,9,30,159,17.36,17.8
2020,6,7,10,30,159,18.38,19.02
2020,6,7,11,30,159,19.27,19.91
2020,6,7,12,30,159,20.22,20.84
2020,6,7,13,30,159,20.38,21.16
2020,6,7,14,30,159,21.12,22
2020,6,7,15,30,159,21.5,22.48
2020,6,7,16,30,159,21.65,22.65
2020,6,7,17,30,159,21.51,22.61
2020,6,7,18,30,159,20.19,20.94
2020,6,7,19,30,159,17.88,18.25
2020,6,7,20,30,159,15.43,15.66
2020,6,7,21,30,159,13.6,13.91
2020,6,7,22,30,159,11.44,11.51
2020,6,7,23,30,159,11.05,11.16
2020,6,8,0,30,160,10.32,10.51
2020,6,8,1,30,160,12.72,12.65
2020,6,8,2,30,160,13.44,13.66
2020,6,8,3,30,160,11.72,11.95
2020,6,8,4,30,160,10.09,10.31
2020,6,8,5,30,160,10.62,11.07
2020,6,8,6,30,160,13.19,13.52
2020,6,8,7,30,160,16.21,16.56
2020,6,8,8,30,160,18.65,18.99
2020,6,8,9,30,160,20.1,20.47
2020,6,8,10,30,160,21.65,22.15
2020,6,8,11,30,160,22.51,23.02
2020,6,8,12,30,160,23.45,24.02
2020,6,8,13,30,160,24.51,25.2
2020,6,8,14,30,160,25.08,25.91
2020,6,8,15,30,160,25.46,26.42
2020,6,8,16,30,160,25.76,26.83
2020,6,8,17,30,160,25.63,26.84
2020,6,8,18,30,160,24.7,25.98
2020,6,8,19,30,160,20.3,21.32
2020,6,8,20,30,160,18.48,18.96
2020,6,8,21,30,160,16.38,16.92
2020,6,8,22,30,160,12.94,13.29
2020,6,8,23,30,160,12.96,13.23
2020,6,9,0,30,161,12.16,12.44
2020,6,9,1,30,161,11.14,11.45
2020,6,9,2,30,161,10.37,10.63
2020,6,9,3,30,161,10,10.2
2020,6,9,4,30,161,9.61,9.85
2020,6,9,5,30,161,10.95,11.63
2020,6,9,6,30,161,15.46,16.21
2020,6,9,7,30,161,19.07,20.17
2020,6,9,8,30,161,21.38,21.97
2020,6,9,9,30,161,23.37,23.82
2020,6,9,10,30,161,25.31,25.86
2020,6,9,11,30,161,27.07,27.76
2020,6,9,12,30,161,28.27,29
2020,6,9,13,30,161,29.38,30.24
2020,6,9,14,30,161,30.22,31.28
2020,6,9,15,30,161,30.63,31.73
2020,6,9,16,30,161,30.79,31.88
2020,6,9,17,30,161,30.72,31.93
2020,6,9,18,30,161,29.41,30.88
2020,6,9,19,30,161,24.79,25.48
2020,6,9,20,30,161,22.56,22.74
2020,6,9,21,30,161,21.46,21.65
2020,6,9,22,30,161,17.84,17.93
2020,6,9,23,30,161,17.71,17.75
2020,6,10,0,30,162,16.55,16.67
2020,6,10,1,30,162,15.95,16.04
2020,6,10,2,30,162,14.35,14.47
2020,6,10,3,30,162,13.92,13.92
2020,6,10,4,30,162,13.23,13.28
2020,6,10,5,30,162,14.63,15.19
2020,6,10,6,30,162,18.9,19.59
2020,6,10,7,30,162,22.06,23.3
2020,6,10,8,30,162,24.7,25.5
2020,6,10,9,30,162,27.13,27.72
2020,6,10,10,30,162,28.64,29.14
2020,6,10,11,30,162,29.95,30.5
2020,6,10,12,30,162,31.42,32.02
2020,6,10,13,30,162,32.26,32.87
2020,6,10,14,30,162,33.13,34.07
2020,6,10,15,30,162,33.42,34.21
2020,6,10,16,30,162,33.41,34.37
2020,6,10,17,30,162,33.06,34.14
2020,6,10,18,30,162,31.24,32.47
2020,6,10,19,30,162,25.73,26.32
2020,6,10,20,30,162,23.69,23.88
2020,6,10,21,30,162,21.06,21.12
2020,6,10,22,30,162,19.43,19.52
2020,6,10,23,30,162,17.54,17.75
2020,6,11,0,30,163,16.3,16.2
2020,6,11,1,30,163,16.16,16.12
2020,6,11,2,30,163,14.13,14.14
2020,6,11,3,30,163,13.55,13.43
2020,6,11,4,30,163,13.24,13.25
2020,6,11,5,30,163,15.02,14.97
2020,6,11,6,30,163,19.03,19.6
2020,6,11,7,30,163,21.33,21.83
2020,6,11,8,30,163,23.81,23.92
2020,6,11,9,30,163,26.24,26.18
2020,6,11,10,30,163,28.25,28.3
2020,6,11,11,30,163,29.74,29.98
2020,6,11,12,30,163,31.68,32.19
2020,6,11,13,30,163,32.65,33.5
2020,6,11,14,30,163,33.22,34.16
2020,6,11,15,30,163,33.08,33.87
2020,6,11,16,30,163,30.48,30.86
2020,6,11,17,30,163,28.42,28.77
2020,6,11,18,30,163,27.44,27.94
2020,6,11,19,30,163,24.97,25.22
2020,6,11,20,30,163,23.07,23.23
2020,6,11,21,30,163,21.09,21.1
2020,6,11,22,30,163,20.05,20.15
2020,6,11,23,30,163,18.37,18.36
2020,6,12,0,30,164,18.09,17.99
2020,6,12,1,30,164,16.37,16.3
2020,6,12,2,30,164,15.83,15.75
2020,6,12,3,30,164,16.31,16.02
2020,6,12,4,30,164,16.36,16.24
2020,6,12,5,30,164,16.8,16.78
2020,6,12,6,30,164,17.11,17.23
2020,6,12,7,30,164,18.97,19.2
2020,6,12,8,30,164,20.87,20.97
2020,6,12,9,30,164,22.62,22.83
2020,6,12,10,30,164,21.83,22.1
2020,6,12,11,30,164,21.75,22.03
2020,6,12,12,30,164,21.82,22.04
2020,6,12,13,30,164,22.14,22.5
2020,6,12,14,30,164,21.34,21.65
2020,6,12,15,30,164,20.3,20.5
2020,6,12,16,30,164,18.19,17.97
2020,6,12,17,30,164,19.21,19.28
2020,6,12,18,30,164,18.46,18.78
2020,6,12,19,30,164,17.03,17.32
2020,6,12,20,30,164,16.08,16.28
2020,6,12,21,30,164,14.79,14.91
2020,6,12,22,30,164,13.48,13.57
2020,6,12,23,30,164,13.3,13.28
2020,6,13,0,30,165,12.89,12.88
2020,6,13,1,30,165,12.85,12.77
2020,6,13,2,30,165,13.3,13.28
2020,6,13,3,30,165,12.91,12.8
2020,6,13,4,30,165,13.23,13.18
2020,6,13,5,30,165,13.49,13.39
2020,6,13,6,30,165,14.63,14.64
2020,6,13,7,30,165,15.07,15.09
2020,6,13,8,30,165,16.38,16.45
2020,6,13,9,30,165,17.63,17.79
2020,6,13,10,30,165,19.19,19.45
2020,6,13,11,30,165,20.54,20.91
2020,6,13,12,30,165,21.41,21.86
2020,6,13,13,30,165,22.1,22.68
2020,6,13,14,30,165,22.23,22.92
2020,6,13,15,30,165,22.25,23.08
2020,6,13,16,30,165,22.65,23.45
2020,6,13,17,30,165,22.64,23.51
2020,6,13,18,30,165,21.48,22.08
2020,6,13,19,30,165,19.33,19.65
2020,6,13,20,30,165,17.61,17.85
2020,6,13,21,30,165,16.34,16.44
2020,6,13,22,30,165,14.08,14.3
2020,6,13,23,30,165,12.75,12.88
2020,6,14,0,30,166,12.28,12.29
2020,6,14,1,30,166,11.14,11.29
2020,6,14,2,30,166,10.35,10.38
2020,6,14,3,30,166,10.38,10.41
2020,6,14,4,30,166,10.31,10.34
2020,6,14,5,30,166,11.38,11.81
2020,6,14,6,30,166,14.66,15.07
2020,6,14,7,30,166,17.03,17.16
2020,6,14,8,30,166,19.15,19.31
2020,6,14,9,30,166,21.19,21.36
2020,6,14,10,30,166,23.31,23.46
2020,6,14,11,30,166,24.78,25.04
2020,6,14,12,30,166,26.06,26.39
2020,6,14,13,30,166,26.97,27.43
2020,6,14,14,30,166,27.54,28.07
2020,6,14,15,30,166,27.86,28.48
2020,6,14,16,30,166,27.97,28.58
2020,6,14,17,30,166,27.74,28.46
2020,6,14,18,30,166,26.57,27.15
2020,6,14,19,30,166,23.34,23.31
2020,6,14,20,30,166,20.9,20.84
2020,6,14,21,30,166,19.24,19.08
2020,6,14,22,30,166,17.01,17
2020,6,14,23,30,166,16.19,16.03
2020,6,15,0,30,167,15.57,15.46
2020,6,15,1,30,167,14.73,14.61
2020,6,15,2,30,167,13.97,13.81
2020,6,15,3,30,167,14,13.87
2020,6,15,4,30,167,13.71,13.48
2020,6,15,5,30,167,14.64,14.73
2020,6,15,6,30,167,18.04,18.27
2020,6,15,7,30,167,20.32,20.4
2020,6,15,8,30,167,21.76,21.85
2020,6,15,9,30,167,23.38,23.41
2020,6,15,10,30,167,24.64,24.7
2020,6,15,11,30,167,26.23,26.29
2020,6,15,12,30,167,27.07,27.25
2020,6,15,13,30,167,27.37,27.64
2020,6,15,14,30,167,27.39,27.68
2020,6,15,15,30,167,26.8,27.16
2020,6,15,16,30,167,25.81,26.31
2020,6,15,17,30,167,23.61,24.27
2020,6,15,18,30,167,22.88,23.54
2020,6,15,19,30,167,21.43,21.81
2020,6,15,20,30,167,19.69,19.9
2020,6,15,21,30,167,17.67,17.77
2020,6,15,22,30,167,16.12,16.15
2020,6,15,23,30,167,15.38,15.36
2020,6,16,0,30,168,14.94,14.88
2020,6,16,1,30,168,14.41,14.34
2020,6,16,2,30,168,13.7,13.66
2020,6,16,3,30,168,13.36,13.32
2020,6,16,4,30,168,13.02,12.97
2020,6,16,5,30,168,13.8,13.91
2020,6,16,6,30,168,15.34,15.51
2020,6,16,7,30,168,17.29,17.54
2020,6,16,8,30,168,19.03,19.15
2020,6,16,9,30,168,20.74,20.96
2020,6,16,10,30,168,22.16,22.38
2020,6,16,11,30,168,23.36,23.65
2020,6,16,12,30,168,24.15,24.49
2020,6,16,13,30,168,24.66,25.19
2020,6,16,14,30,168,25.16,25.91
2020,6,16,15,30,168,25.68,26.56
2020,6,16,16,30,168,26.04,26.84
2020,6,16,17,30,168,25.96,26.85
2020,6,16,18,30,168,25.19,26.22
2020,6,16,19,30,168,22.55,23
2020,6,16,20,30,168,20.08,20.24
2020,6,16,21,30,168,18.68,18.8
2020,6,16,22,30,168,15.91,15.97
2020,6,16,23,30,168,14.53,14.44
2020,6,17,0,30,169,13.7,13.77
2020,6,17,1,30,169,12.42,12.48
2020,6,17,2,30,169,12.08,11.95
2020,6,17,3,30,169,14.99,14.86
2020,6,17,4,30,169,15,15.11
2020,6,17,5,30,169,15.37,15.56
2020,6,17,6,30,169,17.21,17.46
2020,6,17,7,30,169,19.32,19.66
2020,6,17,8,30,169,21.61,21.92
2020,6,17,9,30,169,23.34,23.71
2020,6,17,10,30,169,24.94,25.36
2020,6,17,11,30,169,26.56,27.01
2020,6,17,12,30,169,27.53,28.12
2020,6,17,13,30,169,28.36,29.04
2020,6,17,14,30,169,28.8,29.61
2020,6,17,15,30,169,29.35,30.2
2020,6,17,16,30,169,29.71,30.5
2020,6,17,17,30,169,29.5,30.38
2020,6,17,18,30,169,28.6,29.49
2020,6,17,19,30,169,25.73,26.47
2020,6,17,20,30,169,21.53,21.96
2020,6,17,21,30,169,19.78,19.99
2020,6,17,22,30,169,18.32,18.6
2020,6,17,23,30,169,16.04,16.15
2020,6,18,0,30,170,15.4,15.67
2020,6,18,1,30,170,14.48,14.68
2020,6,18,2,30,170,14.1,14.23
2020,6,18,3,30,170,13.95,14.1
2020,6,18,4,30,170,12.82,12.9
2020,6,18,5,30,170,14.05,14.66
2020,6,18,6,30,170,18.69,19.1
2020,6,18,7,30,170,21.98,23.42
2020,6,18,8,30,170,24.64,25.81
2020,6,18,9,30,170,26.82,27.8
2020,6,18,10,30,170,28.21,28.94
2020,6,18,11,30,170,29.76,30.48
2020,6,18,12,30,170,30.75,31.55
2020,6,18,13,30,170,31.59,32.55
2020,6,18,14,30,170,32.26,33.5
2020,6,18,15,30,170,32.94,34.12
2020,6,18,16,30,170,32.99,34.27
2020,6,18,17,30,170,32.73,34.05
2020,6,18,18,30,170,31.27,32.44
2020,6,18,19,30,170,26.55,27.21
2020,6,18,20,30,170,24.58,25.11
2020,6,18,21,30,170,22.58,22.98
2020,6,18,22,30,170,19.89,20.22
2020,6,18,23,30,170,18.69,19.04
2020,6,19,0,30,171,17.67,17.98
2020,6,19,1,30,171,16.59,16.82
2020,6,19,2,30,171,15.78,15.96
2020,6,19,3,30,171,15.5,15.6
2020,6,19,4,30,171,14.73,14.89
2020,6,19,5,30,171,15.39,15.88
2020,6,19,6,30,171,20.05,20.84
2020,6,19,7,30,171,23.43,24.14
2020,6,19,8,30,171,25.06,25.48
2020,6,19,9,30,171,26.22,26.6
2020,6,19,10,30,171,28.18,28.64
2020,6,19,11,30,171,30.35,30.79
2020,6,19,12,30,171,31.71,32.19
2020,6,19,13,30,171,32.39,33.06
2020,6,19,14,30,171,33.07,33.88
2020,6,19,15,30,171,33.55,34.58
2020,6,19,16,30,171,33.47,34.57
2020,6,19,17,30,171,32.08,33.02
2020,6,19,18,30,171,30.08,30.95
2020,6,19,19,30,171,26.21,26.59
2020,6,19,20,30,171,23.02,23.13
2020,6,19,21,30,171,20.97,21
2020,6,19,22,30,171,19.05,19.13
2020,6,19,23,30,171,17.16,17.15
2020,6,20,0,30,172,16.27,16.16
2020,6,20,1,30,172,15.58,15.58
2020,6,20,2,30,172,14.48,14.44
2020,6,20,3,30,172,14.11,14.01
2020,6,20,4,30,172,13.49,13.36
2020,6,20,5,30,172,14.21,14.43
2020,6,20,6,30,172,17.35,17.44
2020,6,20,7,30,172,19.31,19.41
2020,6,20,8,30,172,21.12,21.13
2020,6,20,9,30,172,23.07,23.15
2020,6,20,10,30,172,25.03,25.04
2020,6,20,11,30,172,26.49,26.59
2020,6,20,12,30,172,28.12,28.19
2020,6,20,13,30,172,29.27,29.59
2020,6,20,14,30,172,30.8,31.28
2020,6,20,15,30,172,31.59,32.16
2020,6,20,16,30,172,31.38,31.96
2020,6,20,17,30,172,30.28,31.1
2020,6,20,18,30,172,28.05,28.49
2020,6,20,19,30,172,24.65,24.86
2020,6,20,20,30,172,21.85,21.91
2020,6,20,21,30,172,19.44,19.52
2020,6,20,22,30,172,17.77,17.75
2020,6,20,23,30,172,16.41,16.34
2020,6,21,0,30,173,15.36,15.23
2020,6,21,1,30,173,14.4,14.26
2020,6,21,2,30,173,14.14,13.98
2020,6,21,3,30,173,13.81,13.66
2020,6,21,4,30,173,13.58,13.43
2020,6,21,5,30,173,14.9,15.06
2020,6,21,6,30,173,18.43,19.15
2020,6,21,7,30,173,21.01,21.53
2020,6,21,8,30,173,23.03,23.23
2020,6,21,9,30,173,25.14,25.03
2020,6,21,10,30,173,27.45,27.16
2020,6,21,11,30,173,29.38,29.22
2020,6,21,12,30,173,31.11,31.27
2020,6,21,13,30,173,32.47,32.83
2020,6,21,14,30,173,33.66,34.08
2020,6,21,15,30,173,34.11,34.63
2020,6,21,16,30,173,33.6,33.98
2020,6,21,17,30,173,32.17,32.52
2020,6,21,18,30,173,29.8,30.25
2020,6,21,19,30,173,26.9,26.98
2020,6,21,20,30,173,24.72,24.67
2020,6,21,21,30,173,22.83,22.79
2020,6,21,22,30,173,20.84,20.75
2020,6,21,23,30,173,19.76,19.63
2020,6,22,0,30,174,18.73,18.56
2020,6,22,1,30,174,16.93,16.84
2020,6,22,2,30,174,16.35,16.11
2020,6,22,3,30,174,16.14,15.91
2020,6,22,4,30,174,16.6,16.35
2020,6,22,5,30,174,17.3,17.28
2020,6,22,6,30,174,19.65,19.78
2020,6,22,7,30,174,21.23,21.29
2020,6,22,8,30,174,23.61,23.61
2020,6,22,9,30,174,25.86,25.87
2020,6,22,10,30,174,28.33,28.33
2020,6,22,11,30,174,30.84,30.85
2020,6,22,12,30,174,32.91,32.98
2020,6,22,13,30,174,34.13,34.38
2020,6,22,14,30,174,35.03,35.5
2020,6,22,15,30,174,35.54,36.26
2020,6,22,16,30,174,35.88,36.55
2020,6,22,17,30,174,34.7,35.26
2020,6,22,18,30,174,31.87,32.21
2020,6,22,19,30,174,28.85,28.94
2020,6,22,20,30,174,25.84,25.74
2020,6,22,21,30,174,23.86,23.71
2020,6,22,22,30,174,22.32,22.17
2020,6,22,23,30,174,21.35,21.04
2020,6,23,0,30,175,20.88,20.62
2020,6,23,1,30,175,20.54,20.28
2020,6,23,2,30,175,19.83,19.78
2020,6,23,3,30,175,18.35,18.15
2020,6,23,4,30,175,16.96,16.86
2020,6,23,5,30,175,17.62,17.48
2020,6,23,6,30,175,19.27,19.45
2020,6,23,7,30,175,21.58,22.08
2020,6,23,8,30,175,23.13,23.16
2020,6,23,9,30,175,25.23,25.36
2020,6,23,10,30,175,27.24,27.18
2020,6,23,11,30,175,29.2,29.13
2020,6,23,12,30,175,30.86,30.88
2020,6,23,13,30,175,32.38,32.55
2020,6,23,14,30,175,33.74,34
2020,6,23,15,30,175,34.74,35.1
2020,6,23,16,30,175,35.04,35.46
2020,6,23,17,30,175,33.49,34.17
2020,6,23,18,30,175,30.52,31.17
2020,6,23,19,30,175,27.47,27.83
2020,6,23,20,30,175,24.55,24.64
2020,6,23,21,30,175,22.94,22.9
2020,6,23,22,30,175,20.95,20.98
2020,6,23,23,30,175,20.57,20.58
2020,6,24,0,30,176,18.87,18.91
2020,6,24,1,30,176,17.97,17.84
2020,6,24,2,30,176,16.89,16.71
2020,6,24,3,30,176,16.49,16.27
2020,6,24,4,30,176,16.04,15.83
2020,6,24,5,30,176,17.35,17.34
2020,6,24,6,30,176,19.65,19.71
2020,6,24,7,30,176,20.72,20.69
2020,6,24,8,30,176,22.49,22.42
2020,6,24,9,30,176,24.52,24.5
2020,6,24,10,30,176,26.82,26.73
2020,6,24,11,30,176,28.92,28.75
2020,6,24,12,30,176,30.63,30.54
2020,6,24,13,30,176,32.26,32.27
2020,6,24,14,30,176,33.68,33.86
2020,6,24,15,30,176,34.41,34.71
2020,6,24,16,30,176,34.81,35.15
2020,6,24,17,30,176,34.42,34.89
2020,6,24,18,30,176,32.27,32.57
2020,6,24,19,30,176,28.96,28.73
2020,6,24,20,30,176,26.61,26.27
2020,6,24,21,30,176,24.78,24.49
2020,6,24,22,30,176,22.43,22.12
2020,6,24,23,30,176,21.98,21.62
2020,6,25,0,30,177,21.48,21.02
2020,6,25,1,30,177,20.53,20.25
2020,6,25,2,30,177,20.11,19.8
2020,6,25,3,30,177,20.05,19.82
2020,6,25,4,30,177,19.28,19.12
2020,6,25,5,30,177,18.52,18.37
2020,6,25,6,30,177,19.65,19.57
2020,6,25,7,30,177,21.27,21.23
2020,6,25,8,30,177,23.55,23.48
2020,6,25,9,30,177,25.86,25.69
2020,6,25,10,30,177,28.17,27.98
2020,6,25,11,30,177,30.58,30.31
2020,6,25,12,30,177,32.99,32.78
2020,6,25,13,30,177,34.63,34.48
2020,6,25,14,30,177,35.72,35.73
2020,6,25,15,30,177,36.02,36.16
2020,6,25,16,30,177,35.72,35.91
2020,6,25,17,30,177,33.71,33.95
2020,6,25,18,30,177,31.07,31.22
2020,6,25,19,30,177,28.14,28.1
2020,6,25,20,30,177,26.45,26.23
2020,6,25,21,30,177,25.2,25.05
2020,6,25,22,30,177,24.17,24.01
2020,6,25,23,30,177,23.62,23.45
2020,6,26,0,30,178,21.87,21.74
2020,6,26,1,30,178,20.53,20.32
2020,6,26,2,30,178,19.58,19.3
2020,6,26,3,30,178,18.73,18.42
2020,6,26,4,30,178,17.6,17.33
2020,6,26,5,30,178,17.67,17.54
2020,6,26,6,30,178,18.4,18.56
2020,6,26,7,30,178,20.23,20.37
2020,6,26,8,30,178,22.49,22.38
2020,6,26,9,30,178,25.33,25.35
2020,6,26,10,30,178,28.15,28.17
2020,6,26,11,30,178,30.7,30.52
2020,6,26,12,30,178,32.68,32.54
2020,6,26,13,30,178,34.44,34.27
2020,6,26,14,30,178,35.61,35.58
2020,6,26,15,30,178,36.41,36.45
2020,6,26,16,30,178,35.75,35.82
2020,6,26,17,30,178,33.71,33.93
2020,6,26,18,30,178,30.49,30.68
2020,6,26,19,30,178,26.76,26.68
2020,6,26,20,30,178,25.06,24.85
2020,6,26,21,30,178,24.09,23.97
2020,6,26,22,30,178,22.53,22.32
2020,6,26,23,30,178,22.5,22.33
2020,6,27,0,30,179,21.51,21.44
2020,6,27,1,30,179,21.15,21.07
2020,6,27,2,30,179,19.01,18.92
2020,6,27,3,30,179,18.13,17.93
2020,6,27,4,30,179,17.39,17.17
2020,6,27,5,30,179,17.73,17.7
2020,6,27,6,30,179,19.83,20.03
2020,6,27,7,30,179,21.78,21.9
2020,6,27,8,30,179,23.99,23.91
2020,6,27,9,30,179,26.5,26.33
2020,6,27,10,30,179,28.76,28.62
2020,6,27,11,30,179,30.76,30.64
2020,6,27,12,30,179,32.06,32.01
2020,6,27,13,30,179,32.64,32.71
2020,6,27,14,30,179,32.73,32.87
2020,6,27,15,30,179,32.68,32.93
2020,6,27,16,30,179,31.5,31.86
2020,6,27,17,30,179,30.44,30.93
2020,6,27,18,30,179,27.09,27.46
2020,6,27,19,30,179,24.52,24.67
2020,6,27,20,30,179,22.64,22.7
2020,6,27,21,30,179,20.79,20.78
2020,6,27,22,30,179,19.2,19.21
2020,6,27,23,30,179,17.8,17.76
2020,6,28,0,30,180,16.55,16.49
2020,6,28,1,30,180,15.44,15.33
2020,6,28,2,30,180,14.73,14.6
2020,6,28,3,30,180,14.2,14.06
2020,6,28,4,30,180,13.81,13.64
2020,6,28,5,30,180,14.63,14.76
2020,6,28,6,30,180,16.5,16.81
2020,6,28,7,30,180,18.27,18.66
2020,6,28,8,30,180,20.22,20.45
2020,6,28,9,30,180,21.61,21.75
2020,6,28,10,30,180,23.1,23.23
2020,6,28,11,30,180,24.3,24.57
2020,6,28,12,30,180,25.63,25.94
2020,6,28,13,30,180,26.37,26.82
2020,6,28,14,30,180,26.59,27.07
2020,6,28,15,30,180,26.21,26.89
2020,6,28,16,30,180,25.8,26.53
2020,6,28,17,30,180,24.83,25.66
2020,6,28,18,30,180,23.82,24.56
2020,6,28,19,30,180,21.58,21.95
2020,6,28,20,30,180,19.5,19.66
2020,6,28,21,30,180,17.75,17.87
2020,6,28,22,30,180,16.34,16.31
2020,6,28,23,30,180,15.57,15.67
2020,6,29,0,30,181,13.95,13.97
2020,6,29,1,30,181,13.05,13.03
2020,6,29,2,30,181,12.14,12.09
2020,6,29,3,30,181,11.87,11.81
2020,6,29,4,30,181,12,11.95
2020,6,29,5,30,181,12.33,12.82
2020,6,29,6,30,181,16.7,17.14
2020,6,29,7,30,181,19.36,19.66
2020,6,29,8,30,181,21.82,22.11
2020,6,29,9,30,181,23.98,24.34
2020,6,29,10,30,181,25.52,25.96
2020,6,29,11,30,181,26.56,27.02
2020,6,29,12,30,181,27.3,27.87
2020,6,29,13,30,181,28.23,28.92
2020,6,29,14,30,181,28.8,29.64
2020,6,29,15,30,181,29.06,29.95
2020,6,29,16,30,181,29.17,30.21
2020,6,29,17,30,181,28.97,30.12
2020,6,29,18,30,181,27.97,29.23
2020,6,29,19,30,181,24.42,24.94
2020,6,29,20,30,181,21.85,22.17
2020,6,29,21,30,181,20.35,20.61
2020,6,29,22,30,181,17.56,17.82
2020,6,29,23,30,181,16.71,16.81
2020,6,30,0,30,182,16.29,16.46
2020,6,30,1,30,182,15.39,15.52
2020,6,30,2,30,182,15.06,15.23
2020,6,30,3,30,182,14.36,14.41
2020,6,30,4,30,182,13.91,13.97
2020,6,30,5,30,182,14.82,15.16
2020,6,30,6,30,182,18.72,19.19
2020,6,30,7,30,182,21.73,22.39
2020,6,30,8,30,182,24.13,24.62
2020,6,30,9,30,182,26.04,26.52
2020,6,30,10,30,182,27.96,28.43
2020,6,30,11,30,182,29.38,29.87
2020,6,30,12,30,182,30.51,31.19
2020,6,30,13,30,182,31.56,32.26
2020,6,30,14,30,182,31.88,32.89
2020,6,30,15,30,182,32.22,33.18
2020,6,30,16,30,182,32.18,33.31
2020,6,30,17,30,182,31.42,32.3
2020,6,30,18,30,182,29.68,30.58
2020,6,30,19,30,182,26.39,27.03
2020,6,30,20,30,182,23.77,23.96
2020,6,30,21,30,182,21.13,21.26
2020,6,30,22,30,182,19.58,19.64
2020,6,30,23,30,182,18.04,18.03
2020,7,1,0,30,183,17.13,17.17
2020,7,1,1,30,183,15.04,15.05
2020,7,1,2,30,183,14.25,14.22
2020,7,1,3,30,183,13.97,13.96
2020,7,1,4,30,183,13.54,13.49
2020,7,1,5,30,183,14.61,14.9
2020,7,1,6,30,183,19.2,19.75
2020,7,1,7,30,183,20.92,21.09
2020,7,1,8,30,183,23.02,23.1
2020,7,1,9,30,183,24.75,24.79
2020,7,1,10,30,183,26.93,27.05
2020,7,1,11,30,183,28.87,29.07
2020,7,1,12,30,183,30.38,30.71
2020,7,1,13,30,183,31.6,32.14
2020,7,1,14,30,183,32.36,33.24
2020,7,1,15,30,183,32.51,33.55
2020,7,1,16,30,183,32.42,33.38
2020,7,1,17,30,183,31.21,31.97
2020,7,1,18,30,183,28.4,29.05
2020,7,1,19,30,183,24.39,24.63
2020,7,1,20,30,183,22.37,22.42
2020,7,1,21,30,183,20.04,20.15
2020,7,1,22,30,183,18.09,18.14
2020,7,1,23,30,183,17.33,17.21
2020,7,2,0,30,184,16.48,16.56
2020,7,2,1,30,184,14.79,14.75
2020,7,2,2,30,184,13.45,13.39
2020,7,2,3,30,184,13.17,13.06
2020,7,2,4,30,184,12.61,12.5
2020,7,2,5,30,184,13.39,13.46
2020,7,2,6,30,184,15.1,15.29
2020,7,2,7,30,184,17.12,17.59
2020,7,2,8,30,184,19.55,19.58
2020,7,2,9,30,184,21.77,21.86
2020,7,2,10,30,184,23.91,24.1
2020,7,2,11,30,184,25.7,25.87
2020,7,2,12,30,184,27.32,27.58
2020,7,2,13,30,184,28.43,28.92
2020,7,2,14,30,184,29.38,30
2020,7,2,15,30,184,29.49,30.2
2020,7,2,16,30,184,29.08,29.74
2020,7,2,17,30,184,27.26,27.84
2020,7,2,18,30,184,24.87,25.34
2020,7,2,19,30,184,22.18,22.37
2020,7,2,20,30,184,20.02,20.1
2020,7,2,21,30,184,18.11,18.2
2020,7,2,22,30,184,16.52,16.49
2020,7,2,23,30,184,15.47,15.44
2020,7,3,0,30,185,14.67,14.51
2020,7,3,1,30,185,13.82,13.85
2020,7,3,2,30,185,13.36,13.18
2020,7,3,3,30,185,13.49,13.36
2020,7,3,4,30,185,12.86,12.78
2020,7,3,5,30,185,12.94,12.97
2020,7,3,6,30,185,14.91,15.14
2020,7,3,7,30,185,16.82,17.32
2020,7,3,8,30,185,19.33,19.63
2020,7,3,9,30,185,21.48,21.62
2020,7,3,10,30,185,23.52,23.74
2020,7,3,11,30,185,25.63,25.8
2020,7,3,12,30,185,27.19,27.49
2020,7,3,13,30,185,28.24,28.65
2020,7,3,14,30,185,28.97,29.68
2020,7,3,15,30,185,29.7,30.58
2020,7,3,16,30,185,30.04,31.03
2020,7,3,17,30,185,29.45,30.35
2020,7,3,18,30,185,28.12,28.94
2020,7,3,19,30,185,24.55,24.88
2020,7,3,20,30,185,21.75,21.81
2020,7,3,21,30,185,19.02,19.08
2020,7,3,22,30,185,16.45,16.35
2020,7,3,23,30,185,15.55,15.64
2020,7,4,0,30,186,14.01,14.06
2020,7,4,1,30,186,13.48,13.42
2020,7,4,2,30,186,12.88,12.85
2020,7,4,3,30,186,12.67,12.68
2020,7,4,4,30,186,12.55,12.54
2020,7,4,5,30,186,13.37,13.71
2020,7,4,6,30,186,17.58,18.07
2020,7,4,7,30,186,21.71,22.22
2020,7,4,8,30,186,23.32,23.74
2020,7,4,9,30,186,25.11,25.53
2020,7,4,10,30,186,26.97,27.4
2020,7,4,11,30,186,28.87,29.21
2020,7,4,12,30,186,30.9,31.43
2020,7,4,13,30,186,32.15,33
2020,7,4,14,30,186,32.99,34.14
2020,7,4,15,30,186,33.48,34.64
2020,7,4,16,30,186,33.73,34.96
2020,7,4,17,30,186,33.24,34.49
2020,7,4,18,30,186,31.39,32.47
2020,7,4,19,30,186,28.19,28.63
2020,7,4,20,30,186,25.5,25.81
2020,7,4,21,30,186,21.99,22.32
2020,7,4,22,30,186,20.68,20.9
2020,7,4,23,30,186,18.29,18.36
2020,7,5,0,30,187,16.8,16.88
2020,7,5,1,30,187,16.12,16.03
2020,7,5,2,30,187,15.49,15.63
2020,7,5,3,30,187,14.19,14.26
2020,7,5,4,30,187,13.61,13.59
2020,7,5,5,30,187,14.57,15.02
2020,7,5,6,30,187,18.97,20.31
2020,7,5,7,30,187,22.18,22.86
2020,7,5,8,30,187,24.5,25.04
2020,7,5,9,30,187,26.77,27.11
2020,7,5,10,30,187,28.66,28.96
2020,7,5,11,30,187,30.63,30.93
2020,7,5,12,30,187,32.28,32.57
2020,7,5,13,30,187,33.4,33.9
2020,7,5,14,30,187,34.04,34.91
2020,7,5,15,30,187,34.11,35.11
2020,7,5,16,30,187,34.05,35.09
2020,7,5,17,30,187,32.97,34.13
2020,7,5,18,30,187,30.29,31.43
2020,7,5,19,30,187,26.12,26.93
2020,7,5,20,30,187,22.91,23.3
2020,7,5,21,30,187,19.69,20.18
2020,7,5,22,30,187,17.65,17.96
2020,7,5,23,30,187,16.97,17.04
2020,7,6,0,30,188,15.89,16.04
2020,7,6,1,30,188,14.12,14.25
2020,7,6,2,30,188,13.66,13.73
2020,7,6,3,30,188,12.72,12.82
2020,7,6,4,30,188,12.29,12.36
2020,7,6,5,30,188,13.34,13.69
2020,7,6,6,30,188,17.26,18.28
2020,7,6,7,30,188,20.12,20.99
2020,7,6,8,30,188,22.2,22.79
2020,7,6,9,30,188,23.98,24.41
2020,7,6,10,30,188,26.04,26.45
2020,7,6,11,30,188,28.24,28.6
2020,7,6,12,30,188,29.55,29.96
2020,7,6,13,30,188,30.26,30.84
2020,7,6,14,30,188,30.6,31.38
2020,7,6,15,30,188,30.42,31.28
2020,7,6,16,30,188,30.07,30.94
2020,7,6,17,30,188,28.64,29.61
2020,7,6,18,30,188,26.3,27.21
2020,7,6,19,30,188,23.79,24.43
2020,7,6,20,30,188,20.71,21.1
2020,7,6,21,30,188,18.77,19.04
2020,7,6,22,30,188,16.88,17.06
2020,7,6,23,30,188,15.43,15.64
2020,7,7,0,30,189,14.9,14.99
2020,7,7,1,30,189,14.51,14.54
2020,7,7,2,30,189,13.84,13.95
2020,7,7,3,30,189,13.31,13.3
2020,7,7,4,30,189,11.89,12.1
2020,7,7,5,30,189,12.69,13.03
2020,7,7,6,30,189,15.78,16.33
2020,7,7,7,30,189,16.93,17.3
2020,7,7,8,30,189,18.67,19.1
2020,7,7,9,30,189,20.55,20.79
2020,7,7,10,30,189,22.24,22.51
2020,7,7,11,30,189,23.67,24.1
2020,7,7,12,30,189,25.98,26.48
2020,7,7,13,30,189,27.97,28.62
2020,7,7,14,30,189,29.58,30.34
2020,7,7,15,30,189,30.5,31.4
2020,7,7,16,30,189,30.92,31.85
2020,7,7,17,30,189,30.96,32
2020,7,7,18,30,189,29.35,30.18
2020,7,7,19,30,189,26.02,26.42
2020,7,7,20,30,189,22.81,23.04
2020,7,7,21,30,189,20.82,21.02
2020,7,7,22,30,189,19.22,19.37
2020,7,7,23,30,189,17.56,17.77
2020,7,8,0,30,190,15.75,15.79
2020,7,8,1,30,190,15.22,15.23
2020,7,8,2,30,190,15.06,15.15
2020,7,8,3,30,190,14.3,14.49
2020,7,8,4,30,190,12.89,12.94
2020,7,8,5,30,190,13.78,14.06
2020,7,8,6,30,190,18.18,19.04
2020,7,8,7,30,190,20.98,21.68
2020,7,8,8,30,190,22.96,23.41
2020,7,8,9,30,190,25.59,25.91
2020,7,8,10,30,190,28.13,28.35
2020,7,8,11,30,190,30.16,30.52
2020,7,8,12,30,190,31.38,31.86
2020,7,8,13,30,190,32.54,33.28
2020,7,8,14,30,190,33.11,33.95
2020,7,8,15,30,190,33.36,34.27
2020,7,8,16,30,190,33.42,34.42
2020,7,8,17,30,190,32.74,33.63
2020,7,8,18,30,190,30.64,31.39
2020,7,8,19,30,190,26.95,27.29
2020,7,8,20,30,190,23.77,23.75
2020,7,8,21,30,190,20.6,20.63
2020,7,8,22,30,190,19.8,19.77
2020,7,8,23,30,190,18.16,18.27
2020,7,9,0,30,191,17.21,17.2
2020,7,9,1,30,191,15.92,15.91
2020,7,9,2,30,191,15.36,15.3
2020,7,9,3,30,191,15.17,15.13
2020,7,9,4,30,191,14.63,14.62
2020,7,9,5,30,191,15.3,15.66
2020,7,9,6,30,191,18.52,18.95
2020,7,9,7,30,191,20.36,20.8
2020,7,9,8,30,191,22.66,22.91
2020,7,9,9,30,191,25.07,25.44
2020,7,9,10,30,191,27.46,27.79
2020,7,9,11,30,191,29.75,30.03
2020,7,9,12,30,191,31.65,32.01
2020,7,9,13,30,191,33.09,33.64
2020,7,9,14,30,191,33.73,34.56
2020,7,9,15,30,191,34.12,35.07
2020,7,9,16,30,191,34.15,35.25
2020,7,9,17,30,191,33.74,34.89
2020,7,9,18,30,191,31.87,32.77
2020,7,9,19,30,191,27.56,27.86
2020,7,9,20,30,191,25.27,25.34
2020,7,9,21,30,191,21.71,21.69
2020,7,9,22,30,191,20.86,20.84
2020,7,9,23,30,191,19.41,19.29
2020,7,10,0,30,192,17.85,17.83
2020,7,10,1,30,192,16.86,16.74
2020,7,10,2,30,192,16,15.87
2020,7,10,3,30,192,15.72,15.6
2020,7,10,4,30,192,15.4,15.27
2020,7,10,5,30,192,15.82,15.95
2020,7,10,6,30,192,20.22,21.17
2020,7,10,7,30,192,23.03,23.98
2020,7,10,8,30,192,24.9,25.34
2020,7,10,9,30,192,26.93,27.28
2020,7,10,10,30,192,28.65,28.96
2020,7,10,11,30,192,30.61,30.97
2020,7,10,12,30,192,32.68,33.07
2020,7,10,13,30,192,34.04,34.6
2020,7,10,14,30,192,34.66,35.29
2020,7,10,15,30,192,35.22,36
2020,7,10,16,30,192,34.05,34.73
2020,7,10,17,30,192,33.15,34.05
2020,7,10,18,30,192,31.76,32.63
2020,7,10,19,30,192,27.92,28.33
2020,7,10,20,30,192,25.82,25.88
2020,7,10,21,30,192,24.03,24.3
2020,7,10,22,30,192,21.45,21.58
2020,7,10,23,30,192,21.19,21.49
2020,7,11,0,30,193,19.37,19.6
2020,7,11,1,30,193,17.82,17.99
2020,7,11,2,30,193,16.22,16.34
2020,7,11,3,30,193,14.47,14.56
2020,7,11,4,30,193,13.74,13.7
2020,7,11,5,30,193,14.42,14.9
2020,7,11,6,30,193,19.52,19.86
2020,7,11,7,30,193,24.28,25.48
2020,7,11,8,30,193,27.15,27.67
2020,7,11,9,30,193,29.07,29.59
2020,7,11,10,30,193,30.84,31.27
2020,7,11,11,30,193,32.9,33.23
2020,7,11,12,30,193,34.78,35.42
2020,7,11,13,30,193,35.87,37
2020,7,11,14,30,193,36.34,37.56
2020,7,11,15,30,193,36.63,37.95
2020,7,11,16,30,193,36.59,37.96
2020,7,11,17,30,193,35.77,37.28
2020,7,11,18,30,193,33.24,34.61
2020,7,11,19,30,193,29.95,30.71
2020,7,11,20,30,193,25.46,25.91
2020,7,11,21,30,193,21.94,22.16
2020,7,11,22,30,193,20.08,20.26
2020,7,11,23,30,193,19.08,19.38
2020,7,12,0,30,194,17.74,17.89
2020,7,12,1,30,194,17.25,17.36
2020,7,12,2,30,194,16.64,16.95
2020,7,12,3,30,194,15.73,15.96
2020,7,12,4,30,194,14.65,14.77
2020,7,12,5,30,194,15.33,15.85
2020,7,12,6,30,194,20.1,21.13
2020,7,12,7,30,194,24.84,25.65
2020,7,12,8,30,194,26.59,27.3
2020,7,12,9,30,194,28.57,29.14
2020,7,12,10,30,194,30.89,31.38
2020,7,12,11,30,194,33.03,33.57
2020,7,12,12,30,194,34.68,35.53
2020,7,12,13,30,194,36.18,37.4
2020,7,12,14,30,194,36.84,38.1
2020,7,12,15,30,194,36.87,38.42
2020,7,12,16,30,194,36.92,38.42
2020,7,12,17,30,194,36.22,37.89
2020,7,12,18,30,194,33.4,34.99
2020,7,12,19,30,194,29.02,29.83
2020,7,12,20,30,194,23.56,24.12
2020,7,12,21,30,194,20.88,21.07
2020,7,12,22,30,194,20.41,20.52
2020,7,12,23,30,194,22.56,22.57
2020,7,13,0,30,195,20.6,20.44
2020,7,13,1,30,195,18.86,19.13
2020,7,13,2,30,195,16.97,16.97
2020,7,13,3,30,195,16.68,16.73
2020,7,13,4,30,195,15.58,15.72
2020,7,13,5,30,195,15.79,16.03
2020,7,13,6,30,195,20.95,21.36
2020,7,13,7,30,195,22.77,23.02
2020,7,13,8,30,195,24.86,25.08
2020,7,13,9,30,195,27.23,27.42
2020,7,13,10,30,195,28.19,28.27
2020,7,13,11,30,195,29.42,29.61
2020,7,13,12,30,195,30.73,30.99
2020,7,13,13,30,195,32.33,32.74
2020,7,13,14,30,195,33.41,33.94
2020,7,13,15,30,195,33.31,33.94
2020,7,13,16,30,195,32.5,32.99
2020,7,13,17,30,195,31.29,31.87
2020,7,13,18,30,195,28.96,29.46
2020,7,13,19,30,195,26.02,26.14
2020,7,13,20,30,195,23.6,23.65
2020,7,13,21,30,195,21.42,21.42
2020,7,13,22,30,195,20.22,20.16
2020,7,13,23,30,195,18.68,18.64
2020,7,14,0,30,196,17.41,17.36
2020,7,14,1,30,196,16.06,15.96
2020,7,14,2,30,196,15.18,15.05
2020,7,14,3,30,196,14.75,14.58
2020,7,14,4,30,196,14.1,13.95
2020,7,14,5,30,196,14.03,14.06
2020,7,14,6,30,196,15.76,15.89
2020,7,14,7,30,196,17.55,17.89
2020,7,14,8,30,196,20.3,20.43
2020,7,14,9,30,196,22.39,22.38
2020,7,14,10,30,196,24.63,24.69
2020,7,14,11,30,196,26.74,26.97
2020,7,14,12,30,196,28.77,28.98
2020,7,14,13,30,196,30.02,30.39
2020,7,14,14,30,196,31.07,31.67
2020,7,14,15,30,196,31.45,32.18
2020,7,14,16,30,196,31.71,32.48
2020,7,14,17,30,196,31.04,31.69
2020,7,14,18,30,196,28.57,28.98
2020,7,14,19,30,196,25.21,25.27
2020,7,14,20,30,196,22.69,22.69
2020,7,14,21,30,196,20.8,20.69
2020,7,14,22,30,196,19.39,19.32
2020,7,14,23,30,196,18.01,17.84
2020,7,15,0,30,197,17.2,17.06
2020,7,15,1,30,197,16.26,16.08
2020,7,15,2,30,197,15.58,15.37
2020,7,15,3,30,197,15.08,14.85
2020,7,15,4,30,197,15.02,14.79
2020,7,15,5,30,197,14.84,14.92
2020,7,15,6,30,197,16.7,17.47
2020,7,15,7,30,197,18,18.26
2020,7,15,8,30,197,19.85,19.98
2020,7,15,9,30,197,22.37,22.44
2020,7,15,10,30,197,24.68,24.61
2020,7,15,11,30,197,26.83,26.81
2020,7,15,12,30,197,29.09,29.15
2020,7,15,13,30,197,31.17,31.42
2020,7,15,14,30,197,32.54,32.93
2020,7,15,15,30,197,33.25,33.73
2020,7,15,16,30,197,33.21,33.55
2020,7,15,17,30,197,32.44,32.84
2020,7,15,18,30,197,29.52,29.93
2020,7,15,19,30,197,25.89,26.07
2020,7,15,20,30,197,23.31,23.33
2020,7,15,21,30,197,21.57,21.52
2020,7,15,22,30,197,20.54,20.43
2020,7,15,23,30,197,19.15,19.12
2020,7,16,0,30,198,17.79,17.67
2020,7,16,1,30,198,16.98,16.85
2020,7,16,2,30,198,15.92,15.71
2020,7,16,3,30,198,15.89,15.68
2020,7,16,4,30,198,15.18,14.97
2020,7,16,5,30,198,15.41,15.54
2020,7,16,6,30,198,16.72,16.93
2020,7,16,7,30,198,18.56,18.62
2020,7,16,8,30,198,20.3,20.24
2020,7,16,9,30,198,22.52,22.57
2020,7,16,10,30,198,24.75,24.67
2020,7,16,11,30,198,27,26.98
2020,7,16,12,30,198,28.39,28.54
2020,7,16,13,30,198,29.82,30.07
2020,7,16,14,30,198,30.42,30.91
2020,7,16,15,30,198,30.64,31.27
2020,7,16,16,30,198,29.67,30.4
2020,7,16,17,30,198,28.14,29
2020,7,16,18,30,198,26.12,26.9
2020,7,16,19,30,198,23.49,23.87
2020,7,16,20,30,198,21.38,21.76
2020,7,16,21,30,198,19.9,20.08
2020,7,16,22,30,198,18.61,18.63
2020,7,16,23,30,198,17.79,17.79
2020,7,17,0,30,199,17.09,17.05
2020,7,17,1,30,199,15.91,15.78
2020,7,17,2,30,199,15.66,15.54
2020,7,17,3,30,199,15.15,14.88
2020,7,17,4,30,199,14.56,14.51
2020,7,17,5,30,199,14.54,14.84
2020,7,17,6,30,199,16.48,17.25
2020,7,17,7,30,199,18.37,18.62
2020,7,17,8,30,199,20.56,20.59
2020,7,17,9,30,199,22.95,22.99
2020,7,17,10,30,199,25.04,25.18
2020,7,17,11,30,199,27.12,27.35
2020,7,17,12,30,199,28.97,29.31
2020,7,17,13,30,199,30.19,30.84
2020,7,17,14,30,199,31.15,31.83
2020,7,17,15,30,199,31.48,32.09
2020,7,17,16,30,199,31.49,32.27
2020,7,17,17,30,199,30.43,30.99
2020,7,17,18,30,199,27.42,27.72
2020,7,17,19,30,199,24.22,24.34
2020,7,17,20,30,199,21.98,21.98
2020,7,17,21,30,199,20.18,20.13
2020,7,17,22,30,199,18.68,18.52
2020,7,17,23,30,199,18.35,18.14
2020,7,18,0,30,200,17.52,17.4
2020,7,18,1,30,200,16.8,16.63
2020,7,18,2,30,200,16.31,16.12
2020,7,18,3,30,200,15.83,15.64
2020,7,18,4,30,200,15.32,15.1
2020,7,18,5,30,200,15.72,15.52
2020,7,18,6,30,200,17.39,17.48
2020,7,18,7,30,200,19.76,20.01
2020,7,18,8,30,200,22.78,22.88
2020,7,18,9,30,200,25.13,25.08
2020,7,18,10,30,200,27.11,27.03
2020,7,18,11,30,200,28.74,28.84
2020,7,18,12,30,200,30.64,30.83
2020,7,18,13,30,200,32.46,32.7
2020,7,18,14,30,200,33.75,34.09
2020,7,18,15,30,200,34.73,35.04
2020,7,18,16,30,200,34.84,35.14
2020,7,18,17,30,200,33.78,34.36
2020,7,18,18,30,200,31.17,31.69
2020,7,18,19,30,200,27.26,27.36
2020,7,18,20,30,200,24.55,24.61
2020,7,18,21,30,200,22.72,22.76
2020,7,18,22,30,200,21.32,21.43
2020,7,18,23,30,200,19.39,19.21
2020,7,19,0,30,201,17.91,17.84
2020,7,19,1,30,201,17.06,16.89
2020,7,19,2,30,201,16.22,16.07
2020,7,19,3,30,201,16.64,16.25
2020,7,19,4,30,201,16.32,16.31
2020,7,19,5,30,201,15.13,15.24
2020,7,19,6,30,201,17.72,18.52
2020,7,19,7,30,201,19.72,20.4
2020,7,19,8,30,201,21.46,21.4
2020,7,19,9,30,201,23.54,23.5
2020,7,19,10,30,201,25.65,25.65
2020,7,19,11,30,201,27.8,27.85
2020,7,19,12,30,201,29.7,29.76
2020,7,19,13,30,201,31.24,31.37
2020,7,19,14,30,201,31.35,31.75
2020,7,19,15,30,201,31.51,32.07
2020,7,19,16,30,201,30.4,31
2020,7,19,17,30,201,29.1,29.79
2020,7,19,18,30,201,27.16,27.79
2020,7,19,19,30,201,24.57,24.86
2020,7,19,20,30,201,22.81,23.05
2020,7,19,21,30,201,20.4,20.5
2020,7,19,22,30,201,19.17,19.18
2020,7,19,23,30,201,18.67,18.72
2020,7,20,0,30,202,17.09,17.12
2020,7,20,1,30,202,16.27,16.14
2020,7,20,2,30,202,16,15.9
2020,7,20,3,30,202,14.85,14.7
2020,7,20,4,30,202,14.64,14.41
2020,7,20,5,30,202,14.77,14.69
2020,7,20,6,30,202,15.86,15.92
2020,7,20,7,30,202,17.16,17.15
2020,7,20,8,30,202,18.76,18.69
2020,7,20,9,30,202,20.86,20.78
2020,7,20,10,30,202,22.6,22.52
2020,7,20,11,30,202,24.46,24.45
2020,7,20,12,30,202,26.59,26.56
2020,7,20,13,30,202,28.23,28.38
2020,7,20,14,30,202,29.4,29.77
2020,7,20,15,30,202,29.72,30.04
2020,7,20,16,30,202,29.16,29.46
2020,7,20,17,30,202,27.45,27.91
2020,7,20,18,30,202,25.84,26.18
2020,7,20,19,30,202,23.14,23.15
2020,7,20,20,30,202,21.25,21.16
2020,7,20,21,30,202,20.15,20.08
2020,7,20,22,30,202,18.9,18.84
2020,7,20,23,30,202,18.13,18.1
2020,7,21,0,30,203,17.03,16.93
2020,7,21,1,30,203,16.83,16.73
2020,7,21,2,30,203,15.89,15.78
2020,7,21,3,30,203,15.36,15.15
2020,7,21,4,30,203,14.88,14.67
2020,7,21,5,30,203,14.75,14.75
2020,7,21,6,30,203,15.75,16.15
2020,7,21,7,30,203,17.29,17.46
2020,7,21,8,30,203,19.56,19.64
2020,7,21,9,30,203,21.92,21.88
2020,7,21,10,30,203,23.95,23.98
2020,7,21,11,30,203,25.79,26.04
2020,7,21,12,30,203,26.97,27.2
2020,7,21,13,30,203,27.89,28.02
2020,7,21,14,30,203,28.25,28.55
2020,7,21,15,30,203,28.52,28.84
2020,7,21,16,30,203,28.66,28.83
2020,7,21,17,30,203,29.58,30.27
2020,7,21,18,30,203,27.22,27.77
2020,7,21,19,30,203,24,24.1
2020,7,21,20,30,203,21.49,21.47
2020,7,21,21,30,203,19.03,19
2020,7,21,22,30,203,17.61,17.39
2020,7,21,23,30,203,16.48,16.28
2020,7,22,0,30,204,15.88,15.6
2020,7,22,1,30,204,15.19,14.97
2020,7,22,2,30,204,14.68,14.43
2020,7,22,3,30,204,13.71,13.52
2020,7,22,4,30,204,13.91,13.55
2020,7,22,5,30,204,14.26,13.95
2020,7,22,6,30,204,15.14,15.06
2020,7,22,7,30,204,16.65,16.57
2020,7,22,8,30,204,19.13,19.02
2020,7,22,9,30,204,21.58,21.47
2020,7,22,10,30,204,23.78,23.7
2020,7,22,11,30,204,25.58,25.69
2020,7,22,12,30,204,27.16,27.4
2020,7,22,13,30,204,28.27,28.64
2020,7,22,14,30,204,29.1,29.57
2020,7,22,15,30,204,29.3,30.03
2020,7,22,16,30,204,29.29,30.03
2020,7,22,17,30,204,28.21,28.7
2020,7,22,18,30,204,25.84,26.2
2020,7,22,19,30,204,23.01,23.13
2020,7,22,20,30,204,20.47,20.42
2020,7,22,21,30,204,18.53,18.38
2020,7,22,22,30,204,17.29,17.09
2020,7,22,23,30,204,16.23,16.05
2020,7,23,0,30,205,15.37,15.15
2020,7,23,1,30,205,14.7,14.47
2020,7,23,2,30,205,13.82,13.6
2020,7,23,3,30,205,13.94,13.65
2020,7,23,4,30,205,13.7,13.49
2020,7,23,5,30,205,13.73,13.62
2020,7,23,6,30,205,15.72,15.67
2020,7,23,7,30,205,17.1,17.1
2020,7,23,8,30,205,18.75,18.65
2020,7,23,9,30,205,21.47,21.37
2020,7,23,10,30,205,23.69,23.62
2020,7,23,11,30,205,26.27,26.22
2020,7,23,12,30,205,27.85,27.91
2020,7,23,13,30,205,29.54,29.76
2020,7,23,14,30,205,30.61,31.02
2020,7,23,15,30,205,31.38,31.89
2020,7,23,16,30,205,31.38,31.98
2020,7,23,17,30,205,30.4,31.17
2020,7,23,18,30,205,27.9,28.58
2020,7,23,19,30,205,24.24,24.42
2020,7,23,20,30,205,22.17,22.06
2020,7,23,21,30,205,20.18,20.13
2020,7,23,22,30,205,18.82,18.53
2020,7,23,23,30,205,18.38,18.1
2020,7,24,0,30,206,17.67,17.53
2020,7,24,1,30,206,16.69,16.54
2020,7,24,2,30,206,15.95,15.8
2020,7,24,3,30,206,14.64,14.53
2020,7,24,4,30,206,14.62,14.39
2020,7,24,5,30,206,14.92,14.86
2020,7,24,6,30,206,18.5,18.49
2020,7,24,7,30,206,20.24,20.24
2020,7,24,8,30,206,22.27,22.24
2020,7,24,9,30,206,24.06,24.04
2020,7,24,10,30,206,25.63,25.73
2020,7,24,11,30,206,27.42,27.57
2020,7,24,12,30,206,28.73,28.85
2020,7,24,13,30,206,30.1,30.28
2020,7,24,14,30,206,31.17,31.39
2020,7,24,15,30,206,31.42,31.74
2020,7,24,16,30,206,30.93,31.62
2020,7,24,17,30,206,29.46,30.33
2020,7,24,18,30,206,27.03,27.75
2020,7,24,19,30,206,24,24.16
2020,7,24,20,30,206,22,21.98
2020,7,24,21,30,206,19.62,19.72
2020,7,24,22,30,206,17.78,17.67
2020,7,24,23,30,206,16.58,16.46
2020,7,25,0,30,207,16.12,15.93
2020,7,25,1,30,207,15.15,15.06
2020,7,25,2,30,207,14.9,14.71
2020,7,25,3,30,207,14.28,14.25
2020,7,25,4,30,207,13.85,13.73
2020,7,25,5,30,207,14.32,14.12
2020,7,25,6,30,207,15.73,15.7
2020,7,25,7,30,207,17.8,17.91
2020,7,25,8,30,207,20.68,20.7
2020,7,25,9,30,207,23.05,22.97
2020,7,25,10,30,207,25.37,25.33
2020,7,25,11,30,207,27.73,27.74
2020,7,25,12,30,207,29.74,29.95
2020,7,25,13,30,207,31.35,31.8
2020,7,25,14,30,207,32.34,33.13
2020,7,25,15,30,207,33.11,34.13
2020,7,25,16,30,207,33.36,34.3
2020,7,25,17,30,207,32.7,33.44
2020,7,25,18,30,207,29.56,30.25
2020,7,25,19,30,207,26.14,26.46
2020,7,25,20,30,207,23.54,23.67
2020,7,25,21,30,207,22.41,22.4
2020,7,25,22,30,207,20.25,20.26
2020,7,25,23,30,207,19.5,19.38
2020,7,26,0,30,208,18.26,18.23
2020,7,26,1,30,208,17.18,17.09
2020,7,26,2,30,208,17.72,17.42
2020,7,26,3,30,208,16.8,16.87
2020,7,26,4,30,208,15.75,15.51
2020,7,26,5,30,208,15.63,15.88
2020,7,26,6,30,208,17.65,18.24
2020,7,26,7,30,208,20.22,20.46
2020,7,26,8,30,208,21.85,21.83
2020,7,26,9,30,208,23.91,23.91
2020,7,26,10,30,208,26.35,26.3
2020,7,26,11,30,208,28.5,28.62
2020,7,26,12,30,208,30.75,30.91
2020,7,26,13,30,208,32.71,32.98
2020,7,26,14,30,208,33.93,34.37
2020,7,26,15,30,208,34.33,35.1
2020,7,26,16,30,208,34.06,34.95
2020,7,26,17,30,208,32.4,33.27
2020,7,26,18,30,208,29.58,30.27
2020,7,26,19,30,208,26.18,26.47
2020,7,26,20,30,208,23.78,24.32
2020,7,26,21,30,208,21.37,21.63
2020,7,26,22,30,208,20.12,20.33
2020,7,26,23,30,208,19.3,19.38
2020,7,27,0,30,209,18.43,18.58
2020,7,27,1,30,209,17.39,17.48
2020,7,27,2,30,209,17.07,17.09
2020,7,27,3,30,209,16.17,16.29
2020,7,27,4,30,209,16.09,16.21
2020,7,27,5,30,209,15.64,15.77
2020,7,27,6,30,209,18.65,19.07
2020,7,27,7,30,209,20.76,21.12
2020,7,27,8,30,209,22.16,22.43
2020,7,27,9,30,209,24.02,24.25
2020,7,27,10,30,209,26.06,26.43
2020,7,27,11,30,209,28.88,29.24
2020,7,27,12,30,209,31.39,31.76
2020,7,27,13,30,209,33.17,33.65
2020,7,27,14,30,209,33.94,34.54
2020,7,27,15,30,209,34.34,35.1
2020,7,27,16,30,209,33.85,34.74
2020,7,27,17,30,209,31.63,32.54
2020,7,27,18,30,209,29.05,29.95
2020,7,27,19,30,209,25.44,25.87
2020,7,27,20,30,209,23,23.37
2020,7,27,21,30,209,20.67,20.95
2020,7,27,22,30,209,19.35,19.38
2020,7,27,23,30,209,17.78,17.91
2020,7,28,0,30,210,16.41,16.41
2020,7,28,1,30,210,15.7,15.66
2020,7,28,2,30,210,15.01,15.04
2020,7,28,3,30,210,14.15,14.04
2020,7,28,4,30,210,14.19,14.05
2020,7,28,5,30,210,14.11,14.11
2020,7,28,6,30,210,17.09,17.27
2020,7,28,7,30,210,19.79,19.96
2020,7,28,8,30,210,21.65,21.75
2020,7,28,9,30,210,24.33,24.58
2020,7,28,10,30,210,26.78,26.92
2020,7,28,11,30,210,29.06,29.03
2020,7,28,12,30,210,31.68,31.74
2020,7,28,13,30,210,33.35,33.57
2020,7,28,14,30,210,34.46,34.83
2020,7,28,15,30,210,35.02,35.6
2020,7,28,16,30,210,34.71,35.35
2020,7,28,17,30,210,33.53,34.22
2020,7,28,18,30,210,30.26,30.9
2020,7,28,19,30,210,25.88,26.01
2020,7,28,20,30,210,23.43,23.4
2020,7,28,21,30,210,20.98,21
2020,7,28,22,30,210,19.63,19.58
2020,7,28,23,30,210,18.12,18.11
2020,7,29,0,30,211,16.84,16.74
2020,7,29,1,30,211,15.8,15.75
2020,7,29,2,30,211,15.07,15.03
2020,7,29,3,30,211,14.42,14.28
2020,7,29,4,30,211,13.79,13.64
2020,7,29,5,30,211,13.82,14.29
2020,7,29,6,30,211,17.02,18.02
2020,7,29,7,30,211,21.06,22.2
2020,7,29,8,30,211,23.46,24.09
2020,7,29,9,30,211,25.7,25.96
2020,7,29,10,30,211,27.8,28.01
2020,7,29,11,30,211,29.93,30.16
2020,7,29,12,30,211,32.16,32.53
2020,7,29,13,30,211,33.31,34.03
2020,7,29,14,30,211,34.17,35.08
2020,7,29,15,30,211,34.33,35.4
2020,7,29,16,30,211,33.88,34.89
2020,7,29,17,30,211,32.68,33.6
2020,7,29,18,30,211,30.16,31.29
2020,7,29,19,30,211,25.84,26.22
2020,7,29,20,30,211,23.48,23.6
2020,7,29,21,30,211,21.3,21.39
2020,7,29,22,30,211,19.34,19.44
2020,7,29,23,30,211,17.68,17.64
2020,7,30,0,30,212,17.01,16.9
2020,7,30,1,30,212,17.33,17.21
2020,7,30,2,30,212,16.78,16.87
2020,7,30,3,30,212,14.88,14.85
2020,7,30,4,30,212,13.43,13.35
2020,7,30,5,30,212,13.89,13.97
2020,7,30,6,30,212,17.02,17.35
2020,7,30,7,30,212,19.08,19.3
2020,7,30,8,30,212,21.01,21.14
2020,7,30,9,30,212,23.01,23.16
2020,7,30,10,30,212,25.45,25.58
2020,7,30,11,30,212,27.99,28.17
2020,7,30,12,30,212,30.13,30.39
2020,7,30,13,30,212,32.12,32.55
2020,7,30,14,30,212,32.96,33.8
2020,7,30,15,30,212,33.57,34.5
2020,7,30,16,30,212,33.33,34.29
2020,7,30,17,30,212,32.1,33.13
2020,7,30,18,30,212,29.79,31.01
2020,7,30,19,30,212,25.36,25.89
2020,7,30,20,30,212,22.86,23.05
2020,7,30,21,30,212,19.82,19.94
2020,7,30,22,30,212,18.38,18.34
2020,7,30,23,30,212,17.17,17.05
2020,7,31,0,30,213,15.42,15.32
2020,7,31,1,30,213,14.88,14.87
2020,7,31,2,30,213,14.3,14.22
2020,7,31,3,30,213,13.73,13.63
2020,7,31,4,30,213,13.5,13.5
2020,7,31,5,30,213,14.32,14.58
2020,7,31,6,30,213,16.89,17.17
2020,7,31,7,30,213,17.94,18.2
2020,7,31,8,30,213,20.11,20.63
2020,7,31,9,30,213,22.45,22.76
2020,7,31,10,30,213,24.91,25.04
2020,7,31,11,30,213,27.56,27.77
2020,7,31,12,30,213,29.93,30.29
2020,7,31,13,30,213,31.82,32.48
2020,7,31,14,30,213,32.7,33.58
2020,7,31,15,30,213,33.24,34.29
2020,7,31,16,30,213,32.76,33.86
2020,7,31,17,30,213,31.64,32.82
2020,7,31,18,30,213,28.33,29.1
2020,7,31,19,30,213,24.51,24.79
2020,7,31,20,30,213,21.23,21.63
2020,7,31,21,30,213,19.36,19.35
2020,7,31,22,30,213,17.61,17.83
2020,7,31,23,30,213,15.65,15.69
2020,8,1,0,30,214,14.94,14.93
2020,8,1,1,30,214,14.3,14.32
2020,8,1,2,30,214,13.47,13.52
2020,8,1,3,30,214,12.54,12.57
2020,8,1,4,30,214,11.75,11.8
2020,8,1,5,30,214,11.64,11.73
2020,8,1,6,30,214,15.3,15.88
2020,8,1,7,30,214,19.21,20.09
2020,8,1,8,30,214,21.22,21.77
2020,8,1,9,30,214,23.35,23.67
2020,8,1,10,30,214,25.66,25.9
2020,8,1,11,30,214,27.6,27.79
2020,8,1,12,30,214,29.46,29.72
2020,8,1,13,30,214,30.85,31.3
2020,8,1,14,30,214,32.23,32.81
2020,8,1,15,30,214,33.03,33.81
2020,8,1,16,30,214,33.03,33.9
2020,8,1,17,30,214,31.92,32.9
2020,8,1,18,30,214,28.93,29.75
2020,8,1,19,30,214,24.9,25.18
2020,8,1,20,30,214,21.72,21.78
2020,8,1,21,30,214,19.09,19.14
2020,8,1,22,30,214,17.92,17.98
2020,8,1,23,30,214,16.52,16.61
2020,8,2,0,30,215,15.46,15.39
2020,8,2,1,30,215,15.2,15.18
2020,8,2,2,30,215,14.55,14.59
2020,8,2,3,30,215,15.24,14.87
2020,8,2,4,30,215,13.28,13.32
2020,8,2,5,30,215,13.36,13.45
2020,8,2,6,30,215,16.4,16.73
2020,8,2,7,30,215,20.02,20.32
2020,8,2,8,30,215,22.3,22.55
2020,8,2,9,30,215,24.59,24.77
2020,8,2,10,30,215,26.28,26.46
2020,8,2,11,30,215,28.2,28.43
2020,8,2,12,30,215,30.54,30.89
2020,8,2,13,30,215,32.11,32.51
2020,8,2,14,30,215,32.96,33.62
2020,8,2,15,30,215,33.65,34.44
2020,8,2,16,30,215,33.48,34.45
2020,8,2,17,30,215,32.73,33.64
2020,8,2,18,30,215,29.5,30.23
2020,8,2,19,30,215,25.63,25.91
2020,8,2,20,30,215,23.54,23.69
2020,8,2,21,30,215,22.03,22.11
2020,8,2,22,30,215,20,20.09
2020,8,2,23,30,215,17.62,17.67
2020,8,3,0,30,216,17.17,17.09
2020,8,3,1,30,216,16.61,16.57
2020,8,3,2,30,216,15.62,15.54
2020,8,3,3,30,216,15.3,15.2
2020,8,3,4,30,216,14.76,14.66
2020,8,3,5,30,216,14.78,14.78
2020,8,3,6,30,216,18.59,19.31
2020,8,3,7,30,216,22,23.27
2020,8,3,8,30,216,24.23,24.69
2020,8,3,9,30,216,26.26,26.6
2020,8,3,10,30,216,28.18,28.34
2020,8,3,11,30,216,30.52,30.59
2020,8,3,12,30,216,32.24,32.29
2020,8,3,13,30,216,33.41,33.65
2020,8,3,14,30,216,34.23,34.76
2020,8,3,15,30,216,34.4,35.12
2020,8,3,16,30,216,34.13,34.92
2020,8,3,17,30,216,31.65,32.41
2020,8,3,18,30,216,28.86,29.44
2020,8,3,19,30,216,25.83,25.99
2020,8,3,20,30,216,24.34,24.31
2020,8,3,21,30,216,21.47,21.44
2020,8,3,22,30,216,20.13,19.99
2020,8,3,23,30,216,18.86,18.62
2020,8,4,0,30,217,19.77,19.47
2020,8,4,1,30,217,17.98,18.05
2020,8,4,2,30,217,15.86,15.71
2020,8,4,3,30,217,14.86,14.68
2020,8,4,4,30,217,14.52,14.32
2020,8,4,5,30,217,14.89,14.81
2020,8,4,6,30,217,18.16,18.15
2020,8,4,7,30,217,20.06,20.18
2020,8,4,8,30,217,22.26,22.35
2020,8,4,9,30,217,24.2,24.29
2020,8,4,10,30,217,25.94,26.05
2020,8,4,11,30,217,27.89,28
2020,8,4,12,30,217,29.6,29.68
2020,8,4,13,30,217,30.96,31.2
2020,8,4,14,30,217,31.8,32.07
2020,8,4,15,30,217,32,32.46
2020,8,4,16,30,217,32.08,32.62
2020,8,4,17,30,217,30.66,31.15
2020,8,4,18,30,217,27.6,27.96
2020,8,4,19,30,217,24.36,24.32
2020,8,4,20,30,217,22.31,22.23
2020,8,4,21,30,217,20.29,20.15
2020,8,4,22,30,217,18.73,18.52
2020,8,4,23,30,217,17.65,17.45
2020,8,5,0,30,218,16.81,16.55
2020,8,5,1,30,218,15.86,15.67
2020,8,5,2,30,218,14.99,14.75
2020,8,5,3,30,218,14.67,14.41
2020,8,5,4,30,218,13.92,13.8
2020,8,5,5,30,218,13.8,13.76
2020,8,5,6,30,218,16.35,16.34
2020,8,5,7,30,218,18.57,18.95
2020,8,5,8,30,218,20.42,20.78
2020,8,5,9,30,218,21.92,21.94
2020,8,5,10,30,218,23.41,23.28
2020,8,5,11,30,218,24.48,24.4
2020,8,5,12,30,218,25.68,25.64
2020,8,5,13,30,218,26.5,26.59
2020,8,5,14,30,218,26.55,26.73
2020,8,5,15,30,218,26.65,27.01
2020,8,5,16,30,218,25.78,26.07
2020,8,5,17,30,218,24.28,24.63
2020,8,5,18,30,218,22.32,22.56
2020,8,5,19,30,218,19.9,19.81
2020,8,5,20,30,218,17.87,17.72
2020,8,5,21,30,218,16.66,16.46
2020,8,5,22,30,218,15.68,15.48
2020,8,5,23,30,218,14.61,14.41
2020,8,6,0,30,219,14.16,13.92
2020,8,6,1,30,219,13.76,13.51
2020,8,6,2,30,219,13.19,13.02
2020,8,6,3,30,219,12.9,12.71
2020,8,6,4,30,219,12.61,12.43
2020,8,6,5,30,219,12.99,12.87
2020,8,6,6,30,219,15.24,15.28
2020,8,6,7,30,219,17.33,17.3
2020,8,6,8,30,219,19.12,18.98
2020,8,6,9,30,219,20.61,20.38
2020,8,6,10,30,219,21.72,21.48
2020,8,6,11,30,219,23.53,23.34
2020,8,6,12,30,219,25.3,25.21
2020,8,6,13,30,219,26.65,26.85
2020,8,6,14,30,219,27.54,27.89
2020,8,6,15,30,219,28.27,28.76
2020,8,6,16,30,219,28.83,29.4
2020,8,6,17,30,219,28.79,29.34
2020,8,6,18,30,219,27.23,27.63
2020,8,6,19,30,219,24.15,24.05
2020,8,6,20,30,219,22.4,22.35
2020,8,6,21,30,219,20.5,20.35
2020,8,6,22,30,219,18.36,18.16
2020,8,6,23,30,219,18.21,17.91
2020,8,7,0,30,220,17,16.82
2020,8,7,1,30,220,15.72,15.46
2020,8,7,2,30,220,15.21,14.92
2020,8,7,3,30,220,14.85,14.61
2020,8,7,4,30,220,14.23,14
2020,8,7,5,30,220,14.52,14.42
2020,8,7,6,30,220,17.66,17.74
2020,8,7,7,30,220,19.2,19.16
2020,8,7,8,30,220,21.42,21.4
2020,8,7,9,30,220,23.47,23.55
2020,8,7,10,30,220,25.68,25.7
2020,8,7,11,30,220,27.27,27.37
2020,8,7,12,30,220,28.68,28.77
2020,8,7,13,30,220,29.71,30.17
2020,8,7,14,30,220,30.56,31.15
2020,8,7,15,30,220,31.04,31.67
2020,8,7,16,30,220,31.15,31.92
2020,8,7,17,30,220,30.91,31.83
2020,8,7,18,30,220,28.79,29.68
2020,8,7,19,30,220,26.1,26.05
2020,8,7,20,30,220,23.47,23.36
2020,8,7,21,30,220,22.23,22.01
2020,8,7,22,30,220,20.87,20.68
2020,8,7,23,30,220,19.77,19.51
2020,8,8,0,30,221,19.1,18.77
2020,8,8,1,30,221,18.06,17.77
2020,8,8,2,30,221,17.78,17.48
2020,8,8,3,30,221,17.27,16.99
2020,8,8,4,30,221,16.62,16.36
2020,8,8,5,30,221,16.35,16.14
2020,8,8,6,30,221,19.31,19.45
2020,8,8,7,30,221,22.1,22.54
2020,8,8,8,30,221,23.95,24.4
2020,8,8,9,30,221,25.77,25.9
2020,8,8,10,30,221,27.68,27.8
2020,8,8,11,30,221,29.68,29.72
2020,8,8,12,30,221,31.3,31.39
2020,8,8,13,30,221,32.54,32.97
2020,8,8,14,30,221,33.38,34.04
2020,8,8,15,30,221,33.7,34.45
2020,8,8,16,30,221,33.58,34.39
2020,8,8,17,30,221,32.63,33.35
2020,8,8,18,30,221,30.42,30.65
2020,8,8,19,30,221,27.05,26.98
2020,8,8,20,30,221,25.51,25.3
2020,8,8,21,30,221,23.47,23.25
2020,8,8,22,30,221,21.53,21.35
2020,8,8,23,30,221,20.79,20.51
2020,8,9,0,30,222,19.69,19.43
2020,8,9,1,30,222,19.28,19.09
2020,8,9,2,30,222,18.42,18.23
2020,8,9,3,30,222,18.15,17.85
2020,8,9,4,30,222,17.71,17.68
2020,8,9,5,30,222,17.22,17.17
2020,8,9,6,30,222,19.76,20.28
2020,8,9,7,30,222,22.59,23.22
2020,8,9,8,30,222,24.55,24.64
2020,8,9,9,30,222,26.28,26.32
2020,8,9,10,30,222,28.52,28.43
2020,8,9,11,30,222,30.72,30.66
2020,8,9,12,30,222,32.86,32.98
2020,8,9,13,30,222,34.28,34.6
2020,8,9,14,30,222,35.13,35.64
2020,8,9,15,30,222,35.61,36.51
2020,8,9,16,30,222,35.85,36.53
2020,8,9,17,30,222,35.23,36.07
2020,8,9,18,30,222,32.97,33.48
2020,8,9,19,30,222,29.59,29.66
2020,8,9,20,30,222,26.75,26.89
2020,8,9,21,30,222,24.57,24.75
2020,8,9,22,30,222,22.81,22.87
2020,8,9,23,30,222,22.39,22.41
2020,8,10,0,30,223,21.35,21.41
2020,8,10,1,30,223,19.97,20.1
2020,8,10,2,30,223,18.33,18.25
2020,8,10,3,30,223,18.13,18.07
2020,8,10,4,30,223,17.75,17.72
2020,8,10,5,30,223,17.46,17.48
2020,8,10,6,30,223,20.27,21.11
2020,8,10,7,30,223,22.98,23.47
2020,8,10,8,30,223,24.1,24.43
2020,8,10,9,30,223,25.67,25.89
2020,8,10,10,30,223,27.56,27.69
2020,8,10,11,30,223,29.41,29.56
2020,8,10,12,30,223,31.42,31.52
2020,8,10,13,30,223,32.87,33.2
2020,8,10,14,30,223,34.05,34.65
2020,8,10,15,30,223,34.57,35.15
2020,8,10,16,30,223,33.57,34.13
2020,8,10,17,30,223,31.01,31.62
2020,8,10,18,30,223,27.68,28.23
2020,8,10,19,30,223,24.63,24.84
2020,8,10,20,30,223,22.43,22.5
2020,8,10,21,30,223,20.83,20.81
2020,8,10,22,30,223,19.65,19.55
2020,8,10,23,30,223,19.27,19.17
2020,8,11,0,30,224,18.61,18.51
2020,8,11,1,30,224,17.68,17.61
2020,8,11,2,30,224,16.92,16.72
2020,8,11,3,30,224,16.23,16.09
2020,8,11,4,30,224,15.86,15.56
2020,8,11,5,30,224,15.4,15.5
2020,8,11,6,30,224,17.09,17.18
2020,8,11,7,30,224,18.19,18.06
2020,8,11,8,30,224,18.88,18.67
2020,8,11,9,30,224,22.51,22.58
2020,8,11,10,30,224,24.49,24.56
2020,8,11,11,30,224,26.49,26.69
2020,8,11,12,30,224,28.12,28.27
2020,8,11,13,30,224,29.35,29.69
2020,8,11,14,30,224,30.33,30.79
2020,8,11,15,30,224,30.24,30.81
2020,8,11,16,30,224,29.72,30.34
2020,8,11,17,30,224,28.37,29.08
2020,8,11,18,30,224,25.93,26.57
2020,8,11,19,30,224,23.49,23.62
2020,8,11,20,30,224,21.64,21.62
2020,8,11,21,30,224,19.51,19.52
2020,8,11,22,30,224,18.4,18.39
2020,8,11,23,30,224,16.86,16.6
2020,8,12,0,30,225,16.68,16.38
2020,8,12,1,30,225,14.97,14.89
2020,8,12,2,30,225,14.22,14.04
2020,8,12,3,30,225,13.98,13.79
2020,8,12,4,30,225,14.12,13.87
2020,8,12,5,30,225,13.17,13.16
2020,8,12,6,30,225,16.28,16.75
2020,8,12,7,30,225,19.06,19.06
2020,8,12,8,30,225,21.46,21.43
2020,8,12,9,30,225,24.24,24.19
2020,8,12,10,30,225,26.55,26.7
2020,8,12,11,30,225,28.59,28.74
2020,8,12,12,30,225,30.82,30.88
2020,8,12,13,30,225,32.51,32.81
2020,8,12,14,30,225,33.62,34.2
2020,8,12,15,30,225,34.46,35.38
2020,8,12,16,30,225,34.51,35.5
2020,8,12,17,30,225,33.71,34.41
2020,8,12,18,30,225,31,31.57
2020,8,12,19,30,225,27.96,28.16
2020,8,12,20,30,225,25.83,26.11
2020,8,12,21,30,225,22.55,22.68
2020,8,12,22,30,225,21.22,21.13
2020,8,12,23,30,225,20.58,20.78
2020,8,13,0,30,226,19.34,19.33
2020,8,13,1,30,226,19.47,19.38
2020,8,13,2,30,226,18.58,18.67
2020,8,13,3,30,226,17.08,17
2020,8,13,4,30,226,16.71,16.74
2020,8,13,5,30,226,16.24,16.21
2020,8,13,6,30,226,19.4,19.45
2020,8,13,7,30,226,24.99,25.32
2020,8,13,8,30,226,28.21,28.65
2020,8,13,9,30,226,29.95,30.49
2020,8,13,10,30,226,31.45,31.82
2020,8,13,11,30,226,33.34,33.93
2020,8,13,12,30,226,34.4,35.18
2020,8,13,13,30,226,35.37,36.34
2020,8,13,14,30,226,35.93,36.75
2020,8,13,15,30,226,36.12,37.03
2020,8,13,16,30,226,35.31,36.07
2020,8,13,17,30,226,35.47,36.45
2020,8,13,18,30,226,32.33,32.75
2020,8,13,19,30,226,31.08,31.35
2020,8,13,20,30,226,28.79,29.17
2020,8,13,21,30,226,26.44,26.53
2020,8,13,22,30,226,24.62,24.61
2020,8,13,23,30,226,22.67,22.65
2020,8,14,0,30,227,22.15,22.09
2020,8,14,1,30,227,22.02,21.72
2020,8,14,2,30,227,22.59,22.39
2020,8,14,3,30,227,22.88,22.75
2020,8,14,4,30,227,22.62,22.39
2020,8,14,5,30,227,21.96,21.7
2020,8,14,6,30,227,23.03,22.89
2020,8,14,7,30,227,26.68,27.16
2020,8,14,8,30,227,30.72,31.05
2020,8,14,9,30,227,32.98,33.33
2020,8,14,10,30,227,34.78,35.11
2020,8,14,11,30,227,35.77,36.18
2020,8,14,12,30,227,36.34,36.72
2020,8,14,13,30,227,36.78,37.27
2020,8,14,14,30,227,37.83,38.56
2020,8,14,15,30,227,38.45,39.38
2020,8,14,16,30,227,38.41,39.41
2020,8,14,17,30,227,37.26,38.3
2020,8,14,18,30,227,34.32,35.11
2020,8,14,19,30,227,30.33,30.42
2020,8,14,20,30,227,26.74,26.49
2020,8,14,21,30,227,25.22,25.02
2020,8,14,22,30,227,24.51,24.33
2020,8,14,23,30,227,24.35,24.34
2020,8,15,0,30,228,23.54,23.45
2020,8,15,1,30,228,22.8,22.66
2020,8,15,2,30,228,22.38,22.21
2020,8,15,3,30,228,22.27,22.12
2020,8,15,4,30,228,22.28,22.07
2020,8,15,5,30,228,21.43,21.36
2020,8,15,6,30,228,24,24.72
2020,8,15,7,30,228,27.7,28.72
2020,8,15,8,30,228,31.43,31.83
2020,8,15,9,30,228,33.32,33.3
2020,8,15,10,30,228,34.79,34.8
2020,8,15,11,30,228,36.54,36.66
2020,8,15,12,30,228,37.74,38.05
2020,8,15,13,30,228,38.02,38.35
2020,8,15,14,30,228,38.75,39.32
2020,8,15,15,30,228,38.63,38.95
2020,8,15,16,30,228,38.54,39.25
2020,8,15,17,30,228,37.56,37.8
2020,8,15,18,30,228,35.16,35.41
2020,8,15,19,30,228,31.83,31.57
2020,8,15,20,30,228,30.17,30.02
2020,8,15,21,30,228,27.7,27.3
2020,8,15,22,30,228,27.41,27.25
2020,8,15,23,30,228,25.7,25.53
2020,8,16,0,30,229,24.1,23.62
2020,8,16,1,30,229,23.47,23.21
2020,8,16,2,30,229,22.95,22.65
2020,8,16,3,30,229,22.75,22.31
2020,8,16,4,30,229,24.37,23.95
2020,8,16,5,30,229,26.84,26.61
2020,8,16,6,30,229,28.57,28.45
2020,8,16,7,30,229,31.37,31.31
2020,8,16,8,30,229,34.25,34.25
2020,8,16,9,30,229,37.09,37.31
2020,8,16,10,30,229,38.22,38.49
2020,8,16,11,30,229,39,39.23
2020,8,16,12,30,229,39.85,40.2
2020,8,16,13,30,229,40.59,41.08
2020,8,16,14,30,229,41.11,41.81
2020,8,16,15,30,229,41.17,41.91
2020,8,16,16,30,229,41.12,41.91
2020,8,16,17,30,229,39.46,40.12
2020,8,16,18,30,229,36.86,37.04
2020,8,16,19,30,229,34.69,34.61
2020,8,16,20,30,229,32.31,32.16
2020,8,16,21,30,229,30.33,29.81
2020,8,16,22,30,229,29.05,28.64
2020,8,16,23,30,229,27.59,27.2
2020,8,17,0,30,230,26.3,25.83
2020,8,17,1,30,230,24.84,24.4
2020,8,17,2,30,230,24.34,23.86
2020,8,17,3,30,230,23.42,22.99
2020,8,17,4,30,230,22.48,21.94
2020,8,17,5,30,230,23.17,22.59
2020,8,17,6,30,230,24.73,24.66
2020,8,17,7,30,230,28.1,27.77
2020,8,17,8,30,230,30.77,30.58
2020,8,17,9,30,230,34.5,34.29
2020,8,17,10,30,230,35.68,35.52
2020,8,17,11,30,230,37.01,36.72
2020,8,17,12,30,230,38.71,38.68
2020,8,17,13,30,230,39.41,39.65
2020,8,17,14,30,230,38.95,39.24
2020,8,17,15,30,230,38.7,38.95
2020,8,17,16,30,230,37.34,37.5
2020,8,17,17,30,230,35.04,34.98
2020,8,17,18,30,230,33.61,33.36
2020,8,17,19,30,230,32.17,31.84
2020,8,17,20,30,230,30.15,29.88
2020,8,17,21,30,230,27.79,27.3
2020,8,17,22,30,230,26.67,26.02
2020,8,17,23,30,230,26.79,26.03
2020,8,18,0,30,231,25.5,25.07
2020,8,18,1,30,231,25.47,24.88
2020,8,18,2,30,231,24.67,23.98
2020,8,18,3,30,231,24.18,23.55
2020,8,18,4,30,231,23.56,22.92
2020,8,18,5,30,231,22.79,22.13
2020,8,18,6,30,231,23.96,23.62
2020,8,18,7,30,231,27.72,27.3
2020,8,18,8,30,231,29.94,29.7
2020,8,18,9,30,231,31.9,31.7
2020,8,18,10,30,231,33.91,33.71
2020,8,18,11,30,231,35.66,35.59
2020,8,18,12,30,231,36.93,36.87
2020,8,18,13,30,231,37.95,37.85
2020,8,18,14,30,231,38.46,38.53
2020,8,18,15,30,231,38.03,38.08
2020,8,18,16,30,231,37.47,37.61
2020,8,18,17,30,231,35.98,35.99
2020,8,18,18,30,231,33.18,33.09
2020,8,18,19,30,231,30.36,29.92
2020,8,18,20,30,231,28.25,27.86
2020,8,18,21,30,231,26.8,26.41
2020,8,18,22,30,231,26.09,25.69
2020,8,18,23,30,231,24.54,24.25
2020,8,19,0,30,232,23.21,22.79
2020,8,19,1,30,232,22.48,22.21
2020,8,19,2,30,232,21.93,21.6
2020,8,19,3,30,232,21.46,21.1
2020,8,19,4,30,232,20.68,20.3
2020,8,19,5,30,232,20.17,19.81
2020,8,19,6,30,232,20.75,20.41
2020,8,19,7,30,232,23.37,23.06
2020,8,19,8,30,232,25.51,25.2
2020,8,19,9,30,232,28.25,27.97
2020,8,19,10,30,232,31.75,32.6
2020,8,19,11,30,232,33.59,34.24
2020,8,19,12,30,232,35.31,35.8
2020,8,19,13,30,232,35.66,36.23
2020,8,19,14,30,232,35.18,35.74
2020,8,19,15,30,232,34.87,35.51
2020,8,19,16,30,232,33.56,34.14
2020,8,19,17,30,232,31.95,32.45
2020,8,19,18,30,232,29.9,30.35
2020,8,19,19,30,232,27.93,28.2
2020,8,19,20,30,232,25.76,26.1
2020,8,19,21,30,232,24.32,24.46
2020,8,19,22,30,232,23.31,23.39
2020,8,19,23,30,232,21.46,21.4
2020,8,20,0,30,233,19.55,19.5
2020,8,20,1,30,233,19.03,19.05
2020,8,20,2,30,233,18.1,18.03
2020,8,20,3,30,233,17.65,17.68
2020,8,20,4,30,233,16.74,16.71
2020,8,20,5,30,233,15.41,15.29
2020,8,20,6,30,233,16.92,16.89
2020,8,20,7,30,233,20.55,21.09
2020,8,20,8,30,233,21.93,22.53
2020,8,20,9,30,233,23.13,23.76
2020,8,20,10,30,233,24.57,25.09
2020,8,20,11,30,233,27.29,27.87
2020,8,20,12,30,233,29.83,30.45
2020,8,20,13,30,233,31.35,32.19
2020,8,20,14,30,233,32.18,33.05
2020,8,20,15,30,233,31.37,32.18
2020,8,20,16,30,233,29.95,30.54
2020,8,20,17,30,233,28.21,28.55
2020,8,20,18,30,233,26.07,26.28
2020,8,20,19,30,233,23.44,23.31
2020,8,20,20,30,233,21.13,20.95
2020,8,20,21,30,233,19.5,19.44
2020,8,20,22,30,233,18.26,18.08
2020,8,20,23,30,233,17.24,17.05
2020,8,21,0,30,234,16.56,16.35
2020,8,21,1,30,234,16.15,15.95
2020,8,21,2,30,234,15.57,15.41
2020,8,21,3,30,234,14.98,14.8
2020,8,21,4,30,234,14.29,14.1
2020,8,21,5,30,234,14.24,13.98
2020,8,21,6,30,234,14.91,14.65
2020,8,21,7,30,234,17.03,16.71
2020,8,21,8,30,234,20.01,20.29
2020,8,21,9,30,234,22.75,22.93
2020,8,21,10,30,234,24.87,25.12
2020,8,21,11,30,234,26.68,26.92
2020,8,21,12,30,234,27.94,28.08
2020,8,21,13,30,234,28.68,28.9
2020,8,21,14,30,234,29.67,29.88
2020,8,21,15,30,234,30.1,30.25
2020,8,21,16,30,234,29.72,29.39
2020,8,21,17,30,234,28.37,27.99
2020,8,21,18,30,234,26.69,26.1
2020,8,21,19,30,234,24.63,24.03
2020,8,21,20,30,234,22.43,22
2020,8,21,21,30,234,20.52,20.03
2020,8,21,22,30,234,20.04,19.58
2020,8,21,23,30,234,19.26,18.86
2020,8,22,0,30,235,18.52,18.1
2020,8,22,1,30,235,18.09,17.7
2020,8,22,2,30,235,17.61,17.29
2020,8,22,3,30,235,17.38,16.99
2020,8,22,4,30,235,16.79,16.57
2020,8,22,5,30,235,16.26,15.95
2020,8,22,6,30,235,17.3,17.07
2020,8,22,7,30,235,20.17,20.08
2020,8,22,8,30,235,23.16,23.91
2020,8,22,9,30,235,25.67,26.09
2020,8,22,10,30,235,27.24,27.38
2020,8,22,11,30,235,28.22,28.24
2020,8,22,12,30,235,28.63,28.51
2020,8,22,13,30,235,29.59,29.53
2020,8,22,14,30,235,31.47,31.67
2020,8,22,15,30,235,33.02,33.31
2020,8,22,16,30,235,33.42,33.61
2020,8,22,17,30,235,32.94,33
2020,8,22,18,30,235,30.14,29.73
2020,8,22,19,30,235,26.29,25.47
2020,8,22,20,30,235,25.44,24.77
2020,8,22,21,30,235,23.84,23.3
2020,8,22,22,30,235,22,21.42
2020,8,22,23,30,235,21.63,21.22
2020,8,23,0,30,236,20.96,20.61
2020,8,23,1,30,236,20.15,19.73
2020,8,23,2,30,236,19.57,19.11
2020,8,23,3,30,236,19.78,19.37
2020,8,23,4,30,236,18.85,18.53
2020,8,23,5,30,236,18.13,17.78
2020,8,23,6,30,236,18.68,18.42
2020,8,23,7,30,236,22.36,22.07
2020,8,23,8,30,236,25.22,25.28
2020,8,23,9,30,236,27.14,27.37
2020,8,23,10,30,236,28.68,28.82
2020,8,23,11,30,236,30.42,30.68
2020,8,23,12,30,236,31.39,31.83
2020,8,23,13,30,236,32.43,33.04
2020,8,23,14,30,236,32.76,33.12
2020,8,23,15,30,236,32.23,32.44
2020,8,23,16,30,236,31.18,31.48
2020,8,23,17,30,236,29.6,29.78
2020,8,23,18,30,236,28.25,28.22
2020,8,23,19,30,236,26.68,26.65
2020,8,23,20,30,236,25.58,25.63
2020,8,23,21,30,236,24.47,24.44
2020,8,23,22,30,236,24.29,24.24
2020,8,23,23,30,236,24.32,24.29
2020,8,24,0,30,237,22.24,22.1
2020,8,24,1,30,237,21.66,21.44
2020,8,24,2,30,237,20.59,20.35
2020,8,24,3,30,237,19.83,19.56
2020,8,24,4,30,237,20.16,19.82
2020,8,24,5,30,237,20.1,19.74
2020,8,24,6,30,237,20.51,20.09
2020,8,24,7,30,237,23.45,22.86
2020,8,24,8,30,237,26.07,25.7
2020,8,24,9,30,237,27.53,27.37
2020,8,24,10,30,237,28.2,28.05
2020,8,24,11,30,237,29.32,29.42
2020,8,24,12,30,237,30.69,30.81
2020,8,24,13,30,237,31.99,32.07
2020,8,24,14,30,237,32.63,32.54
2020,8,24,15,30,237,32.36,32.3
2020,8,24,16,30,237,31.23,31.4
2020,8,24,17,30,237,30.08,30.23
2020,8,24,18,30,237,28.47,28.23
2020,8,24,19,30,237,26.84,26.53
2020,8,24,20,30,237,26.3,25.96
2020,8,24,21,30,237,25.25,24.83
2020,8,24,22,30,237,24.47,24.08
2020,8,24,23,30,237,23.84,23.49
2020,8,25,0,30,238,23.29,22.87
2020,8,25,1,30,238,22.86,22.39
2020,8,25,2,30,238,22.61,22.14
2020,8,25,3,30,238,22.53,22.17
2020,8,25,4,30,238,20.86,20.54
2020,8,25,5,30,238,19.48,19.07
2020,8,25,6,30,238,19.41,19.1
2020,8,25,7,30,238,20.62,20.38
2020,8,25,8,30,238,22,21.79
2020,8,25,9,30,238,23.57,23.4
2020,8,25,10,30,238,25.85,25.58
2020,8,25,11,30,238,27.74,27.5
2020,8,25,12,30,238,29.66,29.56
2020,8,25,13,30,238,30.82,30.96
2020,8,25,14,30,238,31.54,31.74
2020,8,25,15,30,238,31.52,31.7
2020,8,25,16,30,238,30.98,31.1
2020,8,25,17,30,238,29.58,29.62
2020,8,25,18,30,238,27.06,26.92
2020,8,25,19,30,238,24.79,24.46
2020,8,25,20,30,238,23.31,22.9
2020,8,25,21,30,238,22.56,22.19
2020,8,25,22,30,238,21.42,21.16
2020,8,25,23,30,238,20.8,20.38
2020,8,26,0,30,239,20.05,19.91
2020,8,26,1,30,239,19.53,19.22
2020,8,26,2,30,239,18.51,18.35
2020,8,26,3,30,239,17.54,17.24
2020,8,26,4,30,239,17.2,16.89
2020,8,26,5,30,239,17.04,16.76
2020,8,26,6,30,239,18.59,18.59
2020,8,26,7,30,239,20.68,20.89
2020,8,26,8,30,239,22.72,22.93
2020,8,26,9,30,239,24.76,25.02
2020,8,26,10,30,239,26.52,26.68
2020,8,26,11,30,239,28.19,28.45
2020,8,26,12,30,239,29.54,29.93
2020,8,26,13,30,239,30.69,31.1
2020,8,26,14,30,239,31.25,31.86
2020,8,26,15,30,239,31.34,32.02
2020,8,26,16,30,239,30.63,31.25
2020,8,26,17,30,239,27.91,28.5
2020,8,26,18,30,239,25.12,25.38
2020,8,26,19,30,239,22.15,22.18
2020,8,26,20,30,239,20.54,20.52
2020,8,26,21,30,239,19.31,19.36
2020,8,26,22,30,239,17.41,17.43
2020,8,26,23,30,239,15.8,15.8
2020,8,27,0,30,240,15.18,15.01
2020,8,27,1,30,240,15.14,15.04
2020,8,27,2,30,240,13.92,13.93
2020,8,27,3,30,240,13.2,13.09
2020,8,27,4,30,240,13.09,12.98
2020,8,27,5,30,240,12.89,12.79
2020,8,27,6,30,240,13.8,13.77
2020,8,27,7,30,240,15.99,15.85
2020,8,27,8,30,240,18.55,18.59
2020,8,27,9,30,240,21.08,21.02
2020,8,27,10,30,240,22.86,22.87
2020,8,27,11,30,240,24.78,24.72
2020,8,27,12,30,240,26.57,26.53
2020,8,27,13,30,240,28.5,28.69
2020,8,27,14,30,240,30.26,30.8
2020,8,27,15,30,240,31.15,32.11
2020,8,27,16,30,240,31.49,32.52
2020,8,27,17,30,240,30.16,31.05
2020,8,27,18,30,240,26.82,26.88
2020,8,27,19,30,240,23.83,23.77
2020,8,27,20,30,240,20.66,20.57
2020,8,27,21,30,240,18.89,18.66
2020,8,27,22,30,240,18.31,18.21
2020,8,27,23,30,240,17.64,17.37
2020,8,28,0,30,241,17.2,16.87
2020,8,28,1,30,241,16.47,16.3
2020,8,28,2,30,241,15.88,15.66
2020,8,28,3,30,241,15.15,14.91
2020,8,28,4,30,241,14.59,14.37
2020,8,28,5,30,241,14.25,14.02
2020,8,28,6,30,241,15.77,15.57
2020,8,28,7,30,241,19.27,19.45
2020,8,28,8,30,241,21.86,22.27
2020,8,28,9,30,241,24.19,24.5
2020,8,28,10,30,241,26.33,26.53
2020,8,28,11,30,241,28.69,28.88
2020,8,28,12,30,241,30.76,31.12
2020,8,28,13,30,241,32.06,32.58
2020,8,28,14,30,241,32.9,33.62
2020,8,28,15,30,241,33.13,34.12
2020,8,28,16,30,241,32.63,33.31
2020,8,28,17,30,241,30.42,30.93
2020,8,28,18,30,241,27.15,27.1
2020,8,28,19,30,241,25.3,25.1
2020,8,28,20,30,241,23.24,23.01
2020,8,28,21,30,241,21.03,20.85
2020,8,28,22,30,241,19.82,19.61
2020,8,28,23,30,241,18.34,18.11
2020,8,29,0,30,242,17.91,17.61
2020,8,29,1,30,242,17.82,17.51
2020,8,29,2,30,242,17.51,17.27
2020,8,29,3,30,242,16.47,16.27
2020,8,29,4,30,242,15.45,15.17
2020,8,29,5,30,242,14.99,14.75
2020,8,29,6,30,242,16.18,15.96
2020,8,29,7,30,242,19.66,19.46
2020,8,29,8,30,242,21.99,21.84
2020,8,29,9,30,242,23.74,23.67
2020,8,29,10,30,242,25.64,25.53
2020,8,29,11,30,242,27.79,27.85
2020,8,29,12,30,242,29.3,29.55
2020,8,29,13,30,242,30.56,30.91
2020,8,29,14,30,242,31.3,31.88
2020,8,29,15,30,242,31.34,31.9
2020,8,29,16,30,242,30.68,31.42
2020,8,29,17,30,242,28.43,29.08
2020,8,29,18,30,242,25.69,25.9
2020,8,29,19,30,242,22.15,22.07
2020,8,29,20,30,242,20.22,20.08
2020,8,29,21,30,242,19.81,19.79
2020,8,29,22,30,242,18.55,18.41
2020,8,29,23,30,242,17.02,16.9
2020,8,30,0,30,243,15.94,15.83
2020,8,30,1,30,243,15.55,15.28
2020,8,30,2,30,243,15.19,14.93
2020,8,30,3,30,243,14.55,14.32
2020,8,30,4,30,243,14.28,14.03
2020,8,30,5,30,243,13.99,13.77
2020,8,30,6,30,243,15.49,15.38
2020,8,30,7,30,243,17.65,17.75
2020,8,30,8,30,243,19.45,19.41
2020,8,30,9,30,243,21.31,21.27
2020,8,30,10,30,243,23.56,23.53
2020,8,30,11,30,243,25.78,25.88
2020,8,30,12,30,243,27.6,27.87
2020,8,30,13,30,243,29.23,29.68
2020,8,30,14,30,243,30.6,31.24
2020,8,30,15,30,243,31.4,32.01
2020,8,30,16,30,243,31.05,31.55
2020,8,30,17,30,243,29.38,29.44
2020,8,30,18,30,243,26.85,26.57
2020,8,30,19,30,243,24.86,24.56
2020,8,30,20,30,243,23.18,23.1
2020,8,30,21,30,243,20.04,20.12
2020,8,30,22,30,243,18.49,18.3
2020,8,30,23,30,243,18,17.94
2020,8,31,0,30,244,16.89,16.75
2020,8,31,1,30,244,16.23,16.07
2020,8,31,2,30,244,15.79,15.69
2020,8,31,3,30,244,15.53,15.33
2020,8,31,4,30,244,15.02,14.88
2020,8,31,5,30,244,14.63,14.38
2020,8,31,6,30,244,17.05,16.73
2020,8,31,7,30,244,18.56,18.53
2020,8,31,8,30,244,20.04,20.21
2020,8,31,9,30,244,22.23,22.32
2020,8,31,10,30,244,24.66,24.71
2020,8,31,11,30,244,27.09,27.2
2020,8,31,12,30,244,29.47,29.63
2020,8,31,13,30,244,31.16,31.55
2020,8,31,14,30,244,31.92,32.5
2020,8,31,15,30,244,32.41,32.99
2020,8,31,16,30,244,31.69,32.02
2020,8,31,17,30,244,29.71,30.06
2020,8,31,18,30,244,26.53,26.58
2020,8,31,19,30,244,24,23.92
2020,8,31,20,30,244,21.98,21.89
2020,8,31,21,30,244,20.53,20.45
2020,8,31,22,30,244,18.84,18.64
2020,8,31,23,30,244,17.69,17.4
2020,9,1,0,30,245,16.81,16.6
2020,9,1,1,30,245,16.16,15.88
2020,9,1,2,30,245,15.54,15.32
2020,9,1,3,30,245,15.11,14.88
2020,9,1,4,30,245,14.67,14.43
2020,9,1,5,30,245,14.59,14.4
2020,9,1,6,30,245,15.21,15.03
2020,9,1,7,30,245,17.64,17.57
2020,9,1,8,30,245,19.81,20.03
2020,9,1,9,30,245,21.7,21.87
2020,9,1,10,30,245,23.45,23.48
2020,9,1,11,30,245,25.32,25.36
2020,9,1,12,30,245,27.21,27.26
2020,9,1,13,30,245,28.86,29.05
2020,9,1,14,30,245,29.89,30.42
2020,9,1,15,30,245,29.99,30.43
2020,9,1,16,30,245,29.11,29.58
2020,9,1,17,30,245,26.74,26.97
2020,9,1,18,30,245,23.55,23.54
2020,9,1,19,30,245,20.4,20.32
2020,9,1,20,30,245,18.61,18.42
2020,9,1,21,30,245,17.33,17.15
2020,9,1,22,30,245,16.65,16.37
2020,9,1,23,30,245,16.79,16.34
2020,9,2,0,30,246,15.93,15.72
2020,9,2,1,30,246,15.05,14.84
2020,9,2,2,30,246,14.56,14.33
2020,9,2,3,30,246,14.42,14.12
2020,9,2,4,30,246,14.54,14.24
2020,9,2,5,30,246,14.26,14.02
2020,9,2,6,30,246,14.52,14.43
2020,9,2,7,30,246,16.74,16.82
2020,9,2,8,30,246,18.39,18.48
2020,9,2,9,30,246,20.41,20.46
2020,9,2,10,30,246,22.24,22.28
2020,9,2,11,30,246,24.37,24.44
2020,9,2,12,30,246,25.7,25.89
2020,9,2,13,30,246,27.05,27.16
2020,9,2,14,30,246,27.69,27.96
2020,9,2,15,30,246,28.01,28.48
2020,9,2,16,30,246,27.95,28.4
2020,9,2,17,30,246,26.89,27.22
2020,9,2,18,30,246,24.14,24.06
2020,9,2,19,30,246,21.99,21.82
2020,9,2,20,30,246,19.99,19.71
2020,9,2,21,30,246,18.45,18.18
2020,9,2,22,30,246,17.08,16.79
2020,9,2,23,30,246,16.19,15.94
2020,9,3,0,30,247,15.48,15.19
2020,9,3,1,30,247,15.25,14.9
2020,9,3,2,30,247,14.67,14.52
2020,9,3,3,30,247,13.98,13.78
2020,9,3,4,30,247,13.22,13.02
2020,9,3,5,30,247,12.89,12.68
2020,9,3,6,30,247,13.97,14.07
2020,9,3,7,30,247,16.77,17.19
2020,9,3,8,30,247,18.81,18.71
2020,9,3,9,30,247,21.14,21.1
2020,9,3,10,30,247,23.81,23.81
2020,9,3,11,30,247,26.16,26.13
2020,9,3,12,30,247,28.21,28.23
2020,9,3,13,30,247,29.94,29.97
2020,9,3,14,30,247,31.06,31.19
2020,9,3,15,30,247,31.53,31.79
2020,9,3,16,30,247,31.05,31.44
2020,9,3,17,30,247,29.28,29.56
2020,9,3,18,30,247,25.73,25.65
2020,9,3,19,30,247,22.2,22.1
2020,9,3,20,30,247,20.19,19.98
2020,9,3,21,30,247,18.51,18.31
2020,9,3,22,30,247,17.32,17.08
2020,9,3,23,30,247,16.66,16.36
2020,9,4,0,30,248,16.04,15.78
2020,9,4,1,30,248,15.3,15.06
2020,9,4,2,30,248,14.97,14.77
2020,9,4,3,30,248,14.5,14.33
2020,9,4,4,30,248,15.24,14.83
2020,9,4,5,30,248,15.96,15.76
2020,9,4,6,30,248,15.95,15.73
2020,9,4,7,30,248,17.43,17.33
2020,9,4,8,30,248,19.42,19.67
2020,9,4,9,30,248,21.53,21.8
2020,9,4,10,30,248,24,24.06
2020,9,4,11,30,248,26.77,26.98
2020,9,4,12,30,248,29.25,29.39
2020,9,4,13,30,248,31.45,31.54
2020,9,4,14,30,248,32.64,32.85
2020,9,4,15,30,248,33.08,33.44
2020,9,4,16,30,248,32.75,33.13
2020,9,4,17,30,248,31.2,31.54
2020,9,4,18,30,248,28.2,28.24
2020,9,4,19,30,248,25.12,24.84
2020,9,4,20,30,248,23.33,23.01
2020,9,4,21,30,248,20.49,20.28
2020,9,4,22,30,248,20.09,19.92
2020,9,4,23,30,248,18.9,18.66
2020,9,5,0,30,249,18.75,18.42
2020,9,5,1,30,249,17.69,17.5
2020,9,5,2,30,249,17.58,17.27
2020,9,5,3,30,249,17.15,17.04
2020,9,5,4,30,249,16.46,16.1
2020,9,5,5,30,249,16.38,16.14
2020,9,5,6,30,249,17.48,17.34
2020,9,5,7,30,249,21.82,22.17
2020,9,5,8,30,249,26.08,26.02
2020,9,5,9,30,249,29.18,29.24
2020,9,5,10,30,249,31.28,31.49
2020,9,5,11,30,249,33.01,33.47
2020,9,5,12,30,249,34.14,34.57
2020,9,5,13,30,249,35.12,35.81
2020,9,5,14,30,249,35.85,36.46
2020,9,5,15,30,249,36.24,37.22
2020,9,5,16,30,249,35.92,36.41
2020,9,5,17,30,249,33.82,33.95
2020,9,5,18,30,249,29.51,29.38
2020,9,5,19,30,249,27.2,26.6
2020,9,5,20,30,249,25.64,25.26
2020,9,5,21,30,249,24.12,23.59
2020,9,5,22,30,249,23.18,22.77
2020,9,5,23,30,249,22.75,22.46
2020,9,6,0,30,250,22.52,22.29
2020,9,6,1,30,250,21.69,21.52
2020,9,6,2,30,250,21.04,20.81
2020,9,6,3,30,250,20.89,20.49
2020,9,6,4,30,250,19.13,18.9
2020,9,6,5,30,250,18.8,18.53
2020,9,6,6,30,250,18.57,18.14
2020,9,6,7,30,250,20.91,20.39
2020,9,6,8,30,250,23.91,23.85
2020,9,6,9,30,250,26.03,25.99
2020,9,6,10,30,250,29.54,29.6
2020,9,6,11,30,250,32.95,33.47
2020,9,6,12,30,250,35.29,35.96
2020,9,6,13,30,250,37.31,37.98
2020,9,6,14,30,250,39.13,39.91
2020,9,6,15,30,250,39.94,40.83
2020,9,6,16,30,250,39.41,40.35
2020,9,6,17,30,250,37.92,38.7
2020,9,6,18,30,250,32.39,32.77
2020,9,6,19,30,250,27.88,27.53
2020,9,6,20,30,250,25.4,25
2020,9,6,21,30,250,24.99,24.71
2020,9,6,22,30,250,23.81,23.57
2020,9,6,23,30,250,22.9,22.6
2020,9,7,0,30,251,23.07,22.96
2020,9,7,1,30,251,21.6,21.7
2020,9,7,2,30,251,20.85,20.62
2020,9,7,3,30,251,19.96,19.76
2020,9,7,4,30,251,19.64,19.41
2020,9,7,5,30,251,19.77,19.72
2020,9,7,6,30,251,19.91,20.24
2020,9,7,7,30,251,23.62,24.28
2020,9,7,8,30,251,26.77,27.3
2020,9,7,9,30,251,29.9,30.34
2020,9,7,10,30,251,32.01,32.07
2020,9,7,11,30,251,34.29,34.59
2020,9,7,12,30,251,36.03,36.66
2020,9,7,13,30,251,37.35,37.99
2020,9,7,14,30,251,37.67,38.32
2020,9,7,15,30,251,37.39,37.84
2020,9,7,16,30,251,37,36.77
2020,9,7,17,30,251,34.36,33.7
2020,9,7,18,30,251,30.52,29.82
2020,9,7,19,30,251,27.9,27.08
2020,9,7,20,30,251,26.09,25.71
2020,9,7,21,30,251,25.07,24.92
2020,9,7,22,30,251,23.79,23.81
2020,9,7,23,30,251,22.26,22.12
2020,9,8,0,30,252,20.7,20.56
2020,9,8,1,30,252,20.38,20.14
2020,9,8,2,30,252,19.78,19.65
2020,9,8,3,30,252,19.79,19.54
2020,9,8,4,30,252,20.18,19.92
2020,9,8,5,30,252,21.45,21.18
2020,9,8,6,30,252,21.83,21.64
2020,9,8,7,30,252,24.78,25.03
2020,9,8,8,30,252,26.44,26.98
2020,9,8,9,30,252,28.99,29.64
2020,9,8,10,30,252,30.68,31.51
2020,9,8,11,30,252,31.13,31.9
2020,9,8,12,30,252,31.93,32.74
2020,9,8,13,30,252,32.43,33.3
2020,9,8,14,30,252,31.35,32.3
2020,9,8,15,30,252,30.43,31.36
2020,9,8,16,30,252,29.77,30.59
2020,9,8,17,30,252,28.91,29.71
2020,9,8,18,30,252,25.01,25.85
2020,9,8,19,30,252,22.19,22.41
2020,9,8,20,30,252,21.02,21.34
2020,9,8,21,30,252,20.66,20.95
2020,9,8,22,30,252,19.3,19.6
2020,9,8,23,30,252,18.43,18.79
2020,9,9,0,30,253,17.4,17.83
2020,9,9,1,30,253,16.35,16.48
2020,9,9,2,30,253,16.05,16.33
2020,9,9,3,30,253,15.91,16.21
2020,9,9,4,30,253,15.9,16.19
2020,9,9,5,30,253,16.56,16.84
2020,9,9,6,30,253,17.03,17.48
2020,9,9,7,30,253,17.17,17.29
2020,9,9,8,30,253,21.17,21.5
2020,9,9,9,30,253,24.32,24.7
2020,9,9,10,30,253,25.07,25.53
2020,9,9,11,30,253,26.67,27.14
2020,9,9,12,30,253,27.79,28.37
2020,9,9,13,30,253,26.85,27.35
2020,9,9,14,30,253,25.59,25.85
2020,9,9,15,30,253,24.53,24.84
2020,9,9,16,30,253,23.92,24.43
2020,9,9,17,30,253,22.59,22.86
2020,9,9,18,30,253,20.22,20.28
2020,9,9,19,30,253,18.37,18.28
2020,9,9,20,30,253,17.02,16.99
2020,9,9,21,30,253,16.16,16.02
2020,9,9,22,30,253,15.4,15.26
2020,9,9,23,30,253,14.94,14.81
2020,9,10,0,30,254,15.53,15.32
2020,9,10,1,30,254,15.01,14.92
2020,9,10,2,30,254,14.19,14.09
2020,9,10,3,30,254,14.11,13.88
2020,9,10,4,30,254,13.68,13.6
2020,9,10,5,30,254,13.24,13.09
2020,9,10,6,30,254,13.39,13.28
2020,9,10,7,30,254,15.64,15.48
2020,9,10,8,30,254,18.18,18
2020,9,10,9,30,254,19.49,19.66
2020,9,10,10,30,254,21.57,21.95
2020,9,10,11,30,254,23.5,24.11
2020,9,10,12,30,254,24.87,25.43
2020,9,10,13,30,254,25.36,25.73
2020,9,10,14,30,254,25.81,26.25
2020,9,10,15,30,254,25.72,25.99
2020,9,10,16,30,254,24.71,24.79
2020,9,10,17,30,254,23.22,23.04
2020,9,10,18,30,254,20.64,20.52
2020,9,10,19,30,254,18.73,18.55
2020,9,10,20,30,254,17.09,16.91
2020,9,10,21,30,254,15.82,15.61
2020,9,10,22,30,254,15.19,14.97
2020,9,10,23,30,254,14.49,14.3
2020,9,11,0,30,255,14.44,14.18
2020,9,11,1,30,255,13.85,13.75
2020,9,11,2,30,255,13.28,13.13
2020,9,11,3,30,255,12.79,12.65
2020,9,11,4,30,255,12.43,12.28
2020,9,11,5,30,255,12.04,11.88
2020,9,11,6,30,255,12.53,12.31
2020,9,11,7,30,255,14.8,14.63
2020,9,11,8,30,255,17.75,17.71
2020,9,11,9,30,255,20.18,20.43
2020,9,11,10,30,255,22.68,23.01
2020,9,11,11,30,255,24.63,25.12
2020,9,11,12,30,255,26.32,27.01
2020,9,11,13,30,255,27.72,28.4
2020,9,11,14,30,255,28.63,29.56
2020,9,11,15,30,255,29.25,30.22
2020,9,11,16,30,255,28.83,29.47
2020,9,11,17,30,255,26.62,26.88
2020,9,11,18,30,255,23.3,23.22
2020,9,11,19,30,255,20.06,20.07
2020,9,11,20,30,255,17.85,17.68
2020,9,11,21,30,255,17,16.81
2020,9,11,22,30,255,16.5,16.25
2020,9,11,23,30,255,15.78,15.68
2020,9,12,0,30,256,15.12,15.05
2020,9,12,1,30,256,14.33,14.24
2020,9,12,2,30,256,14.18,14.05
2020,9,12,3,30,256,13.29,13.25
2020,9,12,4,30,256,12.81,12.73
2020,9,12,5,30,256,12.63,12.59
2020,9,12,6,30,256,13.12,12.97
2020,9,12,7,30,256,15.41,15.28
2020,9,12,8,30,256,18.81,19.31
2020,9,12,9,30,256,21.19,21.78
2020,9,12,10,30,256,22.96,23.38
2020,9,12,11,30,256,24.56,25.05
2020,9,12,12,30,256,25.65,26.07
2020,9,12,13,30,256,26.63,27.07
2020,9,12,14,30,256,27.5,28.32
2020,9,12,15,30,256,28.26,29.04
2020,9,12,16,30,256,27.69,28.07
2020,9,12,17,30,256,25.76,25.58
2020,9,12,18,30,256,21.96,21.87
2020,9,12,19,30,256,19.35,18.98
2020,9,12,20,30,256,18.66,18.4
2020,9,12,21,30,256,17.3,17.22
2020,9,12,22,30,256,16.19,15.93
2020,9,12,23,30,256,15.82,15.6
2020,9,13,0,30,257,15.85,15.67
2020,9,13,1,30,257,16.24,16.07
2020,9,13,2,30,257,15.93,15.89
2020,9,13,3,30,257,14.46,14.49
2020,9,13,4,30,257,13.09,12.99
2020,9,13,5,30,257,12.72,12.58
2020,9,13,6,30,257,12.93,12.78
2020,9,13,7,30,257,15.3,15.19
2020,9,13,8,30,257,19.14,19.29
2020,9,13,9,30,257,21.78,22.1
2020,9,13,10,30,257,22.75,22.95
2020,9,13,11,30,257,24.08,24.46
2020,9,13,12,30,257,26.73,27.48
2020,9,13,13,30,257,28.52,29.13
2020,9,13,14,30,257,29.49,30.31
2020,9,13,15,30,257,29.98,30.89
2020,9,13,16,30,257,29.07,29.57
2020,9,13,17,30,257,26.37,26.52
2020,9,13,18,30,257,23.58,23.46
2020,9,13,19,30,257,20.33,20.29
2020,9,13,20,30,257,18.39,18.15
2020,9,13,21,30,257,17.23,16.97
2020,9,13,22,30,257,16.18,16.02
2020,9,13,23,30,257,14.6,14.4
2020,9,14,0,30,258,14.09,13.87
2020,9,14,1,30,258,13.63,13.5
2020,9,14,2,30,258,12.79,12.62
2020,9,14,3,30,258,12.05,11.93
2020,9,14,4,30,258,11.31,11.29
2020,9,14,5,30,258,10.91,10.82
2020,9,14,6,30,258,11.49,11.5
2020,9,14,7,30,258,14.8,15.3
2020,9,14,8,30,258,17.91,18.07
2020,9,14,9,30,258,19.99,20.47
2020,9,14,10,30,258,22.44,22.89
2020,9,14,11,30,258,24.47,25.03
2020,9,14,12,30,258,26.44,27
2020,9,14,13,30,258,27.79,28.46
2020,9,14,14,30,258,28.81,29.54
2020,9,14,15,30,258,29.27,29.85
2020,9,14,16,30,258,28.74,29.12
2020,9,14,17,30,258,26.65,26.74
2020,9,14,18,30,258,23.35,23.48
2020,9,14,19,30,258,21.65,21.44
2020,9,14,20,30,258,19.82,19.76
2020,9,14,21,30,258,17.48,17.45
2020,9,14,22,30,258,15.92,15.79
2020,9,14,23,30,258,14.83,14.68
2020,9,15,0,30,259,15.2,14.99
2020,9,15,1,30,259,13.8,13.72
2020,9,15,2,30,259,13.59,13.39
2020,9,15,3,30,259,12.39,12.38
2020,9,15,4,30,259,11.66,11.66
2020,9,15,5,30,259,11.99,11.78
2020,9,15,6,30,259,13.08,12.98
2020,9,15,7,30,259,16.39,16.04
2020,9,15,8,30,259,18.48,18.7
2020,9,15,9,30,259,20.14,20.16
2020,9,15,10,30,259,22.55,22.67
2020,9,15,11,30,259,25.11,25.31
2020,9,15,12,30,259,27.63,28.05
2020,9,15,13,30,259,29.13,29.86
2020,9,15,14,30,259,30.08,30.88
2020,9,15,15,30,259,30.2,30.95
2020,9,15,16,30,259,29.54,30.31
2020,9,15,17,30,259,27.52,27.88
2020,9,15,18,30,259,23.46,23.73
2020,9,15,19,30,259,19.47,19.46
2020,9,15,20,30,259,19.45,18.97
2020,9,15,21,30,259,17.44,17.5
2020,9,15,22,30,259,16.79,16.61
2020,9,15,23,30,259,15.75,15.7
2020,9,16,0,30,260,14.84,14.62
2020,9,16,1,30,260,13.94,13.87
2020,9,16,2,30,260,13.2,13.05
2020,9,16,3,30,260,12.35,12.17
2020,9,16,4,30,260,11.45,11.38
2020,9,16,5,30,260,11.43,11.31
2020,9,16,6,30,260,12.15,11.99
2020,9,16,7,30,260,15.1,14.85
2020,9,16,8,30,260,19.2,19.22
2020,9,16,9,30,260,21.79,21.62
2020,9,16,10,30,260,23.88,23.88
2020,9,16,11,30,260,26.08,26.17
2020,9,16,12,30,260,28.05,28.37
2020,9,16,13,30,260,29.29,30.05
2020,9,16,14,30,260,30.32,31.33
2020,9,16,15,30,260,30.84,31.73
2020,9,16,16,30,260,30.19,31.07
2020,9,16,17,30,260,27.66,28.08
2020,9,16,18,30,260,24.24,24.5
2020,9,16,19,30,260,21.86,21.72
2020,9,16,20,30,260,18.6,18.7
2020,9,16,21,30,260,17.96,17.72
2020,9,16,22,30,260,16.31,16.08
2020,9,16,23,30,260,15.5,15.28
2020,9,17,0,30,261,14.26,14.04
2020,9,17,1,30,261,14.21,13.99
2020,9,17,2,30,261,13.49,13.36
2020,9,17,3,30,261,12.89,12.88
2020,9,17,4,30,261,12.01,11.91
2020,9,17,5,30,261,12.52,12.39
2020,9,17,6,30,261,13.23,13.09
2020,9,17,7,30,261,16.19,16.32
2020,9,17,8,30,261,20.16,20.61
2020,9,17,9,30,261,22.2,22.35
2020,9,17,10,30,261,24.28,24.1
2020,9,17,11,30,261,26.24,26.19
2020,9,17,12,30,261,28.36,28.4
2020,9,17,13,30,261,29.67,30.08
2020,9,17,14,30,261,30.49,31.04
2020,9,17,15,30,261,30.74,31.33
2020,9,17,16,30,261,30.3,30.97
2020,9,17,17,30,261,28.23,28.64
2020,9,17,18,30,261,24.84,24.89
2020,9,17,19,30,261,23.15,23.19
2020,9,17,20,30,261,20.82,20.92
2020,9,17,21,30,261,18.84,18.76
2020,9,17,22,30,261,18.06,17.89
2020,9,17,23,30,261,17.29,17.04
2020,9,18,0,30,262,17.93,17.54
2020,9,18,1,30,262,17.15,16.79
2020,9,18,2,30,262,16.28,15.92
2020,9,18,3,30,262,17.28,16.67
2020,9,18,4,30,262,17.51,16.99
2020,9,18,5,30,262,17.63,17.09
2020,9,18,6,30,262,17.72,17.21
2020,9,18,7,30,262,18.65,18.08
2020,9,18,8,30,262,19.26,18.88
2020,9,18,9,30,262,20.49,20.28
2020,9,18,10,30,262,21.89,21.95
2020,9,18,11,30,262,23.59,23.68
2020,9,18,12,30,262,24.6,24.83
2020,9,18,13,30,262,25.64,26.09
2020,9,18,14,30,262,26.13,26.89
2020,9,18,15,30,262,26.53,27.25
2020,9,18,16,30,262,26.11,26.7
2020,9,18,17,30,262,24.55,24.86
2020,9,18,18,30,262,22.28,22.18
2020,9,18,19,30,262,20.94,20.7
2020,9,18,20,30,262,19.14,18.86
2020,9,18,21,30,262,18.09,17.75
2020,9,18,22,30,262,16.32,16.01
2020,9,18,23,30,262,15.77,15.4
2020,9,19,0,30,263,15.42,15.07
2020,9,19,1,30,263,14.11,13.9
2020,9,19,2,30,263,13.22,13
2020,9,19,3,30,263,12.71,12.48
2020,9,19,4,30,263,12.16,12.02
2020,9,19,5,30,263,12,11.8
2020,9,19,6,30,263,12.76,12.59
2020,9,19,7,30,263,16.7,16.72
2020,9,19,8,30,263,18.77,18.58
2020,9,19,9,30,263,20.63,20.45
2020,9,19,10,30,263,22.93,22.68
2020,9,19,11,30,263,25.12,24.91
2020,9,19,12,30,263,26.6,26.64
2020,9,19,13,30,263,27.51,27.77
2020,9,19,14,30,263,28.06,28.53
2020,9,19,15,30,263,28.45,28.97
2020,9,19,16,30,263,28.33,28.8
2020,9,19,17,30,263,26.77,27.23
2020,9,19,18,30,263,23.08,23.22
2020,9,19,19,30,263,20.58,20.6
2020,9,19,20,30,263,18.53,18.52
2020,9,19,21,30,263,16.04,16.01
2020,9,19,22,30,263,15.95,15.67
2020,9,19,23,30,263,15.48,15.28
2020,9,20,0,30,264,15.36,15.22
2020,9,20,1,30,264,15.19,15.04
2020,9,20,2,30,264,14.48,14.42
2020,9,20,3,30,264,14.02,13.98
2020,9,20,4,30,264,12.94,12.9
2020,9,20,5,30,264,13.26,13.26
2020,9,20,6,30,264,13.37,13.24
2020,9,20,7,30,264,17.74,18.25
2020,9,20,8,30,264,21.28,21.61
2020,9,20,9,30,264,24.08,24.31
2020,9,20,10,30,264,26.11,26.32
2020,9,20,11,30,264,27.56,28.02
2020,9,20,12,30,264,28.41,29.13
2020,9,20,13,30,264,28.76,29.55
2020,9,20,14,30,264,29.49,30.5
2020,9,20,15,30,264,30.02,30.97
2020,9,20,16,30,264,29.71,30.67
2020,9,20,17,30,264,27.92,28.63
2020,9,20,18,30,264,22.34,22.5
2020,9,20,19,30,264,19.57,19.49
2020,9,20,20,30,264,18.08,17.95
2020,9,20,21,30,264,17.42,17.36
2020,9,20,22,30,264,16.95,16.97
2020,9,20,23,30,264,16.39,16.36
2020,9,21,0,30,265,16.02,15.98
2020,9,21,1,30,265,15.36,15.27
2020,9,21,2,30,265,15.34,15.23
2020,9,21,3,30,265,15.86,15.76
2020,9,21,4,30,265,15.28,15.34
2020,9,21,5,30,265,13.61,13.6
2020,9,21,6,30,265,14.77,14.61
2020,9,21,7,30,265,19.04,19.45
2020,9,21,8,30,265,22.13,23.01
2020,9,21,9,30,265,25.03,25.8
2020,9,21,10,30,265,27.47,28.05
2020,9,21,11,30,265,28.71,29.32
2020,9,21,12,30,265,30.11,30.79
2020,9,21,13,30,265,30.93,31.92
2020,9,21,14,30,265,31.47,32.4
2020,9,21,15,30,265,31.43,32.32
2020,9,21,16,30,265,30.52,31.32
2020,9,21,17,30,265,28.4,28.99
2020,9,21,18,30,265,24.26,24.39
2020,9,21,19,30,265,22.29,22.27
2020,9,21,20,30,265,19.76,19.7
2020,9,21,21,30,265,17.91,17.82
2020,9,21,22,30,265,16.66,16.62
2020,9,21,23,30,265,15.37,15.25
2020,9,22,0,30,266,15.27,15.28
2020,9,22,1,30,266,15.24,15.12
2020,9,22,2,30,266,14.48,14.32
2020,9,22,3,30,266,14.5,14.41
2020,9,22,4,30,266,13.62,13.55
2020,9,22,5,30,266,13.03,12.92
2020,9,22,6,30,266,14.24,14.12
2020,9,22,7,30,266,18.41,18.88
2020,9,22,8,30,266,21.24,21.39
2020,9,22,9,30,266,23.45,23.79
2020,9,22,10,30,266,25.36,25.61
2020,9,22,11,30,266,26.53,26.88
2020,9,22,12,30,266,27.95,28.46
2020,9,22,13,30,266,28.97,29.79
2020,9,22,14,30,266,29.61,30.66
2020,9,22,15,30,266,29.4,30.8
2020,9,22,16,30,266,28.69,30
2020,9,22,17,30,266,26.38,27.35
2020,9,22,18,30,266,22.32,22.82
2020,9,22,19,30,266,21.56,21.94
2020,9,22,20,30,266,18.31,18.8
2020,9,22,21,30,266,16.18,16.33
2020,9,22,22,30,266,15.25,15.41
2020,9,22,23,30,266,14.02,14.1